order_id,customer_id,product_id,category,price,discount,quantity,payment_method,order_date,delivery_time_days,region,returned,total_amount,shipping_cost,profit_margin,customer_age,customer_gender
O100000,C17270,P234890,Home,164.08,0.15,1,Credit Card,2023-12-23,4,West,No,139.47,7.88,31.17,60,Female
O100001,C17603,P228204,Grocery,24.73,0.0,1,Credit Card,2025-04-03,6,South,No,24.73,4.6,-2.62,37,Male
O100002,C10860,P213892,Electronics,175.58,0.05,1,Credit Card,2024-10-08,4,North,No,166.8,6.58,13.44,34,Male
O100003,C15390,P208689,Electronics,63.67,0.0,1,UPI,2024-09-14,6,South,No,63.67,5.5,2.14,21,Female
O100004,C15226,P228063,Home,16.33,0.15,1,COD,2024-12-21,6,East,No,13.88,2.74,1.15,39,Male
O100005,C15191,P214062,Beauty,53.91,0.1,2,Credit Card,2024-04-14,5,South,No,97.04,6.32,37.35,35,Female
O100006,C13772,P201363,Electronics,266.5,0.0,1,PayPal,2025-05-20,5,East,No,266.5,9.1,22.88,49,Male
O100007,C13092,P216691,Beauty,9.98,0.0,1,Credit Card,2023-09-14,4,West,No,9.98,4.51,-0.02,66,Other
O100008,C15734,P202751,Fashion,6.61,0.05,1,Debit Card,2023-10-23,6,West,No,6.28,3.43,-1.23,37,Female
O100009,C16265,P207782,Grocery,10.91,0.0,1,Credit Card,2023-10-31,6,South,No,10.91,2.76,-1.89,56,Male
O100010,C10466,P217648,Beauty,6.61,0.1,1,Debit Card,2024-02-07,5,South,No,5.95,2.16,0.52,40,Female
O100011,C15334,P212540,Beauty,16.22,0.0,1,PayPal,2024-07-08,5,South,No,16.22,3.72,3.58,21,Other
O100012,C14426,P245991,Grocery,10.56,0.1,1,Credit Card,2024-10-13,4,West,No,9.5,4.99,-4.23,22,Female
O100013,C15578,P205339,Toys,7.12,0.0,1,Debit Card,2023-11-01,5,North,No,7.12,3.35,-0.5,56,Female
O100014,C16231,P227020,Home,39.19,0.0,2,Credit Card,2025-02-24,3,North,No,78.38,7.91,14.04,63,Male
O100015,C13444,P227609,Home,12.63,0.2,4,Credit Card,2024-05-03,3,North,No,40.42,6.19,5.13,36,Male
O100016,C13171,P205848,Sports,96.61,0.05,1,PayPal,2024-08-25,4,West,No,91.78,3.6,23.93,47,Male
O100017,C12919,P216877,Fashion,16.0,0.0,3,PayPal,2024-09-12,5,South,No,48.0,4.48,12.32,37,Male
O100018,C17831,P218405,Electronics,310.35749999999996,0.0,2,Wallet,2025-06-20,4,South,No,392.75,10.9,83.88,58,Female
O100019,C10130,P248629,Fashion,50.52,0.0,1,Credit Card,2024-10-10,3,North,Yes,50.52,6.2,11.48,56,Male
O100020,C11685,P246233,Toys,17.99,0.0,2,PayPal,2024-05-10,4,West,No,35.98,5.56,8.83,64,Female
O100021,C17476,P221471,Fashion,39.54,0.0,1,COD,2024-11-14,6,North,No,39.54,5.3,8.54,49,Other
O100022,C10769,P203302,Electronics,128.8,0.0,1,Debit Card,2024-12-14,4,North,No,128.8,7.77,7.69,41,Female
O100023,C12391,P214437,Fashion,176.45,0.0,1,Debit Card,2025-05-16,7,South,No,176.45,6.67,55.09,34,Male
O100024,C15611,P247930,Sports,310.35749999999996,0.15,2,Debit Card,2024-04-16,5,Central,No,392.75,9.48,83.88,32,Female
O100025,C17581,P214512,Beauty,12.49,0.0,3,UPI,2024-08-31,7,East,No,37.47,5.46,11.4,49,Female
O100026,C16949,P232436,Sports,157.21,0.15,1,Debit Card,2025-08-26,5,South,No,133.63,6.75,33.34,20,Female
O100027,C12433,P223511,Fashion,11.24,0.0,2,Debit Card,2025-08-19,4,West,No,22.48,6.09,1.78,60,Female
O100028,C15311,P205022,Grocery,20.97,0.0,2,PayPal,2024-05-27,6,South,No,41.94,4.61,-1.25,61,Female
O100029,C15051,P243239,Home,54.42,0.0,2,UPI,2023-10-11,6,East,No,108.84,8.05,22.43,36,Female
O100030,C16420,P206155,Home,54.93,0.15,1,Credit Card,2023-11-12,6,South,No,46.69,5.74,7.33,44,Male
O100031,C11184,P231480,Grocery,10.32,0.15,1,Debit Card,2024-04-08,7,East,No,8.77,1.24,-0.54,32,Male
O100032,C14555,P238022,Grocery,7.56,0.0,1,Credit Card,2023-12-30,5,North,No,7.56,2.06,-1.46,61,Female
O100033,C13385,P225332,Sports,22.33,0.05,1,Credit Card,2024-08-06,4,South,No,21.21,4.26,2.1,26,Male
O100034,C14117,P204354,Grocery,12.84,0.0,2,Debit Card,2024-08-08,3,North,No,25.68,6.32,-4.27,21,Female
O100035,C16396,P231847,Beauty,8.89,0.0,2,Credit Card,2024-04-04,4,South,No,17.78,4.78,3.22,19,Female
O100036,C14843,P235284,Fashion,33.9,0.0,2,Debit Card,2025-05-27,5,South,No,67.8,4.98,18.75,28,Female
O100037,C12904,P248640,Fashion,17.92,0.0,1,Credit Card,2024-07-10,5,West,No,17.92,5.86,0.41,28,Male
O100038,C17728,P210156,Beauty,50.75,0.0,2,Credit Card,2025-02-13,7,West,No,101.5,6.46,39.22,46,Female
O100039,C10474,P222453,Beauty,13.11,0.15,1,Credit Card,2024-08-17,6,West,No,11.14,4.4,0.61,51,Female
O100040,C11082,P232689,Home,297.65,0.1,1,UPI,2023-12-09,4,South,No,267.88,7.49,67.52,20,Female
O100041,C12558,P223758,Grocery,6.2,0.0,1,COD,2024-03-31,4,West,No,6.2,2.5,-2.0,35,Male
O100042,C17849,P208838,Home,36.05,0.0,2,COD,2025-02-03,4,North,No,72.1,7.24,12.95,36,Female
O100043,C12047,P245502,Fashion,47.26,0.15,1,UPI,2023-10-31,5,South,No,40.17,4.94,9.12,48,Male
O100044,C17643,P243790,Electronics,310.35749999999996,0.0,1,Debit Card,2024-09-27,8,Central,No,313.25,8.96,28.63,53,Male
O100045,C12747,P237976,Grocery,13.7,0.1,3,COD,2025-04-11,4,West,No,36.99,4.09,-1.13,62,Male
O100046,C10975,P249346,Toys,9.07,0.0,3,Debit Card,2024-01-11,5,South,No,27.21,6.05,4.83,30,Female
O100047,C11806,P213725,Beauty,12.45,0.0,2,Credit Card,2025-05-03,5,West,No,24.9,5.18,6.02,58,Male
O100048,C10189,P209337,Toys,7.33,0.0,1,Credit Card,2025-03-19,5,North,No,7.33,3.86,-0.93,55,Female
O100049,C17101,P210701,Toys,53.85,0.05,1,Credit Card,2025-03-12,5,South,No,51.16,5.96,14.5,35,Female
O100050,C12734,P229811,Grocery,16.12,0.0,1,COD,2025-07-14,8,East,No,16.12,4.76,-3.47,66,Female
O100051,C13005,P243043,Home,195.87,0.0,4,Credit Card,2024-12-31,5,West,No,392.75,10.37,83.88,43,Female
O100052,C14658,P238978,Beauty,8.29,0.0,1,PayPal,2024-09-16,4,North,No,8.29,2.98,0.75,67,Male
O100053,C11899,P229316,Electronics,310.35749999999996,0.0,2,PayPal,2024-01-24,5,South,No,392.75,9.93,83.88,40,Female
O100054,C17734,P211544,Grocery,19.94,0.05,1,Debit Card,2023-12-29,6,East,No,18.94,4.96,-3.44,55,Female
O100055,C11267,P221514,Grocery,6.52,0.0,2,Debit Card,2023-11-23,5,South,No,13.04,4.73,-3.69,60,Male
O100056,C16975,P216327,Toys,5.38,0.1,1,COD,2023-12-18,3,Central,No,4.84,3.91,-1.97,57,Female
O100057,C11528,P246809,Home,167.21,0.0,4,Wallet,2023-12-06,3,North,No,392.75,8.88,83.88,37,Female
O100058,C13202,P216705,Home,134.37,0.15,1,Wallet,2024-10-30,3,Central,No,114.21,6.65,25.33,53,Male
O100059,C13556,P210479,Home,122.85,0.0,3,COD,2024-08-16,4,North,No,368.55,7.27,83.88,69,Female
O100060,C13890,P211323,Fashion,14.91,0.0,1,UPI,2024-12-01,5,West,No,14.91,4.93,0.29,69,Male
O100061,C10646,P212937,Beauty,10.46,0.0,1,Credit Card,2023-11-13,4,North,No,10.46,3.14,1.57,25,Other
O100062,C16164,P223089,Electronics,310.35749999999996,0.0,1,Debit Card,2024-06-26,6,West,No,368.67,9.91,34.33,36,Male
O100063,C12888,P201702,Grocery,13.52,0.1,1,Debit Card,2025-06-24,5,West,No,12.17,2.07,-1.1,22,Female
O100064,C16310,P210404,Home,116.53,0.05,1,Credit Card,2024-01-22,4,West,No,110.7,6.97,24.03,59,Male
O100065,C15393,P233598,Grocery,20.24,0.0,1,COD,2025-06-23,5,North,No,20.24,4.74,-3.12,65,Male
O100066,C12435,P208380,Sports,175.75,0.15,1,Debit Card,2025-09-03,5,West,No,149.39,6.15,38.67,58,Female
O100067,C10600,P221990,Fashion,20.91,0.0,1,UPI,2024-02-14,4,North,Yes,20.91,4.04,3.28,50,Male
O100068,C12363,P232859,Fashion,13.43,0.0,4,PayPal,2023-12-15,4,South,No,53.72,6.26,12.54,30,Male
O100069,C12061,P203877,Grocery,3.96,0.2,1,PayPal,2023-11-22,5,East,No,3.17,3.06,-2.81,44,Female
O100070,C10241,P242871,Toys,8.5,0.0,2,Debit Card,2024-05-30,8,South,No,17.0,3.51,3.29,25,Female
O100071,C12041,P218720,Fashion,150.12,0.0,3,Debit Card,2024-10-18,4,West,No,392.75,8.26,83.88,28,Female
O100072,C12824,P207676,Electronics,97.95,0.1,1,Debit Card,2024-09-21,6,East,No,88.16,6.72,3.86,53,Male
O100073,C17513,P231818,Sports,217.48,0.0,1,Credit Card,2025-02-24,6,South,No,217.48,7.67,57.57,24,Male
O100074,C12612,P234348,Fashion,16.18,0.0,2,Credit Card,2024-12-06,4,South,No,32.36,4.73,6.6,69,Male
O100075,C17041,P248555,Fashion,26.06,0.05,3,COD,2023-12-21,5,West,No,74.27,6.24,19.75,46,Other
O100076,C11363,P242368,Sports,23.23,0.3,2,Credit Card,2025-02-13,4,Central,No,32.52,5.1,4.66,31,Male
O100077,C16235,P248180,Sports,20.73,0.0,2,COD,2024-05-14,5,West,No,41.46,4.31,8.13,20,Female
O100078,C15486,P224130,Home,23.16,0.0,1,UPI,2023-12-20,3,Central,No,23.16,4.81,1.67,45,Male
O100079,C17099,P233241,Grocery,6.53,0.0,4,Credit Card,2024-06-28,3,North,No,26.12,6.21,-4.12,68,Male
O100080,C11478,P244392,Sports,82.93,0.05,1,Wallet,2024-03-13,4,West,No,78.78,8.3,15.33,59,Female
O100081,C17595,P249421,Grocery,3.95,0.0,1,Wallet,2025-01-23,4,West,No,3.95,2.63,-2.31,38,Female
O100082,C12556,P226620,Fashion,137.66,0.0,1,UPI,2025-04-20,4,South,No,137.66,7.01,41.17,50,Female
O100083,C10775,P217077,Fashion,48.41,0.1,4,Credit Card,2023-09-23,6,West,No,174.28,8.27,52.73,29,Female
O100084,C14014,P212663,Electronics,310.35749999999996,0.05,1,Debit Card,2024-06-08,4,South,No,392.75,10.44,75.41,28,Male
O100085,C10034,P217799,Fashion,12.92,0.0,3,Wallet,2025-08-04,4,South,No,38.76,6.83,6.74,20,Female
O100086,C16349,P247285,Grocery,3.04,0.0,1,Debit Card,2024-06-12,4,South,No,3.04,1.93,-1.69,59,Female
O100087,C13152,P217619,Grocery,25.7,0.1,4,Credit Card,2024-06-18,3,North,No,92.52,9.09,-1.69,32,Male
O100088,C11955,P203967,Toys,18.51,0.05,1,PayPal,2023-12-20,5,South,No,17.58,3.71,3.32,62,Female
O100089,C11585,P227488,Beauty,71.36,0.15,1,Debit Card,2024-07-05,7,South,No,60.66,5.34,21.96,34,Male
O100090,C13943,P213211,Toys,5.12,0.0,1,UPI,2025-02-09,6,West,No,5.12,1.8,0.25,59,Female
O100091,C17555,P221169,Beauty,3.65,0.0,1,UPI,2024-07-08,4,South,No,3.65,1.97,-0.33,54,Female
O100092,C13073,P230373,Electronics,310.35749999999996,0.0,3,COD,2024-08-10,4,West,No,392.75,12.41,83.88,61,Female
O100093,C11021,P232669,Home,168.01,0.05,2,Debit Card,2024-01-20,6,East,No,319.22,7.51,81.87,57,Male
O100094,C13461,P206634,Beauty,43.33,0.0,3,Debit Card,2025-07-02,4,Central,No,129.99,6.28,52.22,53,Female
O100095,C12613,P200840,Fashion,22.26,0.0,1,Wallet,2025-02-22,7,East,No,22.26,3.96,3.83,27,Male
O100096,C15225,P234229,Fashion,5.15,0.05,1,Credit Card,2023-09-12,5,East,No,4.89,3.77,-2.06,36,Male
O100097,C13843,P221318,Fashion,37.42,0.1,5,COD,2024-09-26,3,Central,No,168.39,8.25,50.69,29,Male
O100098,C17989,P215405,Beauty,115.85,0.15,1,Debit Card,2025-05-02,5,West,No,98.47,6.58,37.73,40,Female
O100099,C11500,P247771,Electronics,310.35749999999996,0.0,1,COD,2025-05-08,4,South,No,392.75,8.88,83.88,32,Female
O100100,C14798,P236240,Sports,17.35,0.1,1,Debit Card,2025-02-25,5,West,Yes,15.62,4.69,-0.0,41,Male
O100101,C16545,P215847,Home,37.39,0.2,1,Credit Card,2025-02-04,5,North,No,29.91,3.68,4.69,49,Male
O100102,C16873,P223547,Fashion,23.33,0.0,5,Credit Card,2025-05-02,5,Central,No,116.65,7.12,33.71,38,Male
O100103,C15675,P206575,Toys,36.89,0.15,1,Credit Card,2024-11-29,6,East,No,31.36,3.99,8.55,47,Female
O100104,C10161,P230123,Home,239.28,0.2,1,Credit Card,2024-11-14,4,South,No,191.42,8.6,45.0,69,Male
O100105,C14297,P204843,Home,36.94,0.0,1,COD,2023-10-23,7,South,No,36.94,5.01,5.33,49,Male
O100106,C11981,P227451,Toys,16.98,0.0,2,Credit Card,2024-11-21,4,North,No,33.96,4.16,9.42,19,Male
O100107,C10995,P207739,Home,101.74,0.0,2,Wallet,2024-06-08,6,East,No,203.48,7.89,49.08,54,Female
O100108,C16413,P214852,Toys,12.52,0.2,1,Credit Card,2024-07-11,3,North,No,10.02,2.22,1.79,51,Male
O100109,C14911,P249092,Home,111.08,0.0,1,Debit Card,2024-08-06,5,North,No,111.08,7.66,23.44,39,Male
O100110,C13342,P209157,Fashion,22.03,0.05,3,COD,2023-12-23,8,East,No,62.79,5.86,16.12,50,Female
O100111,C14551,P222406,Beauty,21.58,0.05,3,UPI,2023-12-04,3,North,No,61.5,5.64,22.04,60,Male
O100112,C17629,P247284,Fashion,61.89,0.05,1,COD,2025-01-21,4,South,No,58.8,7.65,12.93,28,Male
O100113,C13798,P245200,Electronics,70.98,0.0,2,UPI,2025-08-08,4,West,No,141.96,6.85,10.19,46,Female
O100114,C11275,P207432,Electronics,310.35749999999996,0.0,1,Credit Card,2024-10-29,4,South,No,392.75,7.91,83.88,69,Female
O100115,C11016,P218837,Fashion,13.88,0.0,1,Debit Card,2025-05-07,4,South,No,13.88,5.31,-0.45,63,Male
O100116,C17869,P215148,Sports,53.93,0.0,1,Debit Card,2025-06-03,5,North,No,53.93,5.21,10.97,57,Female
O100117,C16439,P211194,Toys,14.51,0.0,1,Credit Card,2025-08-04,5,East,No,14.51,4.15,1.65,48,Male
O100118,C17892,P232591,Toys,2.82,0.2,3,Credit Card,2025-05-06,5,West,No,6.77,3.43,-0.72,24,Other
O100119,C16863,P214819,Fashion,44.08,0.05,4,Wallet,2023-11-12,8,Central,No,167.5,7.43,51.19,36,Female
O100120,C17916,P206625,Sports,210.6,0.1,1,Credit Card,2023-09-15,4,South,No,189.54,9.21,47.65,66,Female
O100121,C10337,P207404,Fashion,118.71,0.0,1,COD,2025-02-04,3,North,No,118.71,6.57,34.98,61,Female
O100122,C10878,P214674,Beauty,12.67,0.0,2,PayPal,2025-01-20,6,South,No,25.34,3.95,7.45,42,Male
O100123,C11076,P210507,Grocery,11.77,0.2,1,COD,2025-04-06,7,East,No,9.42,1.0,-0.25,48,Female
O100124,C14887,P220387,Electronics,310.35749999999996,0.15,1,PayPal,2024-02-16,4,Central,Yes,392.75,9.4,45.41,28,Female
O100125,C13993,P218697,Grocery,4.84,0.0,1,COD,2023-11-18,6,South,No,4.84,1.46,-1.07,33,Female
O100126,C16360,P237391,Toys,16.78,0.0,2,Credit Card,2024-10-02,4,South,Yes,33.56,5.18,8.24,34,Female
O100127,C14859,P219547,Toys,10.98,0.0,1,Debit Card,2025-01-30,5,South,No,10.98,1.74,2.65,23,Female
O100128,C16331,P223570,Sports,56.72,0.0,2,COD,2024-02-26,6,East,No,113.44,8.53,25.5,38,Male
O100129,C10379,P239783,Toys,3.94,0.05,1,Credit Card,2025-06-09,5,Central,No,3.74,1.52,-0.02,62,Male
O100130,C10492,P228037,Grocery,7.88,0.2,1,Credit Card,2025-02-12,7,South,No,6.3,2.16,-1.66,27,Female
O100131,C17208,P230083,Toys,5.45,0.0,3,Wallet,2025-09-02,4,South,No,16.35,4.57,1.97,25,Female
O100132,C15276,P248029,Fashion,22.63,0.1,1,Credit Card,2024-06-06,7,East,No,20.37,3.95,3.18,65,Male
O100133,C12062,P240550,Beauty,12.82,0.0,1,Credit Card,2024-04-16,4,Central,No,12.82,3.74,2.03,18,Male
O100134,C13884,P237982,Fashion,32.69,0.15,1,UPI,2024-07-16,6,South,No,27.79,7.19,2.54,21,Male
O100135,C10064,P239706,Grocery,33.76,0.0,2,UPI,2024-07-26,6,South,No,67.52,5.44,-0.04,41,Female
O100136,C12568,P202988,Grocery,14.13,0.0,2,COD,2025-05-13,5,Central,No,28.26,5.99,-3.73,58,Female
O100137,C15463,P205156,Beauty,92.86,0.0,1,Credit Card,2025-04-03,5,South,No,92.86,7.23,34.56,51,Female
O100138,C15248,P238280,Toys,19.57,0.05,1,PayPal,2024-08-06,6,South,No,18.59,5.17,2.27,40,Male
O100139,C12027,P209788,Grocery,22.56,0.05,1,Debit Card,2023-11-21,3,North,No,21.43,5.71,-4.0,43,Female
O100140,C12695,P214185,Fashion,93.34,0.05,2,UPI,2024-03-05,5,Central,No,177.35,6.54,55.53,46,Female
O100141,C11495,P218734,Beauty,35.91,0.1,1,Debit Card,2023-12-19,5,North,No,32.32,5.16,9.38,49,Female
O100142,C17230,P209971,Home,155.94,0.0,1,PayPal,2023-09-27,4,Central,No,155.94,7.4,36.26,43,Female
O100143,C15258,P243408,Toys,12.64,0.1,2,PayPal,2025-02-13,7,North,No,22.75,4.33,4.77,52,Female
O100144,C15618,P206487,Home,120.29,0.0,1,COD,2024-02-24,5,West,No,120.29,7.36,26.32,31,Male
O100145,C16736,P220997,Sports,31.17,0.1,1,COD,2024-06-06,4,West,No,28.05,6.92,1.49,38,Female
O100146,C10391,P246456,Home,136.79,0.1,1,Credit Card,2023-12-11,4,West,No,123.11,6.32,28.15,37,Female
O100147,C15794,P212452,Electronics,284.7,0.0,1,Wallet,2024-10-16,6,North,No,284.7,9.1,25.06,50,Female
O100148,C14514,P215372,Electronics,310.35749999999996,0.0,2,Debit Card,2025-02-20,4,West,No,392.75,9.05,83.88,36,Female
O100149,C16432,P244767,Electronics,310.35749999999996,0.0,4,UPI,2023-12-19,6,East,No,392.75,11.85,83.88,19,Female
O100150,C14474,P213434,Electronics,96.31,0.0,4,UPI,2024-12-04,7,East,No,385.24,9.61,36.62,38,Female
O100151,C15892,P212416,Beauty,31.77,0.0,5,COD,2025-07-11,5,South,No,158.85,7.94,63.54,19,Female
O100152,C13561,P219248,Sports,304.67,0.0,2,UPI,2025-07-05,5,South,No,392.75,9.29,83.88,58,Female
O100153,C12278,P246713,Electronics,310.35749999999996,0.0,1,PayPal,2024-01-02,3,North,No,392.75,10.06,83.88,31,Female
O100154,C17161,P228194,Beauty,47.06,0.05,1,Debit Card,2024-03-17,3,Central,No,44.71,5.76,14.36,24,Male
O100155,C16184,P233785,Beauty,4.21,0.0,1,COD,2024-12-04,3,North,No,4.21,2.28,-0.39,25,Female
O100156,C13099,P237458,Electronics,144.57,0.0,2,Debit Card,2024-11-14,3,North,No,289.14,8.7,26.0,63,Male
O100157,C16278,P208373,Home,31.13,0.0,1,Credit Card,2023-09-18,3,North,No,31.13,3.29,5.43,28,Male
O100158,C10200,P230283,Sports,267.28,0.2,1,PayPal,2025-02-28,4,Central,No,213.82,7.25,56.9,52,Male
O100159,C15959,P229415,Electronics,310.35749999999996,0.05,1,Credit Card,2025-07-14,4,Central,No,392.75,8.66,48.24,45,Male
O100160,C14875,P226414,Electronics,296.62,0.2,2,Wallet,2024-02-27,4,North,No,392.75,8.71,48.24,36,Female
O100161,C17073,P214378,Grocery,52.12,0.0,1,COD,2025-07-09,4,South,No,52.12,6.56,-2.39,50,Female
O100162,C13104,P218336,Sports,31.3,0.0,1,Credit Card,2024-01-01,4,West,No,31.3,4.71,4.68,32,Male
O100163,C17215,P204700,Home,145.09,0.1,1,Debit Card,2024-11-10,3,Central,No,130.58,8.51,28.05,38,Male
O100164,C14598,P213901,Beauty,26.03,0.0,1,Debit Card,2024-04-08,4,West,No,26.03,7.52,4.19,44,Male
O100165,C12454,P224838,Toys,10.19,0.2,1,Credit Card,2024-02-12,6,West,No,8.15,3.7,-0.44,21,Male
O100166,C13645,P222597,Toys,15.07,0.0,3,UPI,2024-09-09,3,Central,No,45.21,6.94,11.14,26,Male
O100167,C15847,P233428,Fashion,18.2,0.05,2,PayPal,2025-04-26,6,West,No,34.58,5.84,6.26,22,Female
O100168,C10804,P240149,Home,158.84,0.1,1,Credit Card,2023-10-15,4,West,No,142.96,6.88,33.15,67,Female
O100169,C16242,P235687,Beauty,16.27,0.0,2,Debit Card,2025-07-18,5,South,No,32.54,4.52,10.12,39,Female
O100170,C12731,P229493,Electronics,57.75,0.0,1,UPI,2024-04-09,6,West,No,57.75,6.46,0.47,24,Male
O100171,C15991,P231852,Grocery,40.65,0.0,1,PayPal,2025-09-03,3,Central,No,40.65,4.89,-1.64,42,Female
O100172,C12773,P210932,Home,101.64,0.05,2,Wallet,2024-09-10,6,East,No,193.12,8.34,45.73,51,Female
O100173,C11570,P223009,Home,171.02,0.0,1,UPI,2025-07-27,3,Central,No,171.02,8.52,39.37,43,Male
O100174,C15056,P233583,Grocery,3.89,0.05,2,UPI,2024-08-09,4,Central,No,7.39,4.18,-3.59,55,Female
O100175,C17906,P247278,Electronics,94.23,0.0,2,Debit Card,2023-09-27,6,East,No,188.46,6.66,15.96,20,Male
O100176,C16756,P227994,Electronics,310.35749999999996,0.1,3,Credit Card,2025-09-06,6,South,No,392.75,9.81,83.88,45,Male
O100177,C15581,P229865,Sports,97.9,0.05,1,UPI,2025-07-31,3,North,No,93.0,7.45,20.45,50,Female
O100178,C12690,P212289,Home,99.52,0.0,1,UPI,2024-02-02,7,West,No,99.52,8.19,19.68,50,Male
O100179,C13840,P228293,Toys,16.48,0.0,1,UPI,2023-12-28,8,East,No,16.48,3.97,2.62,54,Female
O100180,C11028,P204734,Electronics,137.57,0.0,1,Wallet,2025-04-05,5,West,No,137.57,8.34,8.17,39,Female
O100181,C17385,P220013,Home,310.35749999999996,0.0,1,Credit Card,2024-02-03,4,North,No,331.04,6.99,83.88,34,Female
O100182,C10502,P235521,Fashion,16.85,0.0,2,PayPal,2024-11-05,6,West,No,33.7,3.4,8.4,67,Female
O100183,C16910,P206505,Sports,26.91,0.0,1,Debit Card,2024-11-13,4,North,No,26.91,2.99,5.08,37,Female
O100184,C14493,P244327,Fashion,135.78,0.1,1,COD,2024-11-10,5,East,No,122.2,8.48,34.29,45,Male
O100185,C10870,P247673,Home,49.21,0.0,1,Credit Card,2024-10-08,5,West,No,49.21,5.29,8.49,64,Female
O100186,C16938,P204685,Toys,41.02,0.0,2,Debit Card,2025-01-24,4,North,No,82.04,6.87,25.95,45,Male
O100187,C14488,P249353,Grocery,20.5,0.0,2,COD,2024-06-12,6,East,No,41.0,5.35,-2.07,40,Female
O100188,C10206,P218409,Sports,57.32,0.0,1,Credit Card,2024-03-13,3,Central,No,57.32,7.37,9.83,56,Female
O100189,C15134,P219517,Home,48.58,0.0,2,Wallet,2023-11-04,3,North,No,97.16,7.6,19.6,46,Female
O100190,C15977,P244533,Beauty,37.86,0.0,1,Credit Card,2024-09-14,4,North,No,37.86,5.8,11.24,66,Female
O100191,C17721,P230475,Sports,99.51,0.05,2,Credit Card,2025-04-08,3,North,No,189.07,8.19,48.53,22,Male
O100192,C17035,P236989,Toys,7.76,0.05,1,PayPal,2024-12-31,5,West,No,7.37,3.72,-0.77,55,Female
O100193,C11484,P215327,Grocery,30.17,0.15,1,Credit Card,2024-04-10,5,East,No,25.64,4.28,-2.23,29,Male
O100194,C17858,P203671,Grocery,17.81,0.2,1,Debit Card,2023-12-18,5,Central,No,14.25,4.86,-3.72,62,Male
O100195,C17742,P204941,Toys,49.2,0.0,1,Credit Card,2024-08-10,6,West,No,49.2,6.38,13.3,44,Female
O100196,C10863,P226372,Electronics,236.98,0.0,1,UPI,2025-08-01,4,South,No,236.98,8.56,19.88,63,Male
O100197,C12790,P212466,Sports,23.49,0.0,1,Credit Card,2025-01-24,4,West,No,23.49,4.42,2.63,42,Male
O100198,C17408,P218286,Toys,52.7,0.0,1,Credit Card,2025-06-30,5,West,No,52.7,7.0,14.08,35,Male
O100199,C10563,P244959,Toys,20.09,0.05,3,Credit Card,2025-05-24,6,East,No,57.26,7.4,15.5,32,Male
O100200,C15116,P204588,Grocery,13.27,0.0,4,COD,2025-07-23,5,Central,No,53.08,4.7,-0.45,40,Male
O100201,C14191,P228080,Home,125.56,0.0,1,UPI,2024-11-22,5,North,No,125.56,7.14,28.02,21,Male
O100202,C16019,P224544,Sports,72.87,0.0,1,Debit Card,2023-10-13,6,East,No,72.87,7.84,14.02,18,Female
O100203,C11757,P210811,Electronics,145.69,0.0,2,Credit Card,2025-04-18,7,Central,No,291.38,8.39,26.58,41,Female
O100204,C16628,P218733,Beauty,26.26,0.2,1,Debit Card,2024-12-16,5,South,No,21.01,4.51,4.94,24,Male
O100205,C17574,P240696,Home,176.95,0.2,1,Wallet,2024-01-03,6,East,No,141.56,7.16,32.48,18,Female
O100206,C16374,P248093,Grocery,33.7,0.0,1,COD,2024-09-25,5,East,No,33.7,6.42,-3.72,36,Male
O100207,C16892,P239888,Grocery,1.99,0.0,4,Debit Card,2025-04-21,4,Central,No,7.96,1.92,-1.28,25,Male
O100208,C11678,P247042,Toys,7.78,0.05,1,Debit Card,2024-06-23,3,North,No,7.39,1.92,1.04,65,Male
O100209,C13242,P230059,Electronics,310.35749999999996,0.0,1,COD,2023-09-16,3,North,No,392.75,9.75,54.72,68,Female
O100210,C14636,P237487,Home,206.49,0.0,1,Credit Card,2024-11-08,7,East,No,206.49,10.12,47.7,35,Male
O100211,C11059,P240849,Sports,33.43,0.0,1,Credit Card,2023-12-22,5,North,No,33.43,6.41,3.62,36,Female
O100212,C16668,P214550,Electronics,116.37,0.05,3,UPI,2023-12-28,8,East,No,331.65,8.23,31.57,56,Male
O100213,C15279,P249122,Fashion,27.49,0.0,2,UPI,2023-12-22,6,East,No,54.98,6.08,13.16,59,Male
O100214,C11722,P210864,Grocery,1.86,0.0,2,Credit Card,2024-05-06,3,Central,No,3.72,3.06,-2.76,32,Male
O100215,C13314,P225394,Electronics,310.35749999999996,0.0,1,Credit Card,2025-01-14,4,West,No,392.75,7.92,49.2,18,Male
O100216,C13157,P219061,Electronics,310.35749999999996,0.0,1,Debit Card,2024-05-11,4,North,No,392.75,8.95,40.27,48,Female
O100217,C15915,P249699,Beauty,50.95,0.3,1,Debit Card,2024-05-16,6,East,No,35.66,6.4,9.65,24,Female
O100218,C12625,P212624,Grocery,8.4,0.05,5,UPI,2024-02-03,4,South,No,39.9,6.54,-3.35,39,Male
O100219,C12729,P224934,Toys,21.91,0.0,1,Debit Card,2025-05-21,4,North,No,21.91,3.83,4.93,48,Male
O100220,C16700,P203361,Grocery,41.53,0.2,1,Credit Card,2023-11-24,3,North,No,33.22,4.47,-1.81,48,Male
O100221,C11597,P213707,Sports,310.35749999999996,0.0,1,Credit Card,2025-06-18,5,East,No,323.62,10.29,83.88,57,Male
O100222,C13060,P201924,Home,19.71,0.0,1,UPI,2024-08-15,6,South,No,19.71,4.96,0.56,55,Male
O100223,C12693,P229487,Grocery,1.02,0.0,1,Credit Card,2024-05-25,5,East,No,1.02,2.2,-2.12,20,Male
O100224,C14891,P212647,Home,310.35749999999996,0.0,1,Credit Card,2025-06-26,3,Central,Yes,392.75,7.22,83.88,43,Male
O100225,C15147,P231734,Fashion,42.68,0.05,1,Wallet,2024-03-05,5,West,No,40.55,5.77,8.42,48,Female
O100226,C15739,P229018,Home,168.7,0.0,1,Credit Card,2025-05-19,7,West,No,168.7,8.16,39.08,51,Female
O100227,C13627,P221627,Toys,49.93,0.0,1,Wallet,2025-07-29,4,South,No,49.93,6.99,12.98,33,Female
O100228,C11363,P221031,Grocery,8.47,0.15,2,Debit Card,2025-03-13,5,South,No,14.4,4.4,-3.25,37,Male
O100229,C17965,P239449,Fashion,33.57,0.0,1,Credit Card,2024-01-23,4,Central,No,33.57,5.32,6.43,68,Male
O100230,C11981,P202701,Home,34.06,0.0,2,Debit Card,2023-09-25,4,North,No,68.12,5.7,13.37,63,Female
O100231,C15450,P246943,Grocery,32.11,0.0,1,COD,2024-07-15,6,South,No,32.11,4.49,-1.92,40,Female
O100232,C11663,P242890,Electronics,310.35749999999996,0.0,1,COD,2024-03-29,4,North,No,389.04,7.63,39.05,52,Male
O100233,C11529,P249573,Toys,5.91,0.0,1,Debit Card,2024-04-14,3,North,No,5.91,3.39,-1.03,52,Other
O100234,C12038,P216719,Home,118.03,0.1,2,COD,2024-09-18,4,South,No,212.45,9.3,50.19,46,Female
O100235,C17515,P209718,Home,62.37,0.15,3,UPI,2025-06-26,3,North,No,159.04,8.82,35.71,55,Male
O100236,C15592,P200056,Home,30.96,0.0,1,Credit Card,2024-12-09,5,West,No,30.96,6.17,2.5,24,Female
O100237,C13302,P246741,Home,36.43,0.05,1,COD,2025-04-16,4,North,No,34.61,4.45,5.24,58,Male
O100238,C12237,P215352,Sports,90.56,0.05,1,Debit Card,2023-10-10,5,West,No,86.03,7.29,18.52,35,Male
O100239,C17392,P247820,Grocery,11.94,0.05,1,Credit Card,2024-10-26,6,West,No,11.34,4.76,-3.85,24,Female
O100240,C15504,P203147,Home,215.45,0.0,1,Credit Card,2024-07-17,7,East,No,215.45,7.77,52.56,40,Female
O100241,C15496,P203537,Toys,7.6,0.05,4,Credit Card,2024-09-20,5,South,No,28.88,6.38,5.17,64,Male
O100242,C11306,P222812,Sports,253.37,0.15,1,Debit Card,2025-09-03,3,Central,No,215.36,9.96,54.65,32,Male
O100243,C14029,P200721,Fashion,40.94,0.0,1,Debit Card,2025-06-17,4,Central,No,40.94,4.6,9.73,35,Male
O100244,C16776,P245037,Beauty,8.6,0.0,1,Credit Card,2025-01-12,4,West,No,8.6,2.96,0.91,31,Female
O100245,C12675,P216769,Sports,62.43,0.15,1,COD,2025-06-22,4,West,No,53.07,8.22,7.7,63,Female
O100246,C15068,P240194,Electronics,310.35749999999996,0.05,3,Wallet,2024-01-07,6,West,No,392.75,12.53,83.88,30,Male
O100247,C15864,P246556,Home,95.63,0.0,1,Credit Card,2024-03-02,4,West,No,95.63,9.07,17.71,51,Female
O100248,C11282,P246775,Grocery,28.35,0.1,1,Credit Card,2025-06-25,4,Central,No,25.52,4.68,-2.64,32,Male
O100249,C17526,P243847,Beauty,7.27,0.0,1,Debit Card,2025-04-15,3,North,No,7.27,2.17,1.1,48,Male
O100250,C10709,P214346,Fashion,125.6,0.1,1,Debit Card,2024-02-13,4,West,No,113.04,7.9,31.66,65,Female
O100251,C15575,P239883,Fashion,32.69,0.0,4,PayPal,2024-11-12,3,North,No,130.76,6.66,39.11,66,Male
O100252,C15530,P210911,Fashion,140.25,0.0,1,Wallet,2024-09-06,5,East,Yes,140.25,7.55,41.54,56,Female
O100253,C14744,P200259,Home,274.72,0.05,1,PayPal,2023-09-25,4,North,No,260.98,9.1,63.97,24,Female
O100254,C14413,P220872,Fashion,58.04,0.0,2,Credit Card,2025-02-09,6,East,No,116.08,7.03,33.6,55,Female
O100255,C13748,P208791,Electronics,310.35749999999996,0.0,1,PayPal,2024-08-30,4,South,No,392.75,8.79,40.79,20,Female
O100256,C17392,P207536,Home,41.29,0.0,1,COD,2024-09-11,5,West,No,41.29,4.19,7.37,63,Female
O100257,C17986,P220432,Beauty,25.62,0.0,1,PayPal,2023-12-01,4,Central,No,25.62,6.05,5.48,49,Male
O100258,C15353,P232750,Electronics,309.15,0.05,1,COD,2024-02-27,7,East,No,293.69,9.11,26.13,50,Female
O100259,C14779,P241715,Electronics,182.17,0.0,1,Debit Card,2024-08-08,4,South,No,182.17,8.24,13.62,40,Male
O100260,C10663,P244537,Electronics,278.95,0.15,1,Credit Card,2024-09-18,6,East,No,237.11,6.78,21.67,39,Other
O100261,C11998,P219541,Fashion,135.15,0.0,1,COD,2024-02-28,7,East,No,135.15,7.76,39.54,27,Male
O100262,C17994,P243718,Fashion,5.26,0.1,1,Debit Card,2024-01-15,5,West,No,4.73,1.41,0.25,26,Male
O100263,C13445,P216860,Beauty,16.22,0.0,1,Credit Card,2024-01-05,8,East,No,16.22,4.87,2.43,41,Female
O100264,C13743,P205283,Home,63.45,0.0,1,Credit Card,2023-11-26,7,East,No,63.45,5.95,11.82,65,Male
O100265,C15727,P230743,Fashion,164.8,0.2,1,Credit Card,2023-10-10,4,North,No,131.84,5.96,40.18,49,Male
O100266,C11495,P242559,Toys,73.7,0.0,1,Wallet,2023-11-16,4,West,No,73.7,6.11,23.37,31,Male
O100267,C13304,P235127,Home,126.01,0.0,1,Debit Card,2025-02-04,5,East,No,126.01,5.32,29.96,50,Female
O100268,C13763,P207405,Electronics,309.52,0.0,1,UPI,2024-08-15,5,East,No,309.52,8.23,28.91,20,Female
O100269,C15232,P231181,Fashion,119.82,0.0,1,Debit Card,2023-12-04,6,South,Yes,119.82,6.39,35.55,60,Female
O100270,C11853,P232205,Grocery,1.09,0.0,1,COD,2025-04-29,5,East,No,1.09,1.22,-1.13,53,Male
O100271,C15616,P224408,Grocery,11.88,0.15,1,COD,2025-03-12,5,South,No,10.1,4.56,-3.75,38,Male
O100272,C16585,P217645,Fashion,6.23,0.15,1,Credit Card,2025-03-26,4,North,No,5.3,3.21,-1.36,50,Female
O100273,C14659,P247125,Electronics,310.35749999999996,0.05,1,Debit Card,2024-12-18,4,Central,No,392.75,11.47,83.88,32,Male
O100274,C11291,P206323,Home,60.81,0.0,1,Debit Card,2024-12-21,5,North,No,60.81,5.5,11.53,52,Male
O100275,C13581,P205937,Home,106.86,0.05,1,Wallet,2025-08-04,5,South,No,101.52,7.05,21.38,55,Female
O100276,C17974,P243798,Home,81.17,0.2,1,Wallet,2025-03-09,4,North,No,64.94,7.12,11.06,19,Female
O100277,C13457,P230431,Beauty,57.9,0.15,1,Credit Card,2025-02-25,6,East,No,49.22,5.57,16.58,44,Male
O100278,C17554,P217882,Fashion,310.35749999999996,0.0,1,Debit Card,2024-02-14,8,East,No,392.75,9.79,83.88,39,Male
O100279,C17280,P225324,Electronics,73.02,0.1,2,Credit Card,2024-06-28,5,West,No,131.44,6.39,9.38,24,Female
O100280,C11636,P213003,Beauty,35.26,0.1,1,UPI,2025-08-05,5,North,No,31.73,5.26,9.02,55,Male
O100281,C13696,P243346,Grocery,7.04,0.15,2,Credit Card,2025-01-30,4,South,No,11.97,4.65,-3.69,61,Male
O100282,C12999,P225106,Electronics,98.67,0.0,2,Debit Card,2023-09-30,4,North,No,197.34,9.02,14.66,48,Male
O100283,C13152,P212979,Sports,61.13,0.1,1,COD,2023-12-01,5,North,No,55.02,6.64,9.87,41,Female
O100284,C10698,P234977,Home,310.35749999999996,0.0,1,Credit Card,2025-03-14,5,North,No,392.75,10.7,83.88,62,Female
O100285,C12160,P244828,Fashion,26.76,0.0,1,Debit Card,2024-09-13,5,South,No,26.76,3.74,5.63,60,Male
O100286,C14097,P207228,Toys,8.39,0.0,1,Credit Card,2023-11-18,7,East,No,8.39,1.28,2.08,65,Female
O100287,C14737,P209300,Home,256.47,0.1,1,Debit Card,2024-01-10,4,Central,No,230.82,6.93,57.7,49,Male
O100288,C16363,P208681,Beauty,52.6,0.0,2,Debit Card,2024-09-16,6,South,No,105.2,6.11,41.23,24,Female
O100289,C15685,P240964,Home,64.48,0.0,1,COD,2025-04-05,5,South,No,64.48,5.73,12.32,23,Male
O100290,C10854,P208267,Electronics,165.3,0.2,1,Credit Card,2025-08-17,5,South,Yes,132.24,7.31,8.56,52,Male
O100291,C15855,P205372,Beauty,28.53,0.0,1,Credit Card,2024-08-01,6,North,No,28.53,5.06,7.78,32,Male
O100292,C17392,P238918,Home,40.24,0.1,2,Credit Card,2024-01-07,5,East,No,72.43,5.5,14.78,62,Male
O100293,C16528,P210920,Electronics,264.84,0.0,3,PayPal,2024-12-18,5,East,No,392.75,8.39,83.88,26,Female
O100294,C13474,P248769,Beauty,6.73,0.1,1,Debit Card,2024-11-23,6,East,No,6.06,4.24,-1.51,39,Female
O100295,C15757,P216856,Electronics,168.13,0.05,3,Wallet,2023-12-02,6,South,No,392.75,9.79,47.71,23,Male
O100296,C15249,P227785,Fashion,22.36,0.0,2,Debit Card,2024-08-25,4,North,No,44.72,5.92,9.73,29,Female
O100297,C15172,P247915,Toys,25.35,0.0,1,Wallet,2025-08-25,4,West,Yes,25.35,4.56,5.58,67,Female
O100298,C11707,P217221,Electronics,157.79,0.0,1,UPI,2024-05-29,3,North,No,157.79,6.55,12.38,59,Female
O100299,C12777,P225178,Sports,234.95,0.05,1,COD,2024-08-13,4,North,No,223.2,8.23,58.73,62,Male
O100300,C15791,P233954,Grocery,54.68,0.15,1,UPI,2025-05-31,3,North,No,46.48,6.37,-2.65,28,Male
O100301,C11733,P206461,Electronics,77.47,0.05,1,Debit Card,2024-02-19,5,West,No,73.6,6.89,1.94,25,Female
O100302,C15535,P217865,Home,76.74,0.0,1,Credit Card,2025-01-16,3,Central,No,76.74,4.75,16.74,36,Female
O100303,C16390,P244232,Beauty,11.8,0.0,1,Credit Card,2024-08-04,4,North,No,11.8,2.72,2.59,52,Female
O100304,C14931,P214052,Home,67.12,0.0,4,Credit Card,2025-07-09,4,West,No,268.48,9.1,66.07,38,Female
O100305,C13510,P230370,Beauty,10.56,0.0,1,Debit Card,2024-11-14,4,Central,No,10.56,4.11,0.64,18,Male
O100306,C10202,P207332,Home,73.51,0.1,1,Debit Card,2025-07-14,3,Central,No,66.16,6.83,11.69,20,Female
O100307,C13255,P249383,Electronics,99.55,0.1,1,UPI,2024-01-04,4,South,No,89.6,6.83,3.92,68,Female
O100308,C14218,P200327,Electronics,156.68,0.1,1,Credit Card,2024-06-03,7,East,No,141.01,8.29,8.63,20,Male
O100309,C14496,P222765,Sports,145.46,0.1,1,UPI,2024-12-21,6,East,No,130.91,9.17,30.1,23,Female
O100310,C10766,P205239,Fashion,25.73,0.0,1,Wallet,2024-03-30,4,Central,No,25.73,4.65,4.36,39,Male
O100311,C14389,P210078,Toys,6.58,0.0,1,PayPal,2023-12-08,6,East,No,6.58,4.64,-2.01,50,Female
O100312,C12327,P207038,Sports,21.29,0.0,1,COD,2024-01-06,8,South,No,21.29,4.35,2.04,68,Male
O100313,C12931,P208048,Electronics,189.01,0.05,2,Debit Card,2025-06-24,3,North,No,359.12,9.09,34.0,27,Male
O100314,C17777,P228671,Fashion,55.7,0.0,1,UPI,2024-02-11,4,Central,No,55.7,7.37,12.12,39,Male
O100315,C10197,P214954,Fashion,19.36,0.0,3,UPI,2025-08-09,4,Central,No,58.08,5.64,14.69,18,Male
O100316,C17125,P235065,Beauty,16.45,0.2,1,PayPal,2023-12-08,7,West,No,13.16,4.97,0.95,56,Female
O100317,C11930,P245471,Toys,61.88,0.0,2,Credit Card,2025-08-25,7,Central,No,123.76,6.41,43.09,60,Male
O100318,C13582,P202779,Electronics,310.35749999999996,0.0,1,Credit Card,2024-11-19,4,North,No,311.23,9.77,27.58,36,Female
O100319,C16895,P246474,Fashion,42.33,0.0,1,Credit Card,2025-07-10,6,East,No,42.33,5.1,9.72,34,Female
O100320,C16287,P213225,Home,79.46,0.0,1,Credit Card,2025-03-10,5,West,No,79.46,6.14,16.11,20,Female
O100321,C10608,P240086,Fashion,45.01,0.0,2,Debit Card,2025-09-07,4,North,No,90.02,6.82,24.69,58,Male
O100322,C13272,P232541,Beauty,105.2,0.2,2,Credit Card,2023-10-08,5,South,No,168.32,9.43,66.31,34,Female
O100323,C11147,P219720,Home,48.55,0.05,1,Credit Card,2024-07-15,5,East,No,46.12,5.88,7.03,65,Male
O100324,C14282,P213531,Fashion,144.93,0.05,1,Credit Card,2024-02-14,5,Central,Yes,137.68,7.41,40.78,19,Male
O100325,C13397,P205335,Home,31.25,0.15,1,Credit Card,2023-11-26,5,East,No,26.56,6.21,1.23,51,Female
O100326,C12511,P209530,Fashion,10.79,0.0,3,UPI,2024-02-03,3,North,No,32.37,5.31,6.02,23,Female
O100327,C17516,P224791,Fashion,57.28,0.0,1,Credit Card,2024-08-23,5,South,No,57.28,5.49,14.56,50,Male
O100328,C11794,P240270,Fashion,19.22,0.15,3,UPI,2023-12-07,6,East,No,49.01,5.69,11.46,48,Female
O100329,C10659,P201649,Beauty,17.4,0.0,1,PayPal,2024-03-23,5,South,No,17.4,3.31,4.52,36,Female
O100330,C12811,P213472,Home,182.23,0.1,5,Wallet,2024-10-11,5,North,No,392.75,10.09,83.88,69,Female
O100331,C17098,P202862,Fashion,42.63,0.0,1,Credit Card,2025-05-17,4,North,No,42.63,5.32,9.6,58,Male
O100332,C16051,P225185,Electronics,54.5,0.0,1,Credit Card,2024-08-19,5,East,No,54.5,4.71,1.83,43,Male
O100333,C16546,P227134,Electronics,168.64,0.0,1,Debit Card,2024-02-15,7,South,No,168.64,6.37,13.87,22,Male
O100334,C11369,P200917,Electronics,71.73,0.0,5,Credit Card,2023-10-11,4,South,No,358.65,8.5,34.54,31,Male
O100335,C11986,P212444,Home,310.35749999999996,0.05,1,Debit Card,2024-08-10,4,Central,No,335.37,8.0,83.88,35,Male
O100336,C15630,P241121,Fashion,82.83,0.15,2,COD,2023-10-05,4,North,No,140.81,8.38,40.9,43,Male
O100337,C10146,P220521,Home,310.35749999999996,0.0,1,Wallet,2023-09-24,4,West,No,392.75,10.14,83.88,68,Female
O100338,C13219,P238217,Fashion,111.39,0.0,1,COD,2024-07-08,4,West,No,111.39,6.42,32.57,58,Female
O100339,C12911,P222066,Beauty,18.8,0.0,3,COD,2025-02-11,5,West,No,56.4,6.67,18.71,61,Female
O100340,C11734,P202811,Sports,220.64,0.0,1,COD,2025-01-31,6,West,No,220.64,9.1,57.09,27,Female
O100341,C11843,P236189,Home,156.95,0.0,1,Wallet,2025-02-27,5,West,No,156.95,6.88,37.07,58,Male
O100342,C10488,P209290,Electronics,291.67,0.1,1,Debit Card,2024-08-10,4,West,Yes,262.5,7.03,24.47,37,Male
O100343,C12976,P235489,Electronics,200.49,0.1,2,COD,2025-07-31,4,West,No,360.88,8.39,34.92,47,Male
O100344,C11959,P227284,Fashion,61.17,0.1,1,Debit Card,2024-04-25,3,North,No,55.05,8.55,10.72,40,Male
O100345,C15759,P224698,Home,127.44,0.0,2,UPI,2024-10-09,3,North,No,254.88,8.95,62.42,61,Female
O100346,C16694,P243660,Electronics,310.35749999999996,0.0,2,Credit Card,2024-07-02,5,South,No,392.75,10.58,75.71,36,Female
O100347,C12385,P219637,Fashion,30.1,0.0,1,Credit Card,2024-09-14,3,North,No,30.1,4.22,6.32,48,Male
O100348,C12919,P248024,Grocery,18.7,0.1,1,Credit Card,2024-12-25,5,East,No,16.83,5.8,-4.45,61,Female
O100349,C14736,P233556,Electronics,77.57,0.0,1,PayPal,2025-01-12,5,South,No,77.57,7.05,2.26,29,Female
O100350,C11802,P216640,Grocery,18.05,0.0,1,Credit Card,2025-09-02,3,North,No,18.05,4.08,-2.64,40,Male
O100351,C16616,P204025,Toys,27.81,0.0,1,PayPal,2025-03-13,5,South,No,27.81,5.24,5.88,29,Female
O100352,C16065,P231476,Toys,16.27,0.0,1,Debit Card,2024-03-04,3,Central,No,16.27,4.32,2.19,42,Male
O100353,C16294,P206741,Toys,8.01,0.0,1,COD,2024-10-01,5,South,No,8.01,4.27,-1.07,37,Male
O100354,C15534,P203654,Electronics,288.05,0.0,1,Debit Card,2024-11-13,4,West,No,288.05,7.9,26.67,30,Female
O100355,C14061,P246348,Electronics,92.69,0.0,1,Debit Card,2024-11-16,4,West,No,92.69,5.92,5.2,20,Male
O100356,C13369,P240428,Electronics,159.09,0.0,1,Credit Card,2024-01-21,4,Central,No,159.09,7.28,11.81,44,Male
O100357,C15730,P236019,Electronics,227.77,0.1,1,Debit Card,2025-05-19,6,South,No,204.99,9.08,15.52,19,Female
O100358,C10262,P238036,Fashion,59.99,0.0,1,Credit Card,2025-02-09,6,North,No,59.99,6.96,14.04,23,Female
O100359,C15883,P244549,Toys,6.08,0.05,1,UPI,2024-06-29,4,North,No,5.78,3.6,-1.29,30,Other
O100360,C16287,P229843,Fashion,13.47,0.15,1,UPI,2025-04-28,4,North,No,11.45,4.23,-0.22,25,Male
O100361,C16489,P223560,Fashion,51.02,0.0,3,COD,2025-03-04,6,East,No,153.06,6.24,47.33,26,Male
O100362,C10623,P246257,Sports,121.9,0.0,2,Credit Card,2024-12-30,6,East,No,243.8,7.61,65.53,67,Male
O100363,C11016,P247899,Electronics,78.39,0.05,1,UPI,2024-05-22,5,East,No,74.47,6.44,2.5,69,Male
O100364,C13643,P240330,Home,14.44,0.05,1,UPI,2025-05-08,6,South,No,13.72,4.45,-0.61,18,Female
O100365,C14976,P215987,Fashion,12.83,0.0,1,COD,2023-09-28,6,South,No,12.83,3.98,0.51,29,Female
O100366,C12049,P220810,Toys,47.49,0.0,1,Debit Card,2025-06-26,6,South,No,47.49,4.0,15.0,53,Female
O100367,C17040,P220311,Home,157.03,0.1,3,PayPal,2023-12-20,4,West,No,392.75,7.45,83.88,39,Female
O100368,C15423,P247159,Sports,259.63,0.0,1,COD,2025-08-20,5,Central,Yes,259.63,7.67,70.22,52,Female
O100369,C16397,P234920,Electronics,310.35749999999996,0.0,1,Credit Card,2025-01-10,6,East,No,392.75,8.54,40.08,41,Male
O100370,C13723,P208738,Grocery,45.23,0.15,1,Credit Card,2025-05-13,7,East,No,38.45,4.35,-1.27,52,Female
O100371,C14548,P207888,Fashion,33.41,0.0,1,Debit Card,2025-01-12,5,North,No,33.41,5.27,6.42,67,Male
O100372,C13108,P242864,Sports,99.88,0.05,2,Debit Card,2025-04-26,6,East,No,189.77,6.93,50.0,58,Female
O100373,C15279,P205474,Grocery,13.1,0.05,1,Credit Card,2024-07-31,5,West,No,12.44,5.39,-4.39,67,Female
O100374,C14090,P200488,Home,10.41,0.0,1,Credit Card,2024-05-10,5,South,No,10.41,4.26,-1.35,28,Male
O100375,C17158,P224144,Home,13.67,0.0,2,Credit Card,2025-08-19,5,East,No,27.34,3.95,3.71,57,Female
O100376,C12056,P205622,Electronics,101.01,0.1,1,UPI,2025-01-08,5,South,No,90.91,7.29,3.62,38,Female
O100377,C17400,P231830,Home,104.23,0.0,1,Credit Card,2025-06-17,5,East,No,104.23,7.6,21.58,45,Male
O100378,C13170,P236542,Toys,13.07,0.2,1,PayPal,2025-06-28,3,North,No,10.46,4.29,-0.11,66,Female
O100379,C11682,P239214,Electronics,302.19,0.05,1,Debit Card,2024-03-09,6,East,No,287.08,9.02,25.43,42,Female
O100380,C16959,P227648,Grocery,22.22,0.1,1,Wallet,2024-04-17,6,South,No,20.0,4.43,-2.83,69,Male
O100381,C12255,P232697,Sports,179.85,0.1,2,Debit Card,2025-05-29,5,West,No,323.73,9.07,83.88,39,Other
O100382,C11154,P225223,Home,310.35749999999996,0.2,1,UPI,2024-08-24,6,East,No,392.75,10.12,83.88,69,Male
O100383,C14499,P221865,Beauty,22.98,0.0,1,Credit Card,2025-08-17,4,South,No,22.98,4.59,5.75,65,Male
O100384,C16295,P208572,Electronics,188.62,0.0,1,Credit Card,2025-07-16,6,South,No,188.62,9.83,12.8,24,Female
O100385,C16197,P240601,Fashion,23.1,0.0,1,UPI,2023-11-09,5,North,No,23.1,5.96,2.13,57,Male
O100386,C13191,P243026,Fashion,25.48,0.0,2,COD,2024-06-25,4,North,No,50.96,4.87,12.97,42,Female
O100387,C11696,P223501,Home,61.52,0.0,1,COD,2024-04-22,4,North,No,61.52,6.74,10.49,29,Male
O100388,C13991,P226866,Grocery,7.57,0.0,4,Credit Card,2024-01-20,4,Central,No,30.28,5.62,-3.2,33,Male
O100389,C14723,P212416,Home,20.25,0.15,1,Debit Card,2025-09-01,4,South,No,17.21,4.89,-0.07,35,Other
O100390,C14682,P225775,Beauty,27.59,0.0,3,Credit Card,2025-01-24,5,South,No,82.77,7.02,30.23,35,Male
O100391,C11648,P229080,Electronics,310.35749999999996,0.15,1,UPI,2024-04-13,5,North,No,274.39,10.65,22.28,47,Male
O100392,C15539,P204887,Sports,70.95,0.0,1,Credit Card,2024-11-13,5,West,No,70.95,5.23,16.06,29,Male
O100393,C11445,P219374,Beauty,5.07,0.0,1,Credit Card,2023-12-06,6,West,No,5.07,1.72,0.56,48,Male
O100394,C14199,P216605,Home,22.88,0.0,1,Wallet,2024-09-06,5,East,Yes,22.88,3.63,2.78,24,Female
O100395,C13923,P215684,Grocery,11.37,0.0,1,Credit Card,2024-02-19,5,South,No,11.37,5.23,-4.32,42,Female
O100396,C10253,P224002,Grocery,1.49,0.05,2,COD,2024-07-22,3,Central,No,2.83,2.44,-2.21,37,Female
O100397,C17394,P226015,Sports,136.87,0.0,2,Wallet,2024-12-26,6,West,No,273.74,9.52,72.6,36,Male
O100398,C13183,P222972,Grocery,67.88,0.0,4,Wallet,2025-06-18,3,North,No,271.52,10.2,11.52,21,Female
O100399,C12557,P200617,Beauty,25.29,0.3,3,Credit Card,2024-09-07,4,South,No,53.11,7.43,16.47,41,Female
O100400,C15592,P246404,Toys,27.28,0.2,1,Debit Card,2025-04-06,5,East,No,21.82,4.42,4.31,34,Female
O100401,C10098,P235338,Home,86.09,0.0,1,Debit Card,2025-01-07,4,Central,No,86.09,6.8,17.31,26,Female
O100402,C12200,P206309,Electronics,310.35749999999996,0.0,1,Credit Card,2025-06-12,5,East,No,392.75,8.52,40.41,28,Female
O100403,C15980,P219139,Grocery,14.89,0.0,1,Debit Card,2024-09-15,3,North,No,14.89,2.72,-1.53,21,Male
O100404,C12961,P202790,Electronics,310.35749999999996,0.0,2,PayPal,2024-11-05,4,North,No,392.75,9.78,83.88,33,Male
O100405,C16015,P207826,Fashion,66.09,0.05,1,COD,2025-07-23,4,Central,No,62.79,5.42,16.56,55,Male
O100406,C14973,P212134,Electronics,310.35749999999996,0.05,1,Debit Card,2023-11-30,5,East,No,392.75,7.97,48.95,60,Male
O100407,C14433,P219693,Fashion,44.99,0.0,1,UPI,2024-03-19,7,South,No,44.99,6.17,9.58,67,Female
O100408,C13777,P204054,Fashion,37.58,0.2,1,Credit Card,2024-11-13,5,South,No,30.06,4.88,5.64,35,Female
O100409,C12869,P216090,Beauty,18.04,0.0,1,Credit Card,2025-04-09,5,North,No,18.04,4.68,3.44,33,Male
O100410,C13234,P223808,Grocery,7.55,0.15,1,PayPal,2024-11-17,4,West,No,6.42,3.19,-2.68,32,Female
O100411,C13791,P240449,Electronics,150.52,0.05,1,Credit Card,2024-11-24,5,West,No,142.99,7.03,10.13,55,Male
O100412,C10956,P215569,Toys,2.67,0.0,2,UPI,2023-10-22,5,North,No,5.34,3.02,-0.88,64,Male
O100413,C15800,P232227,Electronics,310.35749999999996,0.0,1,UPI,2025-02-26,4,North,No,392.75,9.03,40.34,29,Male
O100414,C14067,P206508,Electronics,310.35749999999996,0.05,1,Debit Card,2025-02-01,8,North,No,392.75,10.19,81.18,29,Female
O100415,C10160,P216608,Beauty,68.32,0.0,1,Wallet,2024-12-04,3,North,Yes,68.32,6.16,24.58,69,Male
O100416,C15699,P223523,Toys,19.09,0.0,1,UPI,2024-04-18,6,East,No,19.09,5.18,2.46,42,Female
O100417,C16944,P210433,Electronics,82.13,0.0,2,PayPal,2023-10-31,5,East,No,164.26,9.29,10.42,34,Female
O100418,C14493,P231939,Fashion,108.7,0.15,1,Credit Card,2023-10-31,5,West,No,92.4,6.44,25.9,57,Female
O100419,C11300,P245112,Electronics,310.35749999999996,0.05,1,Debit Card,2024-06-20,4,South,No,392.75,10.23,46.5,31,Female
O100420,C14911,P224520,Grocery,4.81,0.05,1,COD,2025-07-12,3,North,No,4.57,0.29,0.08,19,Male
O100421,C13987,P211888,Fashion,85.01,0.0,1,UPI,2025-05-25,6,East,No,85.01,5.36,24.39,68,Female
O100422,C11527,P230932,Home,94.09,0.0,1,Debit Card,2024-03-15,3,Central,No,94.09,6.62,19.73,36,Female
O100423,C16015,P219734,Grocery,29.78,0.0,3,Debit Card,2024-12-13,3,North,No,89.34,7.17,-0.02,31,Female
O100424,C15511,P203827,Beauty,9.97,0.2,2,Debit Card,2024-11-19,3,Central,No,15.95,3.6,3.58,62,Male
O100425,C15254,P216257,Grocery,22.25,0.05,1,Credit Card,2024-09-07,4,Central,No,21.14,4.43,-2.74,28,Male
O100426,C11218,P232194,Grocery,17.39,0.0,1,Debit Card,2024-12-31,6,South,No,17.39,5.43,-4.04,61,Female
O100427,C14496,P231318,Home,11.92,0.2,3,COD,2024-09-07,9,East,Yes,28.61,4.31,3.7,54,Female
O100428,C14735,P216793,Beauty,23.3,0.1,3,Debit Card,2024-11-08,5,South,No,62.91,6.41,21.9,65,Female
O100429,C13104,P234684,Fashion,66.81,0.15,3,COD,2024-03-29,5,West,No,170.37,6.93,52.7,57,Female
O100430,C12735,P228014,Grocery,3.24,0.0,1,Credit Card,2024-12-08,5,South,No,3.24,3.02,-2.76,62,Male
O100431,C14555,P202859,Fashion,42.32,0.15,1,Credit Card,2025-04-05,5,South,No,35.97,6.26,6.33,45,Male
O100432,C10954,P239840,Toys,9.13,0.0,1,Debit Card,2024-12-30,4,South,No,9.13,3.36,0.29,19,Female
O100433,C14565,P231856,Fashion,63.59,0.1,1,Debit Card,2025-05-22,5,West,No,57.23,8.05,11.98,52,Female
O100434,C13446,P248291,Fashion,43.19,0.05,1,PayPal,2023-10-13,5,East,No,41.03,5.75,8.61,57,Female
O100435,C11045,P234819,Electronics,310.35749999999996,0.2,2,COD,2025-08-16,4,West,Yes,392.75,8.88,61.34,39,Male
O100436,C16893,P220085,Beauty,4.84,0.0,2,Credit Card,2025-03-18,4,South,No,9.68,4.6,-0.24,58,Female
O100437,C11693,P208214,Fashion,12.29,0.0,1,UPI,2024-11-13,4,South,No,12.29,2.83,1.47,30,Female
O100438,C16181,P235736,Electronics,310.35749999999996,0.05,2,Credit Card,2024-03-16,4,North,No,392.75,10.05,60.87,64,Male
O100439,C16373,P241704,Fashion,14.83,0.3,1,UPI,2025-09-06,4,South,No,10.38,4.19,-0.56,62,Male
O100440,C13436,P200601,Fashion,38.95,0.0,1,UPI,2024-03-03,5,West,No,38.95,4.31,9.32,52,Male
O100441,C10562,P224318,Home,164.22,0.0,1,Debit Card,2024-05-28,4,Central,No,164.22,8.05,37.93,28,Female
O100442,C12485,P215451,Home,228.5,0.0,4,Credit Card,2024-03-12,6,West,No,392.75,10.29,83.88,25,Female
O100443,C15895,P246025,Electronics,100.16,0.05,1,Debit Card,2024-07-05,6,East,No,95.15,8.55,2.87,23,Female
O100444,C13354,P205274,Beauty,36.18,0.05,5,UPI,2025-05-20,7,East,No,171.86,6.05,71.29,47,Female
O100445,C16170,P218226,Toys,10.88,0.2,4,PayPal,2023-12-26,3,North,No,34.82,4.1,9.83,26,Female
O100446,C10225,P243634,Beauty,30.83,0.1,2,PayPal,2024-01-02,5,North,No,55.49,5.86,19.11,18,Female
O100447,C17444,P230926,Grocery,3.07,0.05,1,COD,2023-10-28,5,East,No,2.92,0.88,-0.65,39,Female
O100448,C14893,P245136,Electronics,285.29,0.0,1,Credit Card,2025-08-19,3,North,No,285.29,9.7,24.53,65,Female
O100449,C17776,P219046,Toys,37.74,0.1,1,UPI,2025-03-01,4,North,No,33.97,4.7,8.89,54,Male
O100450,C16427,P208674,Home,24.82,0.0,1,Credit Card,2024-03-26,5,South,No,24.82,5.46,1.49,62,Male
O100451,C17022,P219023,Beauty,46.08,0.15,3,Credit Card,2024-10-15,6,North,No,117.5,6.37,46.5,37,Female
O100452,C10959,P221910,Home,89.38,0.05,1,Debit Card,2025-01-17,5,South,No,84.91,6.28,17.49,38,Female
O100453,C15600,P248230,Fashion,90.21,0.05,2,Credit Card,2025-01-25,4,North,No,171.4,7.43,52.56,34,Female
O100454,C14548,P211503,Fashion,161.32,0.0,2,Debit Card,2023-12-03,5,South,No,322.64,10.16,83.88,45,Female
O100455,C13067,P248392,Beauty,7.26,0.3,4,Credit Card,2025-08-18,4,North,No,20.33,4.99,4.16,48,Female
O100456,C17996,P247138,Electronics,310.35749999999996,0.1,1,Credit Card,2024-05-14,3,North,No,373.36,9.71,35.09,23,Male
O100457,C10815,P205368,Beauty,9.57,0.05,1,Credit Card,2023-10-25,7,South,No,9.09,1.68,2.41,29,Male
O100458,C14754,P223527,Sports,24.32,0.0,1,UPI,2024-02-07,6,East,No,24.32,4.86,2.44,23,Male
O100459,C17683,P245335,Fashion,53.63,0.05,1,Credit Card,2024-04-04,4,North,No,50.95,6.13,11.7,59,Male
O100460,C14642,P222487,Fashion,10.62,0.0,1,Debit Card,2023-11-25,7,East,Yes,10.62,3.07,0.65,28,Female
O100461,C15311,P236593,Fashion,35.77,0.0,1,UPI,2024-12-09,6,East,No,35.77,6.82,5.7,36,Male
O100462,C13120,P210391,Electronics,310.35749999999996,0.0,1,Debit Card,2025-03-16,4,South,No,378.4,10.3,35.11,50,Female
O100463,C17679,P209874,Electronics,275.03,0.0,1,Credit Card,2025-04-17,5,North,No,275.03,10.5,22.5,30,Female
O100464,C10016,P203608,Electronics,310.35749999999996,0.0,1,Debit Card,2024-07-13,6,East,No,392.75,8.78,43.8,40,Female
O100465,C17339,P230451,Electronics,310.35749999999996,0.05,1,UPI,2023-12-20,3,North,No,392.75,9.93,55.66,49,Male
O100466,C11243,P239646,Fashion,106.17,0.2,2,UPI,2024-11-15,4,North,No,169.87,6.39,53.06,49,Male
O100467,C12205,P233786,Fashion,45.35,0.3,1,Wallet,2025-01-29,5,West,No,31.74,3.93,7.18,33,Female
O100468,C12524,P227546,Grocery,5.26,0.1,2,Credit Card,2023-11-16,6,South,No,9.47,2.38,-1.62,30,Male
O100469,C11069,P242378,Grocery,10.38,0.0,1,COD,2025-07-08,6,Central,No,10.38,4.22,-3.39,27,Male
O100470,C13444,P235268,Fashion,29.12,0.0,1,Debit Card,2024-05-19,3,North,No,29.12,4.34,5.85,51,Female
O100471,C12565,P202667,Fashion,17.59,0.0,2,COD,2024-09-16,5,North,No,35.18,5.91,6.4,46,Female
O100472,C16242,P242346,Home,109.15,0.1,2,COD,2025-04-20,5,West,No,196.47,7.58,47.43,60,Female
O100473,C15864,P205230,Electronics,57.45,0.1,2,Debit Card,2025-01-22,3,North,No,103.41,7.14,5.27,62,Female
O100474,C11060,P225720,Home,132.49,0.0,2,PayPal,2025-05-28,4,South,No,264.98,9.88,64.31,50,Male
O100475,C12327,P243023,Home,236.96,0.0,1,PayPal,2024-03-17,6,West,No,236.96,8.19,58.16,46,Female
O100476,C13420,P237602,Fashion,310.35749999999996,0.05,1,Credit Card,2025-08-23,4,West,No,354.12,8.4,83.88,66,Female
O100477,C16640,P201546,Toys,52.09,0.0,4,Credit Card,2024-06-29,5,East,No,208.36,8.14,75.2,62,Male
O100478,C10301,P215050,Toys,3.85,0.05,2,COD,2024-05-15,5,South,No,7.32,2.76,0.17,35,Female
O100479,C14276,P247817,Grocery,3.33,0.2,1,Credit Card,2025-02-23,6,West,No,2.66,2.17,-1.96,33,Male
O100480,C10606,P230134,Fashion,12.34,0.0,1,Credit Card,2023-10-12,5,Central,No,12.34,4.32,-0.0,54,Other
O100481,C13170,P215640,Grocery,11.76,0.0,1,COD,2024-11-04,5,North,Yes,11.76,3.34,-2.4,62,Male
O100482,C10699,P220828,Beauty,4.15,0.0,1,Wallet,2025-01-26,4,South,No,4.15,4.33,-2.46,35,Female
O100483,C15088,P214284,Beauty,70.73,0.0,3,PayPal,2025-06-29,7,South,No,212.19,7.03,83.88,35,Other
O100484,C11139,P203423,Grocery,1.84,0.0,1,Credit Card,2024-08-01,7,East,No,1.84,0.52,-0.37,61,Female
O100485,C10190,P228577,Grocery,7.54,0.2,1,Debit Card,2025-06-02,6,Central,No,6.03,2.9,-2.42,21,Female
O100486,C12300,P219070,Sports,230.66,0.1,1,COD,2023-11-20,3,North,No,207.59,6.94,55.34,53,Male
O100487,C10980,P202332,Fashion,150.72,0.05,1,Debit Card,2024-05-10,5,West,No,143.18,6.85,43.26,57,Male
O100488,C12975,P206066,Home,92.43,0.05,1,PayPal,2025-03-05,3,Central,No,87.81,7.66,16.93,42,Male
O100489,C16102,P218040,Beauty,19.42,0.05,2,COD,2025-07-08,3,North,No,36.9,5.58,11.02,41,Female
O100490,C11184,P238806,Toys,21.88,0.0,3,Credit Card,2025-05-01,4,North,No,65.64,5.99,20.27,25,Male
O100491,C13327,P208583,Sports,61.49,0.0,2,Credit Card,2025-07-03,4,Central,No,122.98,7.12,29.77,58,Male
O100492,C13394,P238057,Home,61.68,0.05,1,Credit Card,2024-01-26,5,East,No,58.6,4.92,11.49,67,Female
O100493,C10127,P222604,Home,187.07,0.0,1,Credit Card,2023-09-21,5,Central,Yes,187.07,9.02,43.36,42,Female
O100494,C12065,P226564,Electronics,310.35749999999996,0.0,1,Debit Card,2024-03-04,4,Central,No,344.04,8.94,32.34,19,Male
O100495,C11816,P233064,Grocery,9.65,0.1,1,COD,2024-10-13,5,East,No,8.68,2.56,-1.87,66,Female
O100496,C15854,P222857,Electronics,84.53,0.0,2,Credit Card,2024-09-19,8,South,No,169.06,8.39,11.9,59,Male
O100497,C16709,P228941,Beauty,4.75,0.15,1,Credit Card,2024-05-19,6,East,No,4.04,2.74,-0.92,50,Male
O100498,C10569,P237962,Toys,16.06,0.1,1,Credit Card,2025-05-27,5,South,No,14.45,4.16,1.62,49,Male
O100499,C15442,P238573,Home,137.2,0.0,1,Credit Card,2023-09-29,5,East,No,137.2,7.11,31.31,43,Female
O100500,C11895,P245565,Toys,23.07,0.0,3,Debit Card,2024-05-08,6,South,No,69.21,5.72,21.96,55,Other
O100501,C12733,P225692,Toys,46.3,0.05,1,Credit Card,2024-08-18,4,South,Yes,43.98,6.16,11.43,23,Male
O100502,C13863,P216879,Electronics,310.35749999999996,0.0,3,Debit Card,2023-11-19,5,Central,No,392.75,11.97,83.88,64,Female
O100503,C14721,P235763,Home,29.98,0.3,4,Debit Card,2024-05-19,6,East,No,83.94,6.35,17.15,35,Female
O100504,C17455,P216477,Sports,165.56,0.05,1,Credit Card,2025-01-28,5,South,Yes,157.28,6.82,40.36,57,Male
O100505,C14014,P245680,Home,158.51,0.0,1,PayPal,2025-06-16,8,East,No,158.51,7.7,36.68,57,Female
O100506,C12901,P206393,Beauty,46.13,0.2,1,Credit Card,2024-07-23,3,North,No,36.9,5.43,11.18,67,Male
O100507,C11686,P233488,Beauty,48.42,0.0,2,Credit Card,2025-06-12,3,North,No,96.84,8.92,34.66,24,Female
O100508,C13009,P221459,Electronics,187.78,0.15,1,UPI,2024-01-17,4,West,Yes,159.61,8.71,10.44,42,Male
O100509,C17806,P239093,Home,50.23,0.0,1,UPI,2024-06-10,5,South,No,50.23,7.63,6.43,61,Male
O100510,C10154,P212554,Electronics,310.35749999999996,0.05,1,PayPal,2024-05-11,5,West,No,295.85,9.0,26.5,49,Male
O100511,C12537,P237867,Electronics,165.27,0.0,1,PayPal,2023-11-01,5,South,No,165.27,6.17,13.66,37,Male
O100512,C11409,P212568,Home,66.66,0.05,1,Wallet,2024-08-03,4,West,No,63.33,6.9,10.83,38,Female
O100513,C14057,P236794,Beauty,4.76,0.0,1,Debit Card,2024-07-18,4,North,No,4.76,3.8,-1.66,42,Male
O100514,C10784,P245015,Electronics,310.35749999999996,0.0,2,COD,2025-08-06,4,West,No,392.75,10.09,83.88,32,Male
O100515,C13175,P205057,Sports,46.39,0.0,1,UPI,2023-10-24,4,North,No,46.39,6.43,7.49,59,Male
O100516,C17560,P217490,Home,209.4,0.0,1,Debit Card,2025-05-31,4,North,No,209.4,7.62,51.01,58,Female
O100517,C17978,P205305,Grocery,66.63,0.0,1,Credit Card,2025-09-11,5,East,No,66.63,6.72,-1.39,64,Male
O100518,C14341,P232740,Home,310.35749999999996,0.0,1,Credit Card,2025-07-20,5,South,Yes,392.75,8.06,83.88,37,Male
O100519,C17343,P244682,Electronics,310.35749999999996,0.05,1,UPI,2025-02-18,4,West,No,357.73,8.26,34.67,29,Male
O100520,C17206,P224118,Sports,86.07,0.0,1,PayPal,2025-04-29,4,Central,No,86.07,7.68,18.14,69,Female
O100521,C15596,P206674,Beauty,12.07,0.0,1,Debit Card,2024-11-22,4,West,No,12.07,4.31,1.12,40,Female
O100522,C15801,P242331,Home,270.3,0.05,1,Debit Card,2025-05-15,5,West,No,256.79,8.25,63.65,55,Female
O100523,C12806,P224998,Fashion,25.28,0.0,2,COD,2025-07-24,3,North,No,50.56,6.8,10.9,53,Male
O100524,C10537,P215316,Electronics,86.68,0.15,5,Wallet,2023-12-05,6,West,No,368.39,8.73,35.48,48,Female
O100525,C15986,P216217,Fashion,22.12,0.0,1,Credit Card,2024-06-17,8,South,No,22.12,4.11,3.63,65,Male
O100526,C11841,P202005,Electronics,173.01,0.0,1,PayPal,2024-01-29,4,South,No,173.01,8.93,11.83,59,Female
O100527,C15016,P245509,Home,176.9,0.0,1,PayPal,2024-10-19,7,East,No,176.9,8.52,41.01,31,Male
O100528,C12455,P214602,Grocery,3.45,0.2,2,Credit Card,2024-12-12,3,North,No,5.52,2.33,-1.89,57,Male
O100529,C10524,P221645,Toys,9.49,0.0,1,Debit Card,2024-04-19,5,West,No,9.49,4.32,-0.52,29,Male
O100530,C16971,P245371,Electronics,75.9,0.05,1,PayPal,2024-09-16,7,East,No,72.1,7.03,1.62,59,Female
O100531,C15625,P213987,Grocery,25.84,0.1,1,COD,2025-05-02,6,East,No,23.26,3.6,-1.74,23,Male
O100532,C12950,P249915,Home,179.87,0.0,1,COD,2025-07-22,4,North,No,179.87,7.48,42.88,38,Male
O100533,C17992,P213543,Fashion,33.29,0.0,4,Credit Card,2025-06-01,6,South,No,133.16,8.25,38.36,50,Male
O100534,C14131,P227944,Sports,65.28,0.0,1,Credit Card,2025-02-07,4,South,No,65.28,8.9,10.68,45,Male
O100535,C14780,P209144,Fashion,13.95,0.05,1,Credit Card,2024-12-15,5,South,No,13.25,4.08,0.56,42,Male
O100536,C14115,P243882,Fashion,28.86,0.1,1,Credit Card,2025-02-09,6,South,No,25.97,4.12,4.97,57,Male
O100537,C12368,P238459,Electronics,310.35749999999996,0.0,1,Debit Card,2025-02-18,5,East,No,392.75,8.32,83.88,41,Male
O100538,C13847,P239827,Home,29.65,0.1,5,Credit Card,2023-12-27,6,East,No,133.43,7.09,30.27,48,Female
O100539,C16655,P230741,Electronics,310.35749999999996,0.0,1,PayPal,2024-05-08,3,Central,No,392.75,8.24,54.24,48,Female
O100540,C14495,P204479,Toys,2.95,0.0,1,COD,2025-02-24,5,West,No,2.95,2.35,-1.17,65,Female
O100541,C12701,P204198,Home,59.18,0.0,1,UPI,2023-10-26,6,West,No,59.18,6.62,9.95,39,Male
O100542,C10971,P209091,Home,257.13,0.0,2,Credit Card,2025-02-28,3,North,No,392.75,8.18,83.88,30,Male
O100543,C16002,P247836,Electronics,241.35,0.2,3,Credit Card,2023-11-26,6,South,Yes,392.75,9.03,60.48,36,Female
O100544,C16614,P204205,Toys,25.86,0.1,2,Debit Card,2025-07-09,5,East,No,46.55,6.41,12.21,67,Male
O100545,C11166,P203641,Home,24.39,0.1,1,Debit Card,2024-07-19,5,East,No,21.95,3.79,2.36,50,Male
O100546,C15211,P203543,Home,161.44,0.0,1,Credit Card,2024-09-26,4,North,No,161.44,7.03,38.17,69,Male
O100547,C17521,P248192,Toys,35.62,0.05,1,Debit Card,2025-07-13,5,East,No,33.84,5.55,7.99,57,Female
O100548,C14929,P205591,Electronics,310.35749999999996,0.1,5,Debit Card,2024-11-13,3,North,No,392.75,10.62,83.88,58,Male
O100549,C15919,P244601,Home,86.08,0.0,1,Debit Card,2023-11-29,3,North,No,86.08,5.45,18.65,43,Female
O100550,C12774,P229341,Beauty,60.45,0.0,1,Wallet,2024-02-16,4,Central,No,60.45,6.16,21.04,31,Female
O100551,C11982,P229055,Home,122.65,0.15,1,COD,2024-04-16,5,West,No,104.25,6.87,22.32,54,Male
O100552,C10853,P206116,Fashion,88.73,0.0,1,Debit Card,2024-09-04,4,West,No,88.73,6.31,24.75,60,Male
O100553,C14146,P200761,Fashion,16.81,0.05,3,PayPal,2025-04-17,7,West,No,47.91,8.5,8.27,66,Male
O100554,C13736,P202407,Fashion,16.6,0.15,1,Credit Card,2024-10-19,7,East,No,14.11,3.5,1.44,24,Female
O100555,C13769,P231594,Grocery,19.48,0.2,2,PayPal,2024-07-20,4,West,No,31.17,3.74,-1.25,24,Male
O100556,C10574,P200885,Fashion,56.15,0.0,5,PayPal,2025-04-04,4,North,No,280.75,10.5,83.88,39,Male
O100557,C13261,P232195,Fashion,60.46,0.2,1,Credit Card,2023-10-07,5,East,No,48.37,4.57,12.36,53,Male
O100558,C11148,P235411,Toys,7.31,0.0,1,PayPal,2024-03-21,4,West,No,7.31,2.23,0.69,56,Other
O100559,C16293,P227819,Home,77.18,0.0,5,Credit Card,2025-07-09,3,North,No,385.9,9.53,83.88,64,Male
O100560,C16457,P211125,Home,49.36,0.0,1,UPI,2025-03-24,7,East,No,49.36,5.82,8.0,59,Female
O100561,C16713,P221494,Beauty,4.73,0.1,5,Credit Card,2025-05-29,4,North,No,21.29,4.71,4.87,41,Male
O100562,C17509,P234236,Beauty,8.59,0.0,1,Debit Card,2025-01-28,5,South,No,8.59,3.7,0.17,30,Male
O100563,C16448,P224585,Beauty,133.63,0.0,1,Credit Card,2025-02-16,4,West,No,133.63,7.13,53.0,30,Female
O100564,C11715,P222045,Electronics,136.65,0.0,3,Credit Card,2024-01-12,4,West,No,392.75,7.62,41.57,45,Male
O100565,C14777,P222447,Toys,5.41,0.0,3,Debit Card,2024-08-22,3,Central,No,16.23,4.93,1.56,69,Female
O100566,C14933,P246134,Fashion,63.69,0.0,1,COD,2025-02-22,4,South,No,63.69,4.6,17.69,59,Male
O100567,C13854,P239783,Fashion,50.32,0.05,1,Debit Card,2024-07-09,4,South,No,47.8,4.74,11.99,24,Female
O100568,C15173,P226238,Electronics,310.35749999999996,0.1,1,Credit Card,2024-04-28,4,West,No,392.75,9.26,44.24,48,Male
O100569,C17146,P239091,Toys,22.85,0.0,3,COD,2025-07-06,4,West,No,68.55,5.2,22.22,19,Female
O100570,C12491,P241703,Beauty,9.18,0.0,1,Debit Card,2025-02-28,4,West,No,9.18,4.56,-0.43,31,Female
O100571,C12660,P235196,Sports,78.34,0.0,2,Credit Card,2025-07-24,6,East,No,156.68,11.05,35.95,38,Male
O100572,C17136,P211685,Sports,29.11,0.0,1,PayPal,2025-01-11,5,South,No,29.11,8.32,0.41,40,Female
O100573,C16407,P212738,Electronics,145.03,0.0,1,Credit Card,2024-04-13,4,North,No,145.03,7.12,10.28,67,Male
O100574,C13124,P242076,Fashion,218.21,0.0,1,PayPal,2024-04-11,3,North,No,218.21,7.13,69.24,47,Male
O100575,C15691,P248647,Home,181.75,0.0,1,PayPal,2025-08-06,3,North,No,181.75,7.98,42.91,37,Female
O100576,C13051,P215772,Fashion,80.09,0.05,1,Debit Card,2025-01-28,7,South,No,76.09,6.77,19.86,65,Female
O100577,C17787,P210633,Fashion,6.5,0.3,1,Debit Card,2025-01-23,3,North,No,4.55,0.8,0.79,63,Male
O100578,C10004,P223492,Toys,11.47,0.0,3,Credit Card,2024-01-21,4,West,No,34.41,5.31,8.45,22,Female
O100579,C15222,P243961,Sports,89.67,0.0,1,Credit Card,2025-08-15,5,South,No,89.67,6.86,20.04,59,Female
O100580,C15315,P248049,Fashion,12.97,0.0,1,Credit Card,2024-07-17,6,South,No,12.97,4.94,-0.4,32,Male
O100581,C14869,P236855,Toys,39.12,0.05,2,Credit Card,2025-02-08,6,East,No,74.33,7.93,21.8,19,Female
O100582,C10876,P206228,Beauty,6.68,0.05,4,Credit Card,2025-08-27,4,North,No,25.38,3.29,8.13,35,Female
O100583,C10991,P202831,Electronics,310.35749999999996,0.0,1,Wallet,2023-12-24,5,South,No,378.9,7.97,37.5,60,Male
O100584,C17027,P220045,Home,116.07,0.0,1,Wallet,2024-08-15,5,West,No,116.07,8.1,24.4,33,Male
O100585,C17517,P218132,Fashion,98.05,0.15,1,Credit Card,2024-06-17,4,South,No,83.34,8.08,21.09,28,Male
O100586,C14142,P211055,Fashion,23.37,0.0,1,Credit Card,2025-05-02,3,North,No,23.37,3.84,4.34,62,Female
O100587,C17010,P224318,Fashion,21.43,0.1,1,Credit Card,2025-06-20,3,North,No,19.29,3.65,3.1,47,Other
O100588,C16966,P213795,Grocery,25.67,0.0,1,UPI,2024-06-21,5,South,No,25.67,6.2,-4.15,26,Male
O100589,C17079,P240320,Home,42.95,0.0,1,UPI,2025-08-07,4,North,Yes,42.95,5.46,6.57,24,Male
O100590,C17987,P219648,Toys,28.95,0.1,1,Credit Card,2023-10-19,6,East,No,26.06,4.04,6.38,52,Female
O100591,C16799,P222158,Fashion,15.43,0.05,1,Credit Card,2025-05-13,5,North,No,14.66,0.74,4.39,31,Female
O100592,C14364,P221747,Electronics,310.35749999999996,0.0,2,Credit Card,2025-05-28,4,Central,No,392.75,10.87,83.88,65,Female
O100593,C14465,P223234,Grocery,25.05,0.15,1,UPI,2023-10-11,5,South,No,21.29,7.13,-5.43,36,Female
O100594,C10635,P247373,Home,213.9,0.0,1,Debit Card,2024-06-03,5,West,No,213.9,8.65,51.24,31,Female
O100595,C15225,P231560,Grocery,9.9,0.05,1,PayPal,2023-12-08,3,North,No,9.4,3.07,-2.32,22,Female
O100596,C11693,P211282,Electronics,61.19,0.0,4,UPI,2024-11-21,7,East,No,244.76,8.38,20.99,43,Female
O100597,C11682,P233831,Grocery,2.87,0.0,1,UPI,2024-03-21,5,South,No,2.87,3.23,-3.0,22,Male
O100598,C14752,P223043,Home,90.31,0.0,1,Debit Card,2024-06-09,4,West,Yes,90.31,7.08,18.21,62,Female
O100599,C10119,P246112,Electronics,64.5,0.2,1,PayPal,2025-05-27,4,South,No,51.6,6.09,0.1,38,Other
O100600,C10830,P220929,Sports,16.45,0.15,3,UPI,2024-11-03,3,Central,No,41.95,5.41,7.18,32,Male
O100601,C15906,P248666,Toys,4.64,0.0,1,Credit Card,2023-09-24,5,West,No,4.64,2.28,-0.42,65,Male
O100602,C13675,P235500,Electronics,148.23,0.15,1,Wallet,2024-04-19,5,Central,No,126.0,7.12,8.0,19,Female
O100603,C15177,P201872,Grocery,19.22,0.0,1,UPI,2024-09-09,10,East,No,19.22,4.02,-2.48,24,Male
O100604,C16070,P237488,Sports,14.84,0.0,1,COD,2024-05-01,3,Central,No,14.84,3.63,0.82,23,Female
O100605,C11369,P201969,Fashion,207.22,0.1,1,Wallet,2025-03-23,6,South,No,186.5,7.75,57.52,64,Male
O100606,C10740,P225460,Electronics,153.99,0.05,1,Credit Card,2024-04-15,5,West,No,146.29,6.03,11.52,57,Male
O100607,C17641,P212155,Home,60.82,0.0,2,COD,2024-08-05,5,North,No,121.64,6.64,27.42,60,Female
O100608,C10116,P211870,Fashion,19.01,0.0,1,Debit Card,2024-10-12,5,West,No,19.01,4.56,2.09,60,Male
O100609,C15949,P249470,Home,131.43,0.0,1,COD,2025-02-12,3,Central,No,131.43,6.36,30.44,59,Male
O100610,C12838,P228392,Toys,2.39,0.05,1,UPI,2024-02-05,3,Central,No,2.27,1.43,-0.52,24,Female
O100611,C11150,P203717,Sports,19.66,0.0,1,Credit Card,2024-07-10,7,East,No,19.66,4.92,0.98,57,Female
O100612,C17560,P201374,Home,23.69,0.1,1,COD,2024-03-15,4,North,No,21.32,7.19,-1.22,54,Male
O100613,C11931,P221826,Electronics,310.35749999999996,0.3,1,PayPal,2025-04-07,4,South,No,283.48,8.22,25.8,25,Female
O100614,C11012,P208679,Grocery,6.26,0.0,1,Credit Card,2025-03-05,5,East,No,6.26,2.11,-1.61,57,Male
O100615,C11664,P249602,Fashion,33.29,0.1,2,Credit Card,2025-02-15,5,South,No,59.92,4.53,16.44,19,Female
O100616,C11081,P213427,Fashion,152.26,0.1,4,COD,2025-01-15,4,South,No,392.75,10.02,83.88,63,Male
O100617,C14729,P223564,Sports,31.95,0.0,3,Debit Card,2024-09-16,4,South,No,95.85,7.05,21.7,22,Male
O100618,C10512,P234708,Toys,3.43,0.05,1,Credit Card,2024-11-10,5,South,No,3.26,0.78,0.52,43,Female
O100619,C17918,P235135,Grocery,8.67,0.15,1,Credit Card,2025-02-17,7,East,No,7.37,3.77,-3.18,25,Male
O100620,C12849,P244196,Grocery,3.36,0.05,2,PayPal,2025-06-29,5,South,No,6.38,4.7,-4.19,25,Female
O100621,C15215,P224271,Grocery,3.06,0.05,1,PayPal,2023-09-18,3,North,No,2.91,2.11,-1.88,35,Other
O100622,C17805,P216631,Home,79.5,0.3,1,UPI,2024-09-30,5,West,No,55.65,6.61,8.97,62,Female
O100623,C15237,P219887,Electronics,310.35749999999996,0.15,1,Credit Card,2023-11-20,4,West,No,348.47,10.0,31.82,36,Male
O100624,C10559,P225259,Beauty,9.82,0.05,1,Debit Card,2024-09-07,4,South,No,9.33,3.1,1.1,24,Male
O100625,C13672,P232396,Electronics,310.35749999999996,0.0,3,Debit Card,2023-11-24,5,South,No,392.75,11.07,83.88,55,Female
O100626,C14583,P249630,Fashion,27.13,0.0,1,UPI,2023-09-21,6,North,No,27.13,4.73,4.77,36,Male
O100627,C17404,P219144,Electronics,310.35749999999996,0.1,1,COD,2024-05-23,4,West,No,392.75,8.95,83.88,37,Male
O100628,C14992,P212655,Fashion,38.34,0.0,1,UPI,2024-01-28,6,West,No,38.34,6.39,7.03,51,Female
O100629,C13343,P240736,Home,180.81,0.0,1,COD,2023-12-07,3,North,No,180.81,9.76,40.87,23,Male
O100630,C15308,P249060,Home,258.93,0.0,5,Wallet,2024-05-04,3,North,No,392.75,10.1,83.88,19,Female
O100631,C14070,P220836,Home,109.33,0.0,1,UPI,2024-07-20,4,South,No,109.33,6.57,24.04,30,Male
O100632,C14799,P247511,Toys,39.35,0.1,1,Debit Card,2023-12-09,4,South,No,35.42,6.22,7.95,49,Male
O100633,C11470,P201368,Sports,56.69,0.2,2,Wallet,2024-01-07,7,South,No,90.7,5.83,21.38,62,Female
O100634,C10580,P234994,Grocery,6.95,0.05,3,PayPal,2024-01-21,5,South,No,19.81,3.16,-1.58,40,Female
O100635,C16933,P244456,Home,218.06,0.0,2,Wallet,2025-02-20,6,East,No,392.75,9.13,83.88,38,Male
O100636,C17004,P236380,Fashion,18.58,0.15,1,UPI,2024-02-20,7,South,No,15.79,3.87,1.66,41,Male
O100637,C12294,P212199,Electronics,310.35749999999996,0.1,2,COD,2024-02-20,4,South,Yes,392.75,8.9,83.88,26,Female
O100638,C13147,P242802,Sports,17.89,0.1,1,Credit Card,2023-09-22,4,Central,No,16.1,4.5,0.33,63,Male
O100639,C14249,P211569,Toys,21.85,0.0,1,Credit Card,2023-12-04,4,South,No,21.85,3.15,5.59,54,Female
O100640,C11679,P233827,Fashion,144.92,0.0,1,COD,2024-03-13,4,Central,No,144.92,8.31,42.41,68,Female
O100641,C13506,P231182,Toys,13.99,0.05,1,Credit Card,2025-03-17,8,East,No,13.29,3.8,1.52,26,Female
O100642,C15092,P213115,Beauty,16.18,0.05,1,Debit Card,2025-07-27,4,West,No,15.37,3.11,3.81,46,Female
O100643,C17253,P221649,Electronics,302.75,0.05,2,UPI,2023-10-12,5,East,No,392.75,9.12,59.91,59,Female
O100644,C12744,P218195,Sports,135.02,0.0,3,Debit Card,2023-12-04,5,East,No,392.75,11.24,83.88,55,Male
O100645,C13356,P230596,Beauty,13.89,0.2,1,COD,2024-12-19,4,South,No,11.11,4.32,0.68,36,Female
O100646,C14045,P234961,Electronics,50.04,0.05,3,Credit Card,2024-09-14,5,East,No,142.61,8.23,8.88,65,Male
O100647,C11243,P227003,Home,101.81,0.0,4,Debit Card,2023-12-07,4,Central,No,392.75,9.44,83.88,38,Female
O100648,C15188,P216551,Toys,12.69,0.1,1,Debit Card,2025-07-25,4,South,No,11.42,3.89,0.68,22,Female
O100649,C13118,P248896,Beauty,21.64,0.0,2,Debit Card,2024-11-16,5,North,No,43.28,4.04,15.44,39,Male
O100650,C15104,P223826,Fashion,66.77,0.0,4,UPI,2023-11-04,4,Central,No,267.08,7.1,83.88,24,Male
O100651,C12141,P236950,Grocery,5.39,0.0,1,Debit Card,2025-03-21,6,North,No,5.39,2.8,-2.37,51,Female
O100652,C15869,P224729,Fashion,39.6,0.05,2,PayPal,2023-10-28,6,East,No,75.24,7.19,19.14,37,Female
O100653,C15053,P203868,Fashion,19.37,0.0,1,Credit Card,2024-09-30,6,South,No,19.37,3.81,2.97,18,Other
O100654,C13059,P241274,Fashion,35.24,0.0,2,Credit Card,2025-06-13,4,North,No,70.48,5.94,18.73,60,Female
O100655,C14548,P238718,Grocery,6.56,0.1,1,COD,2024-01-09,5,South,No,5.9,2.65,-2.18,27,Female
O100656,C15323,P232353,Home,70.63,0.0,3,Credit Card,2024-01-21,3,North,No,211.89,7.8,51.53,18,Female
O100657,C12959,P241682,Sports,95.15,0.05,2,Credit Card,2025-05-09,6,East,No,180.78,7.78,46.45,24,Male
O100658,C12265,P230653,Grocery,16.4,0.2,1,Debit Card,2023-12-27,4,South,No,13.12,5.98,-4.93,50,Female
O100659,C16617,P214141,Toys,2.25,0.0,1,Credit Card,2025-02-13,6,Central,No,2.25,2.36,-1.46,31,Female
O100660,C12479,P211537,Electronics,310.35749999999996,0.15,1,Debit Card,2025-08-22,3,North,No,392.75,9.23,65.24,67,Male
O100661,C16484,P230401,Toys,10.91,0.0,1,Debit Card,2024-06-18,4,South,No,10.91,3.07,1.29,47,Male
O100662,C14646,P227387,Sports,111.45,0.0,1,Credit Card,2025-05-31,5,West,No,111.45,9.29,24.15,50,Male
O100663,C11635,P216154,Fashion,11.42,0.2,1,PayPal,2025-06-12,5,North,No,9.14,4.76,-1.56,62,Male
O100664,C15408,P235077,Fashion,46.66,0.1,1,Credit Card,2024-07-16,4,West,No,41.99,5.28,9.42,45,Female
O100665,C17421,P206630,Sports,121.57,0.0,1,Debit Card,2024-10-27,4,West,No,121.57,6.56,29.91,20,Female
O100666,C11757,P243461,Fashion,13.42,0.0,1,Debit Card,2023-12-10,5,South,No,13.42,4.88,-0.18,63,Male
O100667,C14452,P214778,Fashion,124.58,0.0,1,Credit Card,2023-11-01,4,South,No,124.58,7.48,36.12,31,Male
O100668,C12070,P244293,Sports,149.3,0.0,1,Credit Card,2024-06-14,3,North,No,149.3,5.38,39.41,59,Female
O100669,C15881,P223070,Grocery,11.05,0.2,1,Debit Card,2025-02-28,4,North,No,8.84,1.69,-0.98,41,Female
O100670,C16665,P213416,Electronics,109.02,0.0,1,PayPal,2024-08-23,5,East,No,109.02,5.81,7.27,43,Male
O100671,C15877,P249501,Home,274.2,0.0,1,Credit Card,2025-06-27,5,North,No,274.2,9.55,67.23,60,Female
O100672,C17267,P225399,Beauty,4.74,0.0,2,Credit Card,2023-10-02,6,East,No,9.48,4.17,0.1,66,Male
O100673,C12849,P208629,Sports,22.03,0.05,1,Credit Card,2024-05-04,3,North,No,20.93,3.57,2.71,26,Male
O100674,C13251,P208360,Grocery,16.77,0.1,1,Debit Card,2024-11-10,3,Central,No,15.09,5.21,-4.0,39,Female
O100675,C17390,P212011,Sports,38.8,0.0,1,Debit Card,2024-02-20,4,Central,No,38.8,4.78,6.86,43,Male
O100676,C16905,P240721,Beauty,18.07,0.0,1,Wallet,2023-12-25,7,West,No,18.07,3.01,5.12,18,Other
O100677,C13730,P236069,Grocery,11.19,0.0,1,Credit Card,2023-11-17,5,North,No,11.19,3.4,-2.5,32,Female
O100678,C12489,P211227,Electronics,249.2,0.05,1,Debit Card,2025-02-04,5,North,No,236.74,7.5,20.91,27,Male
O100679,C11631,P239587,Electronics,78.48,0.0,2,Credit Card,2025-05-28,5,South,No,156.96,8.16,10.68,61,Other
O100680,C12816,P244550,Beauty,35.77,0.0,5,Debit Card,2023-12-08,7,East,No,178.85,9.48,71.0,55,Female
O100681,C11015,P202769,Fashion,18.49,0.0,2,Credit Card,2024-12-07,4,West,No,36.98,5.11,7.83,18,Male
O100682,C11348,P210492,Electronics,310.35749999999996,0.0,1,Credit Card,2025-02-23,5,East,No,392.75,9.88,48.44,64,Female
O100683,C14611,P203345,Fashion,103.56,0.1,4,Debit Card,2025-04-22,4,West,Yes,372.82,8.33,83.88,48,Female
O100684,C13087,P202665,Sports,85.59,0.0,1,COD,2024-05-04,3,North,Yes,85.59,6.27,19.41,37,Male
O100685,C12839,P224807,Grocery,17.14,0.05,1,Debit Card,2024-06-18,4,South,No,16.28,4.22,-2.92,25,Male
O100686,C10335,P243552,Electronics,62.23,0.0,1,COD,2025-05-16,6,West,No,62.23,4.43,3.04,68,Female
O100687,C15878,P212366,Beauty,3.92,0.05,1,Debit Card,2023-10-09,5,South,No,3.72,2.49,-0.82,35,Male
O100688,C16401,P209325,Fashion,15.8,0.1,1,Credit Card,2024-07-28,6,East,No,14.22,3.84,1.14,69,Male
O100689,C14592,P205440,Sports,53.64,0.0,3,PayPal,2024-06-29,4,North,No,160.92,8.17,40.11,45,Female
O100690,C10895,P228222,Beauty,7.95,0.0,1,PayPal,2025-01-18,4,West,No,7.95,4.2,-0.62,32,Male
O100691,C16303,P226951,Grocery,14.27,0.05,1,UPI,2025-04-22,4,Central,No,13.56,3.38,-2.3,46,Male
O100692,C13546,P239878,Electronics,155.36,0.1,1,Debit Card,2024-02-03,6,South,No,139.82,6.54,10.24,36,Male
O100693,C10851,P220264,Home,256.11,0.05,1,PayPal,2024-03-26,3,North,No,243.3,9.81,58.31,48,Male
O100694,C11687,P219121,Fashion,45.43,0.0,1,UPI,2024-03-25,5,North,No,45.43,5.67,10.23,47,Male
O100695,C11931,P218815,Beauty,14.64,0.05,1,PayPal,2025-05-01,4,North,No,13.91,2.58,3.68,61,Male
O100696,C16833,P244263,Toys,45.97,0.3,3,Debit Card,2025-04-17,7,East,No,96.54,5.63,32.99,69,Male
O100697,C13746,P230311,Grocery,24.2,0.05,2,COD,2025-08-19,5,West,No,45.98,4.95,-1.27,29,Male
O100698,C12427,P242397,Home,235.81,0.0,1,Credit Card,2024-02-21,4,South,No,235.81,9.24,56.79,55,Male
O100699,C11568,P219749,Toys,27.63,0.0,1,PayPal,2025-02-01,4,West,No,27.63,5.26,5.79,58,Female
O100700,C14000,P229218,Fashion,51.83,0.0,4,Debit Card,2024-03-09,7,East,No,207.32,7.99,64.57,47,Male
O100701,C15052,P215533,Electronics,198.53,0.05,2,Debit Card,2025-04-06,5,South,No,377.21,9.21,36.06,69,Female
O100702,C12738,P244133,Toys,12.8,0.1,1,Debit Card,2025-01-08,7,East,No,11.52,2.04,2.57,20,Male
O100703,C13498,P244867,Electronics,310.35749999999996,0.05,1,COD,2024-03-20,7,East,No,369.1,9.12,35.17,35,Female
O100704,C15732,P201316,Electronics,111.68,0.0,1,COD,2024-02-04,5,West,No,111.68,5.45,7.95,37,Male
O100705,C15387,P237972,Fashion,91.49,0.0,1,Debit Card,2024-08-16,4,Central,No,91.49,7.61,24.41,38,Female
O100706,C17744,P221388,Home,310.35749999999996,0.05,2,Debit Card,2024-05-09,6,Central,No,392.75,9.92,83.88,24,Female
O100707,C15536,P213512,Electronics,83.52,0.3,1,Debit Card,2024-04-22,7,East,No,58.46,5.86,1.16,58,Male
O100708,C15287,P200684,Toys,2.45,0.0,1,Credit Card,2025-07-19,5,North,No,2.45,0.31,0.67,60,Male
O100709,C13913,P227164,Home,30.27,0.0,1,COD,2025-05-01,5,West,No,30.27,5.92,2.56,39,Female
O100710,C11066,P239208,Home,197.85,0.1,2,PayPal,2024-05-16,4,North,No,356.13,9.94,83.88,30,Female
O100711,C17723,P211735,Fashion,10.61,0.0,1,Debit Card,2024-02-29,4,West,No,10.61,2.84,0.87,19,Female
O100712,C14380,P235855,Home,71.31,0.05,3,Credit Card,2024-06-06,7,West,No,203.23,6.85,50.05,63,Male
O100713,C12444,P242635,Toys,3.28,0.3,1,Debit Card,2024-08-31,4,West,No,2.3,1.96,-1.04,37,Female
O100714,C14107,P238546,Grocery,8.46,0.05,1,Credit Card,2024-01-04,3,North,No,8.04,2.56,-1.92,50,Male
O100715,C15726,P248797,Grocery,13.19,0.0,1,Credit Card,2025-09-05,5,East,No,13.19,3.68,-2.62,53,Male
O100716,C13373,P208079,Home,140.38,0.1,1,COD,2023-09-27,5,Central,Yes,126.34,6.74,28.64,43,Male
O100717,C13969,P222412,Grocery,10.63,0.1,3,Credit Card,2024-10-08,4,South,No,28.7,4.82,-2.52,27,Male
O100718,C17420,P235862,Fashion,141.8,0.05,2,Wallet,2024-05-01,6,East,No,269.42,10.17,83.88,51,Female
O100719,C12546,P219191,Electronics,296.17,0.0,1,Credit Card,2025-05-18,4,Central,No,296.17,7.0,28.54,59,Male
O100720,C10753,P214821,Toys,40.56,0.05,1,Debit Card,2024-01-31,7,East,No,38.53,6.54,8.87,23,Female
O100721,C12082,P207582,Electronics,310.35749999999996,0.0,1,UPI,2025-04-26,6,South,No,392.75,10.75,83.88,25,Male
O100722,C12774,P209012,Electronics,134.84,0.0,1,PayPal,2024-05-11,4,North,No,134.84,7.11,9.07,26,Female
O100723,C12896,P233655,Grocery,5.06,0.0,4,Credit Card,2025-06-03,3,North,No,20.24,4.52,-2.9,58,Female
O100724,C14185,P244688,Toys,16.51,0.0,3,UPI,2025-05-21,8,South,No,49.53,6.74,13.07,63,Female
O100725,C10775,P238783,Electronics,115.44,0.0,1,Debit Card,2025-06-22,3,Central,No,115.44,6.87,6.98,56,Female
O100726,C16748,P214530,Toys,18.33,0.2,2,Credit Card,2023-09-29,4,North,No,29.33,5.65,6.08,48,Female
O100727,C17113,P220377,Toys,24.68,0.0,3,Credit Card,2025-03-26,5,Central,No,74.04,9.62,20.0,32,Male
O100728,C11625,P245221,Grocery,1.82,0.05,1,UPI,2023-10-17,8,North,No,1.73,1.92,-1.78,24,Male
O100729,C13069,P221653,Beauty,31.02,0.0,1,Debit Card,2024-02-23,5,South,No,31.02,6.02,7.94,30,Male
O100730,C10417,P240276,Sports,27.08,0.0,1,Credit Card,2023-11-09,3,North,No,27.08,3.45,4.67,54,Male
O100731,C10114,P220380,Toys,9.0,0.0,1,UPI,2024-07-13,5,South,No,9.0,3.14,0.46,57,Male
O100732,C10616,P200556,Sports,142.01,0.0,5,COD,2024-03-04,5,South,No,392.75,10.45,83.88,27,Female
O100733,C13974,P226790,Sports,27.57,0.05,1,Credit Card,2025-04-22,4,South,No,26.19,4.23,3.63,53,Female
O100734,C13267,P208900,Beauty,21.59,0.0,5,PayPal,2024-01-14,5,South,No,107.95,8.9,39.68,21,Male
O100735,C10825,P233485,Home,127.13,0.0,1,Wallet,2024-06-27,4,North,No,127.13,9.03,26.57,55,Male
O100736,C17668,P236433,Grocery,3.36,0.0,1,Credit Card,2025-01-25,4,North,No,3.36,3.15,-2.88,26,Female
O100737,C15745,P213891,Fashion,20.8,0.0,1,Credit Card,2025-01-03,6,South,No,20.8,3.3,3.98,18,Male
O100738,C11516,P243104,Electronics,310.35749999999996,0.05,1,Wallet,2025-01-02,7,South,No,335.44,7.81,32.44,64,Male
O100739,C13146,P215014,Toys,14.16,0.05,1,COD,2024-07-21,5,East,No,13.45,5.11,0.27,22,Male
O100740,C10412,P206547,Fashion,58.04,0.0,1,Debit Card,2023-10-09,3,North,No,58.04,6.38,13.93,55,Male
O100741,C17543,P237964,Beauty,50.26,0.05,3,UPI,2024-12-21,4,North,No,143.24,8.17,56.29,64,Male
O100742,C17587,P229932,Electronics,97.15,0.0,1,Debit Card,2025-06-13,5,West,No,97.15,6.56,5.1,64,Male
O100743,C10728,P244739,Beauty,4.79,0.0,1,Credit Card,2025-05-12,4,West,No,4.79,3.74,-1.58,40,Female
O100744,C13348,P220263,Grocery,15.47,0.2,1,COD,2025-01-16,6,East,No,12.38,3.76,-2.77,33,Female
O100745,C17164,P219320,Sports,154.79,0.0,1,Debit Card,2025-04-01,5,Central,No,154.79,8.47,37.97,58,Other
O100746,C12808,P247984,Fashion,34.33,0.0,1,PayPal,2023-12-24,5,South,No,34.33,3.58,8.44,30,Female
O100747,C10675,P243374,Grocery,7.59,0.1,1,PayPal,2023-11-22,4,Central,No,6.83,2.96,-2.41,30,Male
O100748,C13465,P239459,Fashion,49.66,0.05,1,Wallet,2025-07-29,5,West,No,47.18,6.46,10.05,64,Female
O100749,C15988,P207045,Home,115.56,0.05,3,Debit Card,2024-05-25,7,South,No,329.35,8.96,83.26,65,Male
O100750,C12504,P243255,Home,98.7,0.0,1,Credit Card,2024-05-16,5,Central,No,98.7,6.54,21.1,51,Female
O100751,C12967,P201237,Grocery,23.48,0.1,1,UPI,2024-02-20,4,Central,No,21.13,5.39,-3.7,32,Female
O100752,C16335,P243077,Electronics,111.93,0.0,1,Credit Card,2025-04-03,4,South,No,111.93,7.72,5.71,23,Female
O100753,C12786,P239240,Sports,122.42,0.0,2,Debit Card,2025-07-26,5,South,No,244.84,6.64,66.81,67,Female
O100754,C17856,P236326,Home,188.04,0.0,4,COD,2023-10-25,5,East,No,392.75,9.41,83.88,48,Male
O100755,C11122,P205293,Electronics,310.35749999999996,0.05,5,PayPal,2023-12-13,4,North,No,392.75,12.75,83.88,53,Male
O100756,C14079,P225274,Grocery,39.21,0.1,1,Credit Card,2025-09-04,6,East,No,35.29,7.5,-4.68,54,Male
O100757,C11571,P219237,Beauty,20.37,0.0,1,Debit Card,2025-05-14,6,West,No,20.37,3.85,5.32,39,Female
O100758,C15073,P228384,Sports,65.9,0.0,1,Credit Card,2023-11-05,6,East,No,65.9,4.46,15.31,23,Male
O100759,C15104,P230993,Fashion,39.47,0.0,1,PayPal,2025-07-11,3,Central,No,39.47,6.34,7.47,25,Female
O100760,C12143,P212811,Toys,27.94,0.0,1,COD,2024-02-28,9,East,No,27.94,5.2,5.98,64,Female
O100761,C11687,P218229,Toys,2.34,0.0,3,Credit Card,2025-08-26,5,Central,No,7.02,3.23,-0.42,62,Female
O100762,C16806,P239130,Home,35.19,0.3,2,PayPal,2023-11-17,3,Central,No,49.27,3.62,10.18,19,Male
O100763,C17357,P213311,Beauty,61.37,0.1,1,Debit Card,2024-02-20,6,South,No,55.23,6.57,18.28,59,Female
O100764,C17903,P223040,Grocery,3.86,0.05,1,Credit Card,2025-03-04,4,Central,No,3.67,2.69,-2.4,69,Male
O100765,C14132,P203182,Toys,7.1,0.05,1,Debit Card,2024-03-19,4,South,No,6.74,4.38,-1.68,19,Male
O100766,C13851,P247066,Home,310.35749999999996,0.0,2,Credit Card,2025-05-09,3,North,No,392.75,9.61,83.88,40,Male
O100767,C13440,P249615,Sports,44.27,0.1,1,Credit Card,2024-03-09,3,North,No,39.84,4.62,7.33,27,Male
O100768,C13766,P205760,Toys,8.75,0.0,1,Credit Card,2024-03-25,4,North,No,8.75,3.75,-0.25,38,Other
O100769,C15644,P207260,Electronics,310.35749999999996,0.0,5,Credit Card,2025-04-07,3,North,No,392.75,12.68,83.88,51,Female
O100770,C12326,P233218,Beauty,14.52,0.15,1,Credit Card,2023-10-26,5,South,No,12.34,3.85,1.7,59,Male
O100771,C16360,P246475,Grocery,9.97,0.2,3,Debit Card,2024-06-14,3,North,No,23.93,7.03,-5.12,63,Male
O100772,C12914,P201915,Grocery,11.82,0.1,1,PayPal,2024-07-13,5,West,No,10.64,2.3,-1.45,56,Female
O100773,C14968,P209115,Toys,41.87,0.1,1,Debit Card,2024-10-15,3,North,No,37.68,6.36,8.71,22,Female
O100774,C15917,P207076,Electronics,76.24,0.1,1,Credit Card,2024-01-15,5,South,No,68.62,4.86,3.37,47,Female
O100775,C15392,P214814,Grocery,4.98,0.05,2,PayPal,2025-01-08,6,North,No,9.46,3.51,-2.75,24,Male
O100776,C13952,P233083,Beauty,24.67,0.0,1,COD,2024-08-27,5,Central,No,24.67,4.95,6.15,39,Male
O100777,C16205,P204793,Fashion,33.04,0.05,4,Credit Card,2023-10-29,5,West,No,125.55,5.74,38.2,62,Male
O100778,C10595,P201262,Sports,42.07,0.0,1,COD,2025-03-01,4,South,No,42.07,6.36,6.26,63,Female
O100779,C15999,P209319,Toys,12.36,0.0,2,Wallet,2025-03-17,5,South,No,24.72,4.98,4.91,31,Other
O100780,C10728,P213194,Electronics,310.35749999999996,0.1,2,Credit Card,2023-10-12,4,South,No,392.75,11.97,83.88,68,Female
O100781,C11365,P219309,Grocery,1.28,0.0,1,Credit Card,2025-06-19,5,West,No,1.28,1.7,-1.6,48,Female
O100782,C14492,P228760,Grocery,3.09,0.0,1,Debit Card,2023-12-17,4,South,No,3.09,3.36,-3.11,33,Male
O100783,C10698,P226998,Electronics,56.12,0.0,1,Credit Card,2024-10-04,5,East,No,56.12,5.49,1.24,50,Male
O100784,C17186,P203468,Grocery,12.85,0.05,1,Credit Card,2024-12-13,5,South,No,12.21,2.29,-1.31,19,Female
O100785,C16320,P246642,Grocery,1.17,0.2,1,UPI,2025-01-21,5,South,No,0.94,0.29,-0.21,32,Female
O100786,C15731,P212651,Electronics,246.68,0.1,1,Debit Card,2024-03-15,5,West,No,222.01,9.61,17.03,46,Female
O100787,C10395,P220405,Fashion,101.39,0.0,1,UPI,2024-04-28,6,South,No,101.39,8.06,27.43,52,Female
O100788,C16588,P214482,Home,23.46,0.0,1,Debit Card,2024-12-19,5,South,No,23.46,3.03,3.54,20,Female
O100789,C17400,P204409,Fashion,27.34,0.0,2,Wallet,2024-01-24,4,West,No,54.68,5.63,13.51,55,Female
O100790,C14171,P200547,Sports,56.69,0.1,1,Debit Card,2023-12-16,5,South,No,51.02,5.56,9.75,43,Male
O100791,C14360,P237659,Fashion,27.12,0.1,1,Credit Card,2024-12-08,4,North,No,24.41,4.37,4.17,19,Female
O100792,C12502,P219907,Grocery,18.12,0.0,1,Credit Card,2024-12-04,5,East,No,18.12,5.63,-4.18,18,Female
O100793,C11819,P223426,Grocery,1.06,0.05,1,Credit Card,2025-05-17,8,East,No,1.01,1.99,-1.91,23,Female
O100794,C10717,P242489,Fashion,79.44,0.1,5,Credit Card,2025-09-09,5,Central,No,357.48,9.23,83.88,56,Male
O100795,C12782,P214436,Home,250.5,0.1,2,Debit Card,2025-05-22,4,Central,No,392.75,8.81,83.88,35,Female
O100796,C17551,P216490,Beauty,16.83,0.05,5,COD,2024-11-09,4,Central,No,79.94,7.22,28.75,59,Female
O100797,C17731,P228962,Beauty,56.45,0.15,2,Debit Card,2024-05-07,4,West,No,95.96,6.79,36.39,54,Male
O100798,C14946,P238236,Home,73.16,0.0,1,Credit Card,2025-01-19,7,North,No,73.16,4.39,16.09,26,Male
O100799,C13577,P229288,Electronics,310.35749999999996,0.05,1,Debit Card,2024-10-15,4,West,No,392.75,8.35,41.31,34,Female
O100800,C15486,P222236,Electronics,210.02,0.0,2,Debit Card,2025-03-17,5,East,No,392.75,7.4,43.0,52,Female
O100801,C10143,P214923,Electronics,62.54,0.15,1,Credit Card,2025-08-02,5,East,No,53.16,5.0,1.38,55,Male
O100802,C14980,P201250,Grocery,2.15,0.0,1,Credit Card,2024-04-25,4,Central,No,2.15,1.01,-0.84,39,Male
O100803,C13140,P213264,Fashion,33.69,0.1,1,Credit Card,2025-03-19,7,East,No,30.32,5.63,4.98,42,Female
O100804,C17266,P201611,Electronics,310.35749999999996,0.2,1,UPI,2024-12-18,6,West,No,392.75,11.19,83.88,65,Male
O100805,C14491,P207928,Beauty,7.79,0.05,2,Credit Card,2025-02-01,5,Central,No,14.8,4.55,2.11,57,Male
O100806,C17192,P234558,Electronics,310.35749999999996,0.1,1,Credit Card,2025-09-04,3,North,No,392.75,9.97,74.73,43,Female
O100807,C17091,P200867,Electronics,310.35749999999996,0.15,2,Credit Card,2025-06-29,8,East,No,392.75,10.26,83.88,35,Female
O100808,C12938,P231689,Beauty,15.91,0.0,1,Credit Card,2023-09-26,4,West,No,15.91,3.92,3.24,26,Male
O100809,C15588,P245213,Beauty,18.18,0.0,1,Credit Card,2024-10-14,6,East,No,18.18,3.74,4.44,65,Female
O100810,C17651,P233095,Electronics,277.11,0.2,4,PayPal,2024-05-12,3,North,No,392.75,10.01,83.88,68,Female
O100811,C13636,P203816,Home,203.74,0.0,1,Wallet,2024-08-31,4,South,No,203.74,10.29,46.76,49,Male
O100812,C13222,P232626,Home,27.39,0.0,1,Credit Card,2025-08-24,5,Central,No,27.39,6.66,1.01,21,Female
O100813,C11167,P235916,Beauty,12.76,0.0,1,Credit Card,2025-05-26,3,Central,No,12.76,3.89,1.85,50,Female
O100814,C12616,P247838,Sports,28.41,0.05,1,UPI,2025-08-05,4,North,No,26.99,5.44,2.66,56,Female
O100815,C11062,P211573,Fashion,108.6,0.3,2,Credit Card,2024-05-07,5,East,No,152.04,8.45,44.76,43,Female
O100816,C12156,P243334,Home,19.63,0.0,1,UPI,2024-11-25,4,Central,No,19.63,4.04,1.46,53,Female
O100817,C17860,P218939,Toys,29.08,0.1,1,PayPal,2025-05-31,6,West,Yes,26.17,5.14,5.33,32,Female
O100818,C15161,P213157,Grocery,8.63,0.0,1,Wallet,2025-01-18,3,Central,No,8.63,3.99,-3.3,28,Male
O100819,C15305,P209322,Grocery,17.51,0.0,1,COD,2024-04-14,5,West,No,17.51,5.27,-3.87,67,Male
O100820,C12982,P202482,Home,300.5,0.05,1,Credit Card,2023-10-24,9,East,No,285.47,8.24,71.69,60,Female
O100821,C16541,P235867,Beauty,13.17,0.0,1,Credit Card,2023-12-18,3,North,No,13.17,2.87,3.06,35,Male
O100822,C13294,P244280,Beauty,9.31,0.05,1,Credit Card,2024-01-23,7,South,No,8.84,4.16,-0.18,19,Female
O100823,C14729,P213675,Toys,22.66,0.2,1,UPI,2025-06-22,5,Central,No,18.13,4.35,2.9,36,Female
O100824,C11156,P230420,Toys,120.04,0.15,1,Debit Card,2025-04-13,5,South,No,102.03,6.63,34.18,62,Female
O100825,C17330,P242516,Fashion,69.29,0.1,1,Credit Card,2025-01-28,4,South,No,62.36,5.41,16.42,53,Male
O100826,C15334,P211735,Electronics,310.35749999999996,0.0,1,Debit Card,2024-05-24,3,North,Yes,392.75,8.69,59.23,27,Female
O100827,C10732,P213850,Home,140.86,0.0,1,PayPal,2024-12-11,5,South,No,140.86,6.78,32.66,50,Female
O100828,C14330,P206732,Fashion,27.58,0.1,1,Debit Card,2024-05-31,5,West,No,24.82,6.84,1.85,55,Female
O100829,C16801,P240753,Grocery,15.0,0.1,2,PayPal,2024-10-25,4,South,No,27.0,4.95,-2.79,33,Female
O100830,C14846,P245468,Fashion,11.77,0.0,3,COD,2025-03-21,5,South,No,35.31,4.59,7.77,35,Male
O100831,C16731,P238822,Fashion,37.99,0.0,1,UPI,2023-10-27,3,North,No,37.99,6.23,7.07,30,Female
O100832,C17176,P249720,Grocery,12.21,0.05,2,Credit Card,2024-07-05,4,North,No,23.2,4.03,-2.17,61,Male
O100833,C17241,P234422,Electronics,310.35749999999996,0.0,5,Credit Card,2025-04-20,5,East,No,392.75,12.7,83.88,51,Male
O100834,C10953,P232731,Fashion,129.01,0.0,1,Credit Card,2023-12-15,5,East,No,129.01,7.13,38.02,34,Male
O100835,C12539,P211428,Home,18.16,0.0,1,Credit Card,2024-02-14,5,East,No,18.16,5.96,-0.88,51,Male
O100836,C17056,P211311,Beauty,27.48,0.0,1,COD,2024-04-11,6,East,No,27.48,4.29,8.08,61,Male
O100837,C13324,P203733,Fashion,83.25,0.3,1,Debit Card,2024-07-17,6,North,No,58.28,6.58,13.82,60,Male
O100838,C13301,P239579,Home,111.23,0.0,2,Credit Card,2024-03-11,4,Central,No,222.46,8.11,54.18,67,Female
O100839,C11542,P208342,Fashion,9.94,0.05,1,Credit Card,2024-04-11,6,West,No,9.44,3.05,0.25,18,Female
O100840,C15293,P210464,Beauty,9.49,0.0,1,Wallet,2023-09-13,5,South,No,9.49,3.45,0.82,59,Female
O100841,C15772,P248514,Home,59.55,0.1,3,COD,2024-02-22,4,North,No,160.78,6.79,38.23,57,Female
O100842,C11191,P245311,Toys,23.38,0.1,2,Wallet,2024-11-21,6,South,No,42.08,4.21,12.62,69,Other
O100843,C16313,P210300,Home,18.93,0.2,1,Credit Card,2025-04-17,3,North,No,15.14,3.05,1.19,61,Female
O100844,C15512,P234563,Home,115.03,0.05,1,Credit Card,2025-04-13,6,South,No,109.28,6.64,23.96,20,Male
O100845,C12993,P248960,Beauty,5.83,0.2,1,Debit Card,2024-02-16,4,South,No,4.66,1.91,0.19,61,Male
O100846,C16938,P213708,Electronics,213.39,0.0,1,Credit Card,2024-12-07,4,Central,No,213.39,8.49,17.12,40,Male
O100847,C12681,P228090,Electronics,230.16,0.0,1,Wallet,2024-11-29,6,West,No,230.16,8.23,19.39,42,Female
O100848,C11217,P249151,Toys,13.82,0.05,1,Credit Card,2024-01-20,6,West,No,13.13,1.97,3.28,44,Female
O100849,C11540,P241308,Fashion,66.01,0.0,1,Credit Card,2024-10-21,6,West,No,66.01,4.89,18.21,33,Other
O100850,C16172,P216328,Sports,18.33,0.2,1,Credit Card,2025-03-17,4,West,No,14.66,6.14,-1.74,41,Male
O100851,C13236,P226654,Electronics,151.5,0.0,2,COD,2024-05-15,4,Central,Yes,303.0,8.61,27.75,59,Male
O100852,C15541,P206214,Toys,22.15,0.0,1,Debit Card,2023-12-19,3,North,No,22.15,4.04,4.82,68,Female
O100853,C12386,P238913,Grocery,38.85,0.15,1,Debit Card,2024-11-06,5,South,No,33.02,6.81,-4.17,31,Female
O100854,C13719,P227552,Home,137.68,0.1,1,Credit Card,2025-02-06,7,East,No,123.91,6.99,27.7,29,Other
O100855,C15615,P235377,Home,292.91,0.1,1,Credit Card,2024-09-26,5,East,No,263.62,8.01,65.8,68,Female
O100856,C11388,P225734,Home,310.35749999999996,0.0,1,UPI,2025-04-06,3,Central,No,392.75,8.67,83.88,68,Female
O100857,C11856,P224721,Grocery,29.35,0.0,2,COD,2024-08-13,6,East,No,58.7,6.88,-2.18,61,Male
O100858,C11365,P218610,Electronics,310.35749999999996,0.0,4,COD,2024-06-13,4,North,No,392.75,12.86,83.88,42,Female
O100859,C10499,P213622,Sports,157.58,0.0,1,PayPal,2024-12-13,7,West,No,157.58,8.42,38.85,58,Female
O100860,C11680,P228875,Sports,224.54,0.05,1,Debit Card,2025-03-24,6,East,No,213.31,8.32,55.67,41,Female
O100861,C10510,P223226,Home,99.03,0.1,1,COD,2025-03-19,6,East,No,89.13,5.96,19.0,28,Female
O100862,C17494,P227677,Fashion,25.84,0.0,1,COD,2025-01-31,6,East,No,25.84,6.23,2.81,28,Female
O100863,C14312,P210298,Fashion,310.35749999999996,0.05,1,UPI,2025-08-18,5,East,No,385.32,9.29,83.88,65,Female
O100864,C11324,P235848,Toys,4.02,0.05,2,Debit Card,2025-04-16,6,South,Yes,7.64,1.04,2.02,58,Female
O100865,C11155,P233755,Electronics,310.35749999999996,0.0,1,UPI,2024-04-07,5,South,No,392.75,11.06,83.88,54,Male
O100866,C11827,P217744,Beauty,16.81,0.3,1,Debit Card,2025-04-30,5,South,No,11.77,2.9,2.4,59,Female
O100867,C13141,P223434,Fashion,6.11,0.0,1,Credit Card,2025-03-14,8,South,No,6.11,3.4,-1.26,35,Female
O100868,C17419,P240314,Fashion,84.88,0.15,2,Debit Card,2025-07-13,6,West,No,144.3,8.64,41.86,61,Female
O100869,C13486,P248001,Home,87.34,0.0,1,Credit Card,2025-02-19,9,East,No,87.34,7.18,17.28,21,Female
O100870,C11810,P201726,Grocery,22.1,0.1,1,UPI,2024-01-13,5,West,No,19.89,4.13,-2.54,53,Male
O100871,C16588,P248917,Beauty,4.12,0.0,1,COD,2025-03-26,6,South,No,4.12,2.33,-0.48,67,Female
O100872,C12923,P214268,Toys,73.89,0.0,1,Debit Card,2023-12-30,9,South,No,73.89,7.83,21.73,24,Female
O100873,C15301,P246745,Beauty,30.24,0.0,2,Credit Card,2025-05-01,4,North,No,60.48,4.3,22.92,25,Female
O100874,C12214,P200907,Sports,14.84,0.1,1,Wallet,2025-08-14,4,Central,No,13.36,2.99,1.02,65,Female
O100875,C14186,P225759,Home,10.61,0.3,3,UPI,2025-03-03,4,North,No,22.28,4.82,1.42,44,Female
O100876,C10713,P213764,Grocery,12.87,0.1,2,Debit Card,2024-01-01,6,East,No,23.17,3.98,-2.13,44,Male
O100877,C15977,P224409,Home,310.35749999999996,0.0,1,Debit Card,2024-04-28,5,East,No,392.75,7.82,83.88,23,Other
O100878,C13602,P208390,Beauty,21.19,0.05,4,Debit Card,2024-06-24,5,North,No,80.52,5.95,30.28,63,Male
O100879,C14134,P230172,Beauty,13.7,0.0,2,Debit Card,2024-08-26,4,South,No,27.4,6.24,6.09,55,Male
O100880,C17293,P235223,Fashion,142.45,0.0,1,PayPal,2024-01-05,5,East,No,142.45,6.85,43.01,58,Male
O100881,C13522,P237976,Fashion,208.17,0.05,1,COD,2025-04-29,4,West,No,197.76,8.37,60.85,23,Female
O100882,C14268,P240542,Electronics,310.35749999999996,0.0,2,PayPal,2024-05-12,6,East,Yes,392.75,9.58,83.88,27,Male
O100883,C14748,P247324,Sports,134.45,0.0,1,Credit Card,2023-10-03,5,West,No,134.45,7.67,32.66,36,Female
O100884,C14849,P248196,Fashion,5.1,0.0,4,UPI,2025-09-09,6,South,No,20.4,4.25,2.89,26,Female
O100885,C11243,P203365,Home,59.56,0.0,1,COD,2024-08-13,5,South,No,59.56,6.59,10.09,59,Female
O100886,C13709,P225836,Grocery,35.14,0.0,1,COD,2023-11-29,4,West,No,35.14,4.06,-1.25,51,Male
O100887,C11081,P228554,Beauty,14.25,0.0,1,COD,2023-11-11,4,West,No,14.25,1.86,4.55,58,Other
O100888,C15779,P221663,Electronics,182.38,0.0,1,Credit Card,2025-06-04,5,Central,No,182.38,7.26,14.63,24,Male
O100889,C16619,P205951,Toys,17.15,0.0,1,UPI,2024-07-14,4,West,No,17.15,2.8,4.06,42,Other
O100890,C10455,P215175,Fashion,34.2,0.05,1,Debit Card,2024-09-08,4,West,No,32.49,5.34,6.03,59,Male
O100891,C14924,P211027,Beauty,50.96,0.0,1,Debit Card,2024-11-15,5,South,No,50.96,6.59,16.34,61,Female
O100892,C10894,P242273,Home,21.22,0.2,1,Wallet,2025-02-11,3,North,No,16.98,4.75,0.0,32,Male
O100893,C11384,P210094,Fashion,57.86,0.0,2,Credit Card,2024-07-04,4,North,No,115.72,6.49,34.01,45,Male
O100894,C11958,P223081,Electronics,310.35749999999996,0.0,2,Credit Card,2024-03-23,7,East,No,392.75,8.93,83.88,60,Female
O100895,C13072,P212167,Fashion,109.29,0.0,1,Debit Card,2024-10-06,4,Central,No,109.29,6.89,31.36,52,Female
O100896,C16530,P208769,Electronics,224.68,0.0,2,Credit Card,2025-09-08,6,South,No,392.75,10.32,43.6,43,Female
O100897,C11996,P223060,Fashion,22.19,0.05,1,PayPal,2024-10-13,5,South,No,21.08,3.99,3.39,61,Female
O100898,C16491,P201020,Grocery,13.97,0.1,1,Credit Card,2024-09-08,3,Central,No,12.57,6.57,-5.56,57,Female
O100899,C14285,P211845,Home,179.94,0.1,1,Credit Card,2024-02-19,4,West,No,161.95,8.87,36.48,45,Female
O100900,C10504,P236612,Toys,5.69,0.05,1,Wallet,2024-09-06,7,East,No,5.41,4.34,-2.18,54,Male
O100901,C11214,P236341,Beauty,7.22,0.0,4,Credit Card,2024-06-19,5,North,No,28.88,4.82,8.18,26,Female
O100902,C11531,P210485,Sports,40.09,0.0,1,Credit Card,2025-02-19,3,Central,No,40.09,5.71,6.32,19,Female
O100903,C13440,P238210,Electronics,142.6,0.2,2,Credit Card,2025-04-29,4,West,No,228.16,8.84,18.54,68,Other
O100904,C17576,P207914,Fashion,73.29,0.2,2,Credit Card,2024-02-27,5,South,No,117.26,7.23,33.81,40,Male
O100905,C10823,P240719,Home,109.61,0.1,2,Credit Card,2025-06-17,4,West,No,197.3,8.26,46.98,42,Female
O100906,C10928,P208802,Grocery,11.45,0.0,1,Credit Card,2024-04-12,3,Central,No,11.45,3.9,-2.98,41,Female
O100907,C15029,P241288,Electronics,54.81,0.2,1,Debit Card,2024-09-02,7,South,No,43.85,7.0,-1.74,35,Female
O100908,C15236,P233314,Home,310.35749999999996,0.05,1,Debit Card,2024-10-21,6,East,Yes,392.75,8.78,83.88,26,Male
O100909,C10133,P248298,Electronics,310.35749999999996,0.0,1,Credit Card,2023-10-08,4,Central,No,392.75,9.08,65.98,57,Female
O100910,C12105,P219565,Home,87.21,0.05,3,Credit Card,2023-11-21,7,West,No,248.55,7.54,62.05,29,Female
O100911,C13627,P227617,Beauty,4.7,0.0,1,UPI,2024-07-15,4,West,No,4.7,2.36,-0.24,59,Other
O100912,C14780,P241766,Sports,126.54,0.0,1,Debit Card,2025-05-19,6,East,No,126.54,6.52,31.44,52,Male
O100913,C16815,P225609,Electronics,298.89,0.0,1,Credit Card,2025-07-17,4,Central,No,298.89,8.94,26.93,50,Male
O100914,C16316,P244233,Electronics,310.35749999999996,0.15,3,Credit Card,2024-03-22,5,Central,No,392.75,9.45,83.88,50,Female
O100915,C11852,P220371,Home,159.03,0.0,1,Debit Card,2024-05-05,6,South,No,159.03,8.74,35.79,61,Female
O100916,C14910,P248384,Grocery,3.21,0.0,1,PayPal,2024-02-25,3,Central,No,3.21,1.2,-0.94,46,Male
O100917,C15268,P219124,Fashion,24.6,0.0,1,Debit Card,2024-03-17,5,South,No,24.6,4.18,4.43,37,Female
O100918,C14175,P212717,Home,12.36,0.0,2,Debit Card,2025-05-25,5,Central,No,24.72,6.46,0.46,21,Other
O100919,C12933,P248193,Home,310.35749999999996,0.05,3,PayPal,2025-08-31,5,Central,No,392.75,10.56,83.88,36,Female
O100920,C13284,P237669,Electronics,310.35749999999996,0.0,1,Credit Card,2025-05-04,6,South,No,392.75,10.09,59.96,41,Male
O100921,C14298,P226272,Toys,53.97,0.05,1,COD,2025-03-02,3,North,No,51.27,3.98,16.53,31,Female
O100922,C12811,P211842,Fashion,7.22,0.2,3,COD,2024-07-11,5,East,No,17.33,4.65,1.42,30,Female
O100923,C15348,P238476,Sports,78.23,0.2,1,Debit Card,2023-11-02,4,West,No,62.58,6.1,12.67,55,Female
O100924,C15795,P202082,Home,191.18,0.0,1,UPI,2024-06-11,5,East,No,191.18,8.31,45.22,31,Female
O100925,C11250,P226261,Beauty,5.68,0.0,3,Debit Card,2025-06-23,7,East,No,17.04,6.11,1.56,36,Male
O100926,C15778,P220970,Electronics,310.35749999999996,0.0,5,Credit Card,2024-05-19,7,West,No,392.75,11.7,83.88,31,Female
O100927,C15651,P209795,Grocery,14.73,0.0,1,Credit Card,2025-03-22,6,East,No,14.73,4.79,-3.61,68,Female
O100928,C13512,P245309,Fashion,211.34,0.0,4,Credit Card,2024-04-24,4,Central,No,392.75,10.88,83.88,56,Male
O100929,C17569,P233028,Sports,24.93,0.05,1,Credit Card,2024-09-05,5,East,No,23.68,4.7,2.4,61,Male
O100930,C16190,P220180,Toys,21.52,0.0,1,Wallet,2024-09-19,4,West,No,21.52,4.61,4.0,33,Female
O100931,C11256,P246335,Beauty,75.03,0.0,2,Credit Card,2024-12-11,5,North,No,150.06,5.41,62.12,29,Male
O100932,C13376,P227351,Fashion,71.93,0.0,1,Credit Card,2024-09-27,4,South,No,71.93,7.01,18.17,34,Male
O100933,C15645,P238750,Grocery,6.39,0.1,2,PayPal,2023-10-27,3,Central,No,11.5,2.8,-1.88,66,Female
O100934,C15262,P233268,Fashion,11.24,0.0,3,UPI,2024-01-18,6,North,No,33.72,5.53,6.27,69,Male
O100935,C13486,P201015,Grocery,44.68,0.05,2,COD,2024-07-05,4,North,No,84.89,7.47,-0.68,20,Male
O100936,C13584,P243293,Electronics,74.25,0.0,1,PayPal,2024-10-07,6,North,No,74.25,6.54,2.37,66,Female
O100937,C11396,P224489,Home,310.35749999999996,0.0,1,UPI,2024-08-14,5,North,No,392.75,9.75,83.88,63,Male
O100938,C13637,P236731,Electronics,167.55,0.05,1,UPI,2024-06-02,3,North,No,159.17,6.62,12.48,32,Female
O100939,C13330,P211866,Electronics,310.35749999999996,0.0,2,Credit Card,2025-02-27,4,North,No,392.75,10.6,83.88,49,Male
O100940,C12703,P245015,Fashion,44.73,0.0,2,PayPal,2025-07-12,4,West,No,89.46,5.43,25.88,48,Male
O100941,C10470,P235474,Electronics,310.35749999999996,0.0,1,UPI,2025-05-26,4,Central,No,392.75,9.93,83.88,68,Male
O100942,C17114,P215272,Grocery,8.32,0.1,1,Debit Card,2025-03-26,4,West,No,7.49,2.32,-1.72,47,Female
O100943,C15131,P232161,Toys,39.28,0.05,2,PayPal,2025-07-17,5,North,No,74.63,7.47,22.38,64,Female
O100944,C11353,P202099,Electronics,138.5,0.2,2,Credit Card,2023-10-25,6,South,No,221.6,8.8,17.79,30,Male
O100945,C12783,P206386,Fashion,35.91,0.1,1,PayPal,2024-02-11,5,West,No,32.32,5.55,5.76,52,Female
O100946,C12831,P205338,Sports,194.16,0.1,1,COD,2025-07-25,4,South,No,174.74,6.66,45.76,23,Male
O100947,C15063,P208300,Home,26.59,0.1,1,Credit Card,2024-12-29,6,East,No,23.93,4.67,2.03,51,Female
O100948,C10357,P221400,Toys,27.65,0.0,2,UPI,2025-01-04,4,West,No,55.3,6.5,15.62,37,Other
O100949,C13019,P224641,Home,85.61,0.1,4,COD,2025-06-15,7,East,No,308.2,7.68,78.62,49,Male
O100950,C17575,P204297,Sports,80.79,0.05,1,Credit Card,2025-07-21,6,South,No,76.75,7.06,15.96,58,Female
O100951,C10667,P219332,Beauty,24.2,0.0,3,UPI,2023-12-07,5,North,No,72.6,6.08,26.59,45,Male
O100952,C14468,P241173,Beauty,10.9,0.0,2,UPI,2024-08-29,5,Central,No,21.8,4.69,5.12,18,Female
O100953,C15127,P247862,Fashion,9.98,0.0,1,Credit Card,2023-10-14,5,West,No,9.98,3.82,-0.33,23,Male
O100954,C11145,P215201,Home,12.48,0.05,1,Credit Card,2024-05-29,8,East,No,11.86,3.47,-0.15,40,Male
O100955,C15467,P245382,Electronics,233.21,0.0,1,Wallet,2024-02-22,7,East,No,233.21,8.58,19.41,42,Male
O100956,C16819,P246129,Beauty,10.67,0.05,3,Debit Card,2025-01-28,5,Central,Yes,30.41,6.22,7.46,52,Male
O100957,C14185,P233808,Home,141.96,0.0,1,Wallet,2024-07-18,3,North,No,141.96,5.87,33.88,40,Female
O100958,C13719,P212810,Toys,26.75,0.1,1,Credit Card,2023-10-07,4,Central,No,24.08,5.19,4.44,62,Male
O100959,C12745,P207988,Fashion,39.45,0.0,1,Credit Card,2025-08-18,4,North,No,39.45,5.63,8.18,31,Other
O100960,C17483,P240327,Home,137.04,0.05,1,PayPal,2025-03-05,5,Central,No,130.19,8.51,27.94,50,Male
O100961,C17345,P219579,Fashion,45.45,0.15,4,COD,2025-07-09,5,East,No,154.53,6.96,47.13,69,Female
O100962,C10539,P221483,Beauty,3.11,0.0,1,Credit Card,2025-08-30,5,South,No,3.11,1.16,0.24,24,Female
O100963,C12779,P200503,Toys,38.25,0.0,1,Debit Card,2024-06-26,4,West,No,38.25,6.17,9.13,56,Female
O100964,C14964,P205344,Toys,3.21,0.0,5,Credit Card,2024-11-06,4,North,No,16.05,5.13,1.29,56,Male
O100965,C14136,P208947,Grocery,7.95,0.0,1,COD,2025-09-11,5,West,No,7.95,4.41,-3.77,53,Male
O100966,C14835,P209533,Grocery,2.55,0.0,1,Credit Card,2023-10-26,5,West,No,2.55,2.95,-2.75,40,Male
O100967,C13775,P247576,Toys,23.35,0.2,1,UPI,2024-04-19,5,South,No,18.68,3.51,3.96,34,Female
O100968,C16042,P240916,Fashion,24.37,0.0,1,UPI,2025-05-16,5,West,No,24.37,3.93,4.6,40,Female
O100969,C16645,P246923,Fashion,8.63,0.05,2,Credit Card,2024-10-23,4,West,No,16.4,4.3,1.44,18,Female
O100970,C17102,P215193,Home,16.11,0.0,1,Debit Card,2024-11-11,6,West,No,16.11,4.51,0.0,53,Male
O100971,C17312,P201381,Grocery,4.56,0.05,1,Debit Card,2025-07-01,9,East,No,4.33,1.44,-1.09,63,Male
O100972,C15320,P207012,Home,154.89,0.0,1,Credit Card,2025-06-12,5,Central,No,154.89,6.07,37.3,59,Male
O100973,C15024,P215213,Fashion,67.28,0.0,1,Debit Card,2025-09-01,4,West,No,67.28,4.88,18.67,38,Male
O100974,C16132,P227563,Grocery,2.81,0.05,1,Credit Card,2025-06-17,5,East,No,2.67,1.67,-1.46,66,Female
O100975,C17891,P215212,Home,29.72,0.0,1,UPI,2025-08-01,9,East,No,29.72,4.18,4.14,69,Female
O100976,C12508,P230124,Sports,98.45,0.0,1,Debit Card,2024-03-27,4,South,No,98.45,7.1,22.44,51,Female
O100977,C12779,P246576,Toys,64.0,0.1,2,Credit Card,2024-07-14,3,Central,No,115.2,7.51,38.57,26,Female
O100978,C16895,P210711,Toys,17.83,0.0,2,COD,2025-05-18,7,West,No,35.66,4.09,10.17,58,Female
O100979,C10924,P230266,Toys,26.46,0.0,1,Debit Card,2024-07-15,4,South,No,26.46,5.59,4.99,51,Female
O100980,C12956,P247941,Toys,18.85,0.0,3,Credit Card,2023-10-11,4,Central,No,56.55,7.18,15.44,30,Male
O100981,C11581,P209515,Sports,20.89,0.05,1,Wallet,2025-01-04,3,Central,No,19.85,5.57,0.38,67,Male
O100982,C17714,P220193,Home,310.35749999999996,0.0,1,Credit Card,2024-05-20,3,North,No,392.75,10.15,83.88,27,Male
O100983,C13324,P244707,Sports,17.35,0.1,1,Credit Card,2023-10-04,4,South,No,15.62,2.83,1.86,26,Female
O100984,C14485,P202131,Toys,30.06,0.0,1,Credit Card,2024-12-10,3,North,No,30.06,5.49,6.53,19,Female
O100985,C15713,P202424,Fashion,195.77,0.1,1,Debit Card,2025-01-16,3,North,No,176.19,7.31,54.36,25,Female
O100986,C17026,P244344,Fashion,23.89,0.0,1,PayPal,2024-12-23,5,East,No,23.89,4.68,3.68,55,Male
O100987,C10255,P221823,Fashion,14.26,0.1,1,COD,2025-03-27,4,Central,No,12.83,3.93,0.56,59,Female
O100988,C14804,P209200,Beauty,23.46,0.0,1,Debit Card,2024-03-05,5,South,No,23.46,6.52,4.04,45,Male
O100989,C11838,P223031,Electronics,310.35749999999996,0.15,1,Credit Card,2025-02-06,3,Central,No,392.75,8.62,49.03,40,Female
O100990,C11944,P203216,Toys,60.71,0.0,1,Debit Card,2024-10-12,7,Central,No,60.71,6.56,17.72,51,Female
O100991,C16593,P245594,Electronics,310.35749999999996,0.1,1,Debit Card,2024-02-19,4,West,No,391.06,8.41,38.52,20,Female
O100992,C10009,P200016,Electronics,183.02,0.1,1,PayPal,2024-10-28,5,West,No,164.72,8.49,11.28,35,Male
O100993,C12871,P237438,Fashion,38.53,0.0,2,Credit Card,2025-02-14,3,Central,No,77.06,6.29,20.68,62,Other
O100994,C10797,P226378,Beauty,38.09,0.1,1,COD,2025-08-04,3,Central,No,34.28,5.64,9.79,40,Female
O100995,C17409,P235391,Fashion,81.25,0.0,4,Wallet,2025-01-09,6,East,Yes,325.0,9.76,83.88,25,Female
O100996,C17418,P231734,Home,20.18,0.05,1,Debit Card,2024-06-28,4,South,No,19.17,6.19,-0.82,44,Female
O100997,C14972,P213350,Grocery,13.52,0.0,1,PayPal,2023-12-30,7,East,No,13.52,2.45,-1.37,49,Female
O100998,C15124,P249281,Toys,69.31,0.05,1,COD,2025-02-14,3,North,No,65.84,6.57,19.77,62,Male
O100999,C17286,P214450,Toys,32.25,0.1,2,Credit Card,2024-08-14,7,East,No,58.05,7.96,15.26,40,Female
O101000,C11015,P201473,Beauty,3.18,0.1,1,Debit Card,2024-02-01,4,South,No,2.86,2.85,-1.56,39,Female
O101001,C11824,P225525,Toys,7.01,0.0,3,Debit Card,2025-05-04,4,Central,No,21.03,4.9,3.51,40,Male
O101002,C14469,P228572,Toys,13.58,0.0,2,Credit Card,2023-12-26,3,Central,No,27.16,4.74,6.12,19,Male
O101003,C13136,P242028,Grocery,17.13,0.0,1,Credit Card,2024-01-07,6,East,No,17.13,4.51,-3.14,51,Male
O101004,C12193,P237079,Electronics,310.35749999999996,0.05,2,PayPal,2024-12-15,4,North,No,392.75,9.91,61.53,61,Male
O101005,C10223,P230110,Electronics,76.16,0.0,1,Credit Card,2025-03-12,6,Central,No,76.16,7.28,1.86,58,Male
O101006,C15358,P235504,Electronics,310.35749999999996,0.0,1,Debit Card,2023-10-04,3,North,No,392.75,9.76,48.52,41,Male
O101007,C16320,P226888,Grocery,25.02,0.0,3,Wallet,2025-08-18,4,North,No,75.06,6.82,-0.82,19,Female
O101008,C15898,P201946,Beauty,8.64,0.3,1,Credit Card,2025-07-13,6,East,No,6.05,3.72,-1.0,37,Male
O101009,C14948,P221943,Home,19.19,0.05,1,Credit Card,2024-02-09,7,South,No,18.23,2.36,2.74,29,Male
O101010,C17449,P215740,Home,216.09,0.15,1,PayPal,2025-06-29,4,West,No,183.68,6.4,45.03,45,Female
O101011,C14158,P226445,Toys,22.12,0.0,4,Credit Card,2025-07-14,3,North,No,88.48,5.97,29.42,59,Male
O101012,C15336,P249452,Grocery,22.42,0.15,1,Credit Card,2024-10-14,5,North,No,19.06,5.11,-3.59,66,Male
O101013,C13925,P209176,Sports,92.22,0.05,1,Credit Card,2025-09-05,7,South,Yes,87.61,9.28,17.0,36,Female
O101014,C16970,P229866,Sports,65.02,0.0,1,Credit Card,2024-07-09,5,East,No,65.02,4.87,14.64,63,Female
O101015,C16938,P244651,Fashion,167.2,0.0,5,Wallet,2025-05-04,7,South,No,392.75,8.78,83.88,45,Male
O101016,C14784,P237269,Home,209.34,0.0,1,Credit Card,2025-01-19,8,East,No,209.34,10.0,48.62,26,Male
O101017,C15580,P211618,Grocery,7.99,0.0,3,Debit Card,2025-06-25,4,North,No,23.97,6.34,-4.42,62,Male
O101018,C14000,P224736,Toys,48.82,0.0,1,UPI,2025-03-02,6,South,No,48.82,4.79,14.74,56,Female
O101019,C11633,P238682,Sports,310.35749999999996,0.0,1,Debit Card,2023-09-29,6,South,No,392.75,9.33,83.88,33,Male
O101020,C12152,P224601,Electronics,169.77,0.15,1,Credit Card,2023-12-31,5,South,No,144.3,6.77,10.55,54,Female
O101021,C17266,P232850,Electronics,310.35749999999996,0.0,1,Credit Card,2025-03-14,5,South,No,392.75,10.5,82.47,65,Male
O101022,C10510,P241132,Electronics,65.1,0.0,4,Debit Card,2025-05-02,5,West,No,260.4,8.0,23.25,25,Female
O101023,C10384,P205804,Beauty,8.91,0.1,2,Debit Card,2024-10-09,3,Central,No,16.04,4.32,2.9,44,Female
O101024,C10404,P219525,Beauty,7.3,0.2,1,Credit Card,2024-01-02,5,West,No,5.84,4.66,-2.03,43,Male
O101025,C16966,P245061,Grocery,6.81,0.05,1,Credit Card,2023-10-25,5,West,No,6.47,4.65,-4.13,35,Male
O101026,C14613,P227419,Sports,91.32,0.0,1,Debit Card,2025-07-03,6,East,Yes,91.32,7.82,19.58,34,Male
O101027,C14571,P223746,Fashion,67.58,0.05,1,Wallet,2025-07-12,6,West,No,64.2,7.99,14.48,31,Female
O101028,C12000,P212812,Electronics,310.35749999999996,0.05,1,Credit Card,2024-03-01,4,Central,No,392.75,9.79,82.27,31,Female
O101029,C12756,P226686,Toys,5.39,0.0,3,COD,2025-01-16,5,South,No,16.17,4.12,2.35,53,Male
O101030,C11668,P235852,Home,123.68,0.0,1,COD,2023-12-04,4,North,No,123.68,7.29,27.34,35,Male
O101031,C15989,P202045,Sports,89.55,0.0,1,Debit Card,2024-01-22,7,South,No,89.55,7.2,19.66,55,Other
O101032,C16914,P225336,Beauty,18.03,0.2,1,PayPal,2025-05-31,4,North,No,14.42,3.43,3.06,65,Male
O101033,C11460,P249356,Electronics,310.35749999999996,0.15,1,PayPal,2024-04-03,4,South,Yes,370.15,9.19,35.23,39,Male
O101034,C17190,P245952,Electronics,284.08,0.0,4,PayPal,2025-07-01,5,North,Yes,392.75,11.56,83.88,65,Female
O101035,C17140,P230460,Home,115.19,0.0,2,Credit Card,2023-10-08,4,West,No,230.38,8.2,56.31,31,Male
O101036,C13636,P247143,Home,310.35749999999996,0.1,1,UPI,2025-07-27,3,North,No,285.87,8.29,71.75,22,Male
O101037,C12724,P221668,Sports,203.53,0.0,1,Credit Card,2025-08-29,4,West,No,203.53,8.38,52.68,25,Female
O101038,C14809,P234320,Beauty,24.1,0.05,1,Debit Card,2024-02-18,6,South,No,22.9,3.75,6.56,29,Other
O101039,C17625,P240584,Grocery,3.24,0.2,1,Wallet,2023-11-02,5,East,No,2.59,1.93,-1.72,49,Male
O101040,C14178,P232575,Toys,64.68,0.2,1,PayPal,2025-07-01,6,East,No,51.74,6.52,14.18,68,Female
O101041,C15264,P233592,Home,138.34,0.1,1,Credit Card,2023-12-14,5,East,No,124.51,7.14,27.72,59,Male
O101042,C17252,P236516,Home,226.92,0.0,1,PayPal,2025-06-22,6,South,No,226.92,8.12,55.42,64,Other
O101043,C17245,P205578,Sports,15.57,0.1,1,Debit Card,2025-05-31,4,Central,No,14.01,4.6,-0.4,25,Female
O101044,C16600,P237965,Electronics,310.35749999999996,0.1,1,UPI,2024-05-05,4,West,No,392.75,10.87,74.25,26,Male
O101045,C15997,P241798,Grocery,16.57,0.0,2,PayPal,2024-12-14,5,South,No,33.14,4.81,-2.16,24,Male
O101046,C12048,P221079,Home,162.28,0.0,2,Credit Card,2024-11-24,4,Central,No,324.56,7.44,83.44,32,Female
O101047,C14146,P200937,Grocery,2.54,0.0,2,Credit Card,2024-11-01,4,South,No,5.08,2.71,-2.3,61,Male
O101048,C14780,P207595,Grocery,17.43,0.1,5,PayPal,2025-01-07,4,West,No,78.44,7.91,-1.63,54,Male
O101049,C10716,P200424,Beauty,4.95,0.0,3,Credit Card,2024-08-12,4,Central,No,14.85,4.75,1.93,34,Male
O101050,C17939,P244270,Electronics,68.67,0.05,1,Debit Card,2025-02-13,4,West,No,65.24,6.83,1.0,63,Male
O101051,C15565,P203051,Beauty,12.64,0.0,1,Credit Card,2024-11-12,3,North,No,12.64,4.38,1.31,48,Male
O101052,C14544,P235673,Beauty,3.57,0.15,1,Credit Card,2025-06-26,4,West,No,3.03,0.96,0.4,37,Female
O101053,C14976,P231342,Toys,5.42,0.0,1,Credit Card,2025-03-14,7,East,No,5.42,3.23,-1.06,39,Male
O101054,C14583,P212238,Electronics,310.35749999999996,0.0,2,Credit Card,2024-12-04,5,North,No,392.75,8.63,83.88,31,Male
O101055,C11823,P227786,Home,247.18,0.15,1,COD,2024-09-18,4,North,No,210.1,6.95,51.88,25,Female
O101056,C12081,P229668,Grocery,3.61,0.05,1,Debit Card,2024-06-09,4,South,No,3.43,0.91,-0.64,69,Female
O101057,C13419,P202694,Grocery,23.82,0.05,1,Credit Card,2024-03-12,4,North,No,22.63,2.66,-0.85,66,Male
O101058,C16238,P203595,Fashion,37.2,0.05,1,Debit Card,2025-01-05,4,West,No,35.34,5.05,7.32,45,Male
O101059,C17239,P201267,Toys,64.3,0.1,1,Debit Card,2023-09-15,4,North,No,57.87,5.12,18.03,41,Male
O101060,C11574,P200421,Electronics,98.76,0.1,3,Debit Card,2024-10-11,3,North,No,266.65,7.51,24.49,30,Female
O101061,C16297,P219650,Toys,3.08,0.0,1,Debit Card,2025-06-29,4,North,No,3.08,1.71,-0.48,33,Female
O101062,C10249,P207017,Fashion,96.69,0.2,1,Credit Card,2025-03-16,5,East,Yes,77.35,5.97,21.1,56,Female
O101063,C10673,P209849,Grocery,6.92,0.0,1,Debit Card,2025-04-26,5,South,No,6.92,2.91,-2.36,43,Female
O101064,C14533,P223513,Sports,70.08,0.0,1,PayPal,2024-03-20,4,Central,No,70.08,5.05,15.97,23,Male
O101065,C12165,P249117,Home,104.41,0.0,1,Credit Card,2024-08-05,3,North,No,104.41,5.19,24.04,23,Male
O101066,C10770,P244899,Fashion,90.74,0.0,1,Credit Card,2025-02-24,4,North,No,90.74,6.17,25.59,36,Other
O101067,C13962,P241644,Fashion,8.89,0.0,1,Credit Card,2024-05-17,4,West,No,8.89,3.21,-0.1,20,Male
O101068,C17473,P202226,Sports,88.77,0.0,1,Debit Card,2024-06-29,6,South,No,88.77,7.26,19.37,49,Female
O101069,C14363,P204388,Grocery,8.41,0.15,3,PayPal,2023-11-20,4,West,No,21.45,4.6,-2.88,25,Male
O101070,C11984,P202422,Sports,50.9,0.05,1,Debit Card,2025-02-23,4,Central,No,48.36,5.65,8.86,23,Female
O101071,C11077,P239994,Toys,10.42,0.0,1,Credit Card,2025-04-16,3,North,No,10.42,4.5,-0.33,42,Male
O101072,C10235,P209269,Toys,54.39,0.1,1,UPI,2024-04-12,4,West,No,48.95,6.09,13.49,69,Female
O101073,C10388,P212177,Grocery,5.11,0.0,1,Debit Card,2024-04-04,5,North,No,5.11,4.11,-3.7,22,Female
O101074,C13037,P212032,Sports,69.62,0.0,1,Debit Card,2025-08-06,5,North,No,69.62,7.84,13.05,48,Male
O101075,C17901,P244276,Fashion,38.38,0.05,1,Debit Card,2024-08-06,5,West,No,36.46,5.48,7.28,40,Male
O101076,C14858,P207316,Toys,27.03,0.0,1,Wallet,2023-09-25,5,East,No,27.03,4.5,6.31,58,Female
O101077,C11848,P202843,Fashion,40.98,0.05,1,COD,2024-11-10,7,East,No,38.93,5.81,7.82,68,Male
O101078,C16544,P228015,Grocery,13.78,0.3,2,Credit Card,2025-05-09,6,East,No,19.29,4.45,-2.91,22,Female
O101079,C14719,P204111,Home,77.0,0.05,1,Debit Card,2024-01-18,6,West,No,73.15,7.13,13.35,61,Male
O101080,C12814,P245231,Fashion,67.35,0.0,1,Debit Card,2024-09-21,3,North,No,67.35,5.49,18.08,62,Female
O101081,C13374,P222043,Fashion,35.83,0.05,2,PayPal,2024-09-27,7,East,No,68.08,6.71,17.12,61,Female
O101082,C17062,P230101,Sports,34.77,0.1,1,Debit Card,2024-09-19,4,North,No,31.29,4.8,4.59,65,Female
O101083,C13278,P246546,Electronics,310.35749999999996,0.0,1,PayPal,2023-12-10,3,North,No,392.75,9.45,62.77,46,Other
O101084,C11252,P236992,Grocery,20.09,0.0,5,Debit Card,2025-03-23,3,Central,No,100.45,7.83,0.21,59,Female
O101085,C16996,P227870,Fashion,53.55,0.05,1,COD,2025-08-02,7,South,No,50.87,6.75,11.05,19,Female
O101086,C13981,P237747,Fashion,41.29,0.1,4,Credit Card,2024-12-13,4,Central,No,148.64,7.03,44.99,33,Female
O101087,C14673,P249577,Electronics,125.99,0.0,1,Credit Card,2025-08-22,6,East,No,125.99,8.21,6.91,63,Female
O101088,C12122,P235169,Fashion,104.69,0.0,1,Debit Card,2024-11-01,4,South,No,104.69,6.99,29.65,68,Female
O101089,C14530,P241709,Home,23.46,0.05,1,Credit Card,2024-12-17,4,Central,No,22.29,3.66,2.58,37,Female
O101090,C12150,P229415,Home,73.62,0.05,2,Wallet,2024-03-29,4,South,No,139.88,5.1,34.07,27,Male
O101091,C17589,P215685,Fashion,99.12,0.1,1,Debit Card,2024-11-26,6,Central,Yes,89.21,7.57,23.65,50,Male
O101092,C17871,P215963,Electronics,310.35749999999996,0.05,3,Credit Card,2024-05-10,6,West,No,392.75,10.76,83.88,19,Female
O101093,C14859,P229698,Fashion,33.39,0.0,1,Debit Card,2024-11-25,4,South,No,33.39,5.85,5.84,25,Female
O101094,C16881,P229150,Toys,32.82,0.0,1,Debit Card,2024-02-22,4,Central,No,32.82,4.78,8.35,43,Female
O101095,C16949,P249195,Home,310.35749999999996,0.0,2,UPI,2024-07-07,3,North,No,392.75,10.14,83.88,63,Female
O101096,C11329,P221426,Fashion,15.29,0.0,2,Debit Card,2024-07-07,5,Central,No,30.58,5.22,5.48,44,Male
O101097,C16241,P206035,Fashion,7.56,0.1,2,PayPal,2024-04-29,6,South,No,13.61,5.72,-0.96,28,Female
O101098,C16941,P207071,Beauty,18.23,0.1,5,COD,2024-09-23,4,South,No,82.04,5.2,31.72,40,Female
O101099,C11358,P220578,Fashion,21.66,0.2,4,Credit Card,2024-09-21,7,West,No,69.31,6.34,17.92,27,Female
O101100,C17002,P228044,Beauty,29.92,0.0,1,PayPal,2025-04-28,4,North,No,29.92,5.27,8.19,59,Male
O101101,C12482,P228842,Grocery,9.98,0.0,1,Debit Card,2025-04-29,5,South,No,9.98,4.26,-3.46,40,Male
O101102,C14542,P216531,Electronics,274.63,0.05,1,Credit Card,2025-03-05,7,East,No,260.9,9.55,21.76,65,Female
O101103,C12017,P202170,Electronics,192.51,0.0,2,UPI,2024-07-03,5,North,No,385.02,8.77,37.43,21,Male
O101104,C11331,P224687,Electronics,126.89,0.05,1,Wallet,2024-02-21,3,North,No,120.55,6.11,8.36,44,Male
O101105,C14344,P237886,Home,41.61,0.0,1,COD,2024-12-30,5,East,No,41.61,6.84,4.81,38,Female
O101106,C14261,P207297,Electronics,209.04,0.0,1,Credit Card,2025-05-14,5,West,No,209.04,8.07,17.01,65,Male
O101107,C17648,P204163,Home,160.78,0.05,1,Credit Card,2024-07-21,7,East,No,152.74,5.92,36.85,26,Female
O101108,C17127,P240794,Grocery,6.41,0.0,1,PayPal,2024-02-17,5,South,No,6.41,3.44,-2.93,55,Other
O101109,C11358,P241787,Electronics,178.23,0.0,3,PayPal,2024-06-26,5,South,No,392.75,8.6,55.56,59,Female
O101110,C15115,P242712,Home,82.86,0.0,1,Debit Card,2023-09-23,4,Central,No,82.86,6.61,16.59,32,Male
O101111,C14637,P235707,Toys,94.34,0.0,1,Debit Card,2024-09-18,4,South,No,94.34,8.33,29.41,43,Male
O101112,C14854,P238495,Electronics,81.09,0.0,4,UPI,2024-03-22,5,South,No,324.36,7.55,31.37,32,Male
O101113,C13177,P244688,Electronics,163.45,0.05,3,Credit Card,2023-11-14,4,South,No,392.75,10.54,45.36,68,Male
O101114,C17730,P224448,Beauty,11.46,0.1,1,PayPal,2024-07-26,3,Central,No,10.31,3.94,0.7,40,Female
O101115,C12128,P203616,Electronics,310.35749999999996,0.1,3,PayPal,2024-10-15,5,East,No,392.75,11.82,83.88,22,Female
O101116,C12180,P238173,Toys,12.28,0.0,1,Debit Card,2024-01-22,6,West,No,12.28,3.68,1.23,47,Female
O101117,C14892,P231748,Electronics,310.35749999999996,0.15,1,Debit Card,2025-09-08,3,Central,No,273.71,7.13,25.72,41,Female
O101118,C17043,P228299,Beauty,8.41,0.0,1,Debit Card,2024-09-28,5,West,No,8.41,3.55,0.23,48,Female
O101119,C10137,P243237,Sports,11.26,0.15,5,Credit Card,2025-08-15,4,South,No,47.86,5.48,8.88,62,Female
O101120,C16327,P241119,Fashion,25.38,0.0,1,Credit Card,2025-07-16,4,South,No,25.38,5.22,3.66,64,Male
O101121,C13472,P211557,Electronics,310.35749999999996,0.0,1,Debit Card,2025-06-05,5,South,No,381.16,8.96,36.78,58,Male
O101122,C15449,P238648,Electronics,310.35749999999996,0.0,1,Credit Card,2025-03-05,7,East,No,392.75,8.52,43.35,53,Male
O101123,C12832,P214096,Toys,29.57,0.0,2,COD,2024-12-31,5,South,No,59.14,7.44,16.22,59,Male
O101124,C13579,P233781,Sports,203.8,0.15,1,Credit Card,2024-01-14,5,South,No,173.23,7.6,44.37,53,Female
O101125,C15971,P208743,Fashion,11.04,0.05,1,Wallet,2024-12-23,4,Central,Yes,10.49,3.3,0.37,63,Female
O101126,C13031,P207391,Sports,18.5,0.1,1,UPI,2024-08-20,6,West,No,16.65,2.76,2.23,51,Female
O101127,C14164,P209355,Sports,162.39,0.15,1,UPI,2024-10-03,4,Central,No,138.03,6.75,34.66,66,Female
O101128,C12593,P205247,Grocery,8.53,0.0,1,Credit Card,2025-09-02,4,North,No,8.53,3.41,-2.73,45,Female
O101129,C17941,P240286,Home,310.35749999999996,0.15,1,UPI,2024-02-12,4,North,No,337.5,9.03,83.88,55,Male
O101130,C16196,P206290,Toys,58.51,0.05,1,Debit Card,2024-05-01,4,North,No,55.58,8.38,13.85,18,Male
O101131,C15569,P234076,Home,30.11,0.0,1,COD,2023-10-27,4,Central,No,30.11,5.3,3.13,28,Male
O101132,C14300,P242452,Grocery,16.47,0.0,1,Credit Card,2025-03-08,7,South,No,16.47,5.13,-3.81,41,Female
O101133,C16269,P225817,Electronics,72.58,0.0,2,Debit Card,2025-01-20,3,North,Yes,145.16,6.36,11.06,58,Male
O101134,C13818,P245491,Electronics,217.87,0.05,1,UPI,2024-10-09,7,South,No,206.98,8.88,15.96,23,Female
O101135,C14138,P237595,Toys,38.25,0.0,2,Wallet,2025-07-06,6,East,No,76.5,6.1,24.5,31,Female
O101136,C13823,P232827,Toys,14.15,0.2,1,Wallet,2025-05-09,5,West,No,11.32,3.89,0.64,19,Female
O101137,C14042,P226209,Fashion,6.68,0.15,1,Credit Card,2024-07-09,4,South,No,5.68,2.39,-0.4,61,Other
O101138,C11906,P239754,Beauty,9.73,0.1,1,Debit Card,2024-08-25,4,North,No,8.76,1.05,2.89,35,Female
O101139,C16254,P232118,Home,21.89,0.15,1,Debit Card,2024-12-30,6,East,Yes,18.61,2.55,2.66,61,Female
O101140,C10760,P243411,Electronics,220.51,0.1,1,Debit Card,2025-02-20,4,North,No,198.46,8.79,15.03,51,Female
O101141,C17830,P215216,Electronics,310.35749999999996,0.0,4,UPI,2024-12-13,4,North,No,392.75,10.67,83.88,57,Male
O101142,C17350,P207860,Electronics,310.35749999999996,0.0,1,Debit Card,2025-08-26,5,East,No,392.75,8.94,39.17,55,Female
O101143,C16991,P213425,Beauty,34.1,0.05,3,UPI,2023-12-07,5,East,No,97.18,7.62,36.11,51,Male
O101144,C16238,P213806,Fashion,28.81,0.0,5,Credit Card,2023-12-29,4,South,No,144.05,6.26,44.16,41,Other
O101145,C16090,P247718,Electronics,150.19,0.05,1,COD,2025-05-24,6,South,No,142.68,8.19,8.93,24,Female
O101146,C13445,P224911,Grocery,1.77,0.05,1,Credit Card,2025-08-27,3,North,No,1.68,1.73,-1.6,39,Male
O101147,C16031,P225406,Electronics,310.35749999999996,0.15,1,Debit Card,2025-05-27,6,East,No,392.75,11.02,83.88,60,Male
O101148,C17687,P234360,Sports,22.38,0.0,1,COD,2024-03-12,7,East,No,22.38,4.58,2.13,26,Male
O101149,C10899,P214464,Grocery,3.58,0.15,1,Debit Card,2024-09-21,6,West,No,3.04,2.68,-2.44,69,Male
O101150,C14455,P230587,Electronics,58.23,0.0,1,PayPal,2025-02-09,6,South,No,58.23,6.52,0.47,49,Male
O101151,C12947,P238865,Fashion,23.76,0.15,2,PayPal,2025-08-26,5,West,No,40.39,6.69,7.45,54,Male
O101152,C11719,P206458,Beauty,44.86,0.0,1,COD,2024-03-07,6,South,No,44.86,6.07,14.12,43,Female
O101153,C10280,P209151,Home,63.17,0.0,1,Debit Card,2025-09-03,6,West,No,63.17,6.82,10.87,61,Female
O101154,C13266,P236934,Beauty,29.87,0.05,1,Credit Card,2024-03-21,4,West,No,28.38,5.15,7.62,19,Female
O101155,C11887,P206488,Beauty,85.52,0.15,1,COD,2025-04-15,4,North,No,72.69,6.97,25.74,52,Female
O101156,C13266,P224541,Grocery,30.37,0.0,1,Credit Card,2025-08-04,5,South,No,30.37,4.03,-1.6,54,Female
O101157,C10666,P221803,Electronics,114.49,0.0,2,Credit Card,2025-04-28,4,West,No,228.98,7.25,20.23,39,Male
O101158,C14188,P243183,Toys,10.75,0.15,2,UPI,2025-02-17,5,West,No,18.27,3.47,3.84,69,Male
O101159,C10671,P244776,Fashion,73.38,0.0,4,PayPal,2024-12-05,5,East,No,293.52,9.13,83.88,52,Male
O101160,C11969,P224718,Home,310.35749999999996,0.0,5,Debit Card,2024-10-08,6,East,No,392.75,12.900000000000002,83.88,18,Other
O101161,C14156,P211170,Electronics,310.35749999999996,0.0,1,Credit Card,2023-10-17,5,South,No,392.75,9.99,45.09,35,Female
O101162,C16777,P217430,Home,48.27,0.0,1,Credit Card,2025-09-07,4,North,No,48.27,4.51,9.01,44,Female
O101163,C13122,P247284,Toys,4.8,0.05,1,PayPal,2025-04-04,7,East,No,4.56,2.68,-0.86,58,Male
O101164,C17570,P209260,Electronics,272.14,0.0,1,Debit Card,2025-02-24,3,Central,No,272.14,7.92,24.74,28,Female
O101165,C17956,P207636,Fashion,15.54,0.0,1,Debit Card,2024-05-05,4,North,Yes,15.54,4.56,0.88,28,Other
O101166,C15124,P236955,Home,44.01,0.2,1,UPI,2023-10-11,3,Central,No,35.21,7.97,1.89,38,Male
O101167,C15585,P236108,Electronics,310.35749999999996,0.0,1,Credit Card,2025-08-20,4,Central,No,377.05,8.73,36.52,69,Female
O101168,C14699,P238945,Toys,16.22,0.0,2,Debit Card,2024-11-18,6,West,Yes,32.44,5.13,7.85,27,Male
O101169,C14777,P215941,Toys,4.53,0.2,1,Credit Card,2024-07-29,5,Central,No,3.62,3.58,-2.13,49,Male
O101170,C13900,P203435,Toys,5.28,0.0,1,Debit Card,2024-11-22,6,East,No,5.28,2.88,-0.77,54,Male
O101171,C16677,P228355,Beauty,3.48,0.0,1,Debit Card,2024-02-27,5,East,No,3.48,2.27,-0.7,28,Male
O101172,C15524,P207300,Home,42.66,0.0,1,Credit Card,2024-09-08,3,North,No,42.66,4.34,7.6,25,Female
O101173,C16981,P245437,Fashion,112.34,0.0,1,Credit Card,2025-01-07,5,North,No,112.34,9.17,30.15,56,Female
O101174,C17680,P222183,Sports,164.89,0.1,1,Credit Card,2024-09-29,5,Central,Yes,148.4,7.08,37.44,50,Female
O101175,C16788,P233733,Home,80.54,0.0,1,Wallet,2024-06-20,5,South,No,80.54,7.77,14.78,40,Male
O101176,C16376,P207444,Grocery,18.83,0.1,1,COD,2025-06-17,4,West,No,16.95,5.42,-4.06,21,Male
O101177,C10523,P225755,Grocery,7.88,0.0,1,Credit Card,2024-09-06,5,West,No,7.88,5.3,-4.67,50,Female
O101178,C12393,P243394,Grocery,21.68,0.1,1,Credit Card,2023-12-04,4,West,No,19.51,3.99,-2.43,55,Female
O101179,C13117,P223062,Home,36.44,0.05,2,Debit Card,2025-04-09,6,West,No,69.24,5.92,13.47,18,Female
O101180,C12593,P214610,Home,31.79,0.1,1,Wallet,2025-01-21,6,East,No,28.61,4.24,3.77,24,Female
O101181,C11968,P200500,Toys,3.6,0.0,1,Debit Card,2024-05-19,5,East,No,3.6,2.48,-1.04,63,Female
O101182,C15197,P204554,Sports,37.22,0.0,4,Wallet,2024-02-06,5,East,No,148.88,7.35,37.31,25,Male
O101183,C11753,P249201,Sports,25.56,0.0,2,UPI,2023-12-19,5,South,No,51.12,5.53,9.81,24,Female
O101184,C15932,P225545,Fashion,83.8,0.1,1,Debit Card,2024-03-13,4,West,Yes,75.42,6.62,19.78,22,Female
O101185,C17240,P246059,Toys,7.4,0.0,1,Credit Card,2024-10-16,5,South,Yes,7.4,2.75,0.21,26,Male
O101186,C16937,P206771,Beauty,20.79,0.0,1,UPI,2024-12-21,4,Central,No,20.79,5.13,4.23,43,Male
O101187,C12296,P217499,Home,195.83,0.1,1,PayPal,2025-09-06,5,North,No,176.25,9.66,39.69,50,Male
O101188,C16190,P203932,Toys,24.23,0.0,2,Credit Card,2025-04-14,4,West,No,48.46,5.61,13.77,38,Male
O101189,C15240,P226055,Home,40.14,0.0,1,PayPal,2024-10-12,5,West,No,40.14,6.23,5.01,52,Male
O101190,C12261,P237202,Sports,17.89,0.0,1,Credit Card,2025-03-28,5,South,No,17.89,5.04,0.33,32,Female
O101191,C12286,P227700,Home,310.35749999999996,0.0,2,Credit Card,2025-04-19,5,South,No,392.75,10.96,83.88,62,Male
O101192,C15175,P203567,Beauty,26.83,0.1,1,COD,2023-12-27,6,West,No,24.15,4.64,6.23,38,Male
O101193,C16493,P201658,Electronics,310.35749999999996,0.05,1,Debit Card,2024-02-20,4,South,Yes,392.75,9.85,41.28,25,Female
O101194,C14202,P242836,Home,74.22,0.0,1,Debit Card,2024-06-01,6,East,No,74.22,8.56,12.22,21,Female
O101195,C12878,P246929,Beauty,9.78,0.0,1,COD,2025-04-07,5,West,No,9.78,3.49,0.91,61,Male
O101196,C14143,P240712,Home,109.58,0.15,1,Credit Card,2025-08-03,5,East,No,93.14,6.04,20.04,37,Male
O101197,C13644,P226627,Toys,3.59,0.0,2,UPI,2025-06-15,3,Central,No,7.18,3.53,-0.66,52,Female
O101198,C14432,P238568,Fashion,84.12,0.1,2,UPI,2024-12-11,4,Central,No,151.42,6.89,46.11,19,Female
O101199,C15145,P220760,Grocery,14.99,0.05,1,Credit Card,2024-12-14,3,Central,No,14.24,4.78,-3.64,40,Male
O101200,C16947,P229985,Home,198.8,0.0,1,UPI,2025-02-01,3,North,No,198.8,7.39,48.27,52,Male
O101201,C15376,P214408,Sports,92.82,0.2,1,COD,2024-11-02,6,East,No,74.26,5.77,16.51,33,Male
O101202,C12055,P229832,Electronics,310.35749999999996,0.05,1,Debit Card,2024-10-08,4,North,No,313.8,8.47,29.19,21,Male
O101203,C14720,P240785,Fashion,50.1,0.0,3,Debit Card,2024-10-20,4,West,No,150.3,7.35,45.26,54,Male
O101204,C15986,P235583,Toys,32.15,0.0,1,Wallet,2024-07-05,5,South,No,32.15,6.54,6.32,26,Female
O101205,C11276,P233738,Electronics,133.0,0.15,1,COD,2024-10-27,7,South,No,113.05,6.59,6.98,53,Male
O101206,C15811,P224204,Grocery,16.07,0.05,3,Debit Card,2025-03-06,5,Central,No,45.8,6.0,-2.34,26,Female
O101207,C12766,P213285,Fashion,44.56,0.0,1,Credit Card,2023-09-12,5,East,No,44.56,4.63,10.97,40,Male
O101208,C10302,P232975,Grocery,10.0,0.0,3,Debit Card,2024-09-21,8,East,No,30.0,4.66,-2.26,47,Male
O101209,C10638,P216643,Home,112.5,0.0,1,Credit Card,2024-09-20,4,Central,No,112.5,6.28,25.22,38,Female
O101210,C10055,P205025,Beauty,10.78,0.1,1,Credit Card,2024-11-29,5,West,No,9.7,3.8,0.57,19,Female
O101211,C14821,P237126,Electronics,62.28,0.0,1,UPI,2025-07-13,3,North,No,62.28,7.1,0.37,37,Female
O101212,C10525,P216888,Home,197.45,0.0,1,Debit Card,2025-07-25,7,South,No,197.45,9.0,46.29,27,Male
O101213,C14569,P245258,Electronics,310.35749999999996,0.0,1,COD,2024-11-22,4,West,No,392.75,11.07,83.88,55,Male
O101214,C14123,P234527,Beauty,19.06,0.0,1,Debit Card,2024-06-14,4,South,No,19.06,5.0,3.58,33,Female
O101215,C12125,P223898,Beauty,47.58,0.1,1,Credit Card,2023-10-27,3,North,No,42.82,7.39,11.88,49,Male
O101216,C13287,P247069,Sports,89.68,0.0,2,Debit Card,2023-10-09,4,South,No,179.36,5.69,48.12,48,Male
O101217,C17553,P214387,Toys,54.38,0.0,1,Credit Card,2024-08-15,8,East,No,54.38,4.53,17.22,40,Female
O101218,C10364,P246435,Home,103.5,0.0,1,UPI,2025-06-05,6,East,No,103.5,7.96,21.02,62,Female
O101219,C16809,P203794,Fashion,16.27,0.2,2,Credit Card,2024-08-28,3,Central,No,26.03,5.42,3.69,54,Female
O101220,C14621,P203590,Fashion,105.35,0.0,4,Debit Card,2025-01-22,4,West,No,392.75,8.54,83.88,66,Female
O101221,C16842,P214698,Toys,33.68,0.05,1,UPI,2024-02-06,5,South,No,32.0,4.35,8.45,46,Male
O101222,C15431,P212332,Electronics,214.94,0.3,1,Credit Card,2025-01-11,5,North,No,150.46,6.85,11.21,59,Female
O101223,C14978,P239738,Beauty,48.19,0.1,1,COD,2025-08-08,3,Central,No,43.37,7.3,12.22,64,Male
O101224,C15126,P209593,Electronics,52.95,0.0,1,Credit Card,2025-06-29,3,Central,No,52.95,5.95,0.4,62,Male
O101225,C15122,P230107,Fashion,84.07,0.05,1,PayPal,2025-04-26,5,East,No,79.87,6.83,21.12,44,Female
O101226,C11646,P231490,Beauty,31.54,0.0,1,Credit Card,2024-11-21,5,West,No,31.54,5.91,8.28,55,Male
O101227,C10918,P236097,Home,72.87,0.05,1,UPI,2025-05-28,5,West,No,69.23,5.2,14.18,66,Female
O101228,C12797,P211036,Home,216.48,0.05,1,COD,2024-09-18,5,East,No,205.66,7.56,50.02,47,Female
O101229,C16506,P228561,Sports,23.32,0.2,3,Credit Card,2025-05-27,7,South,No,55.97,6.26,10.53,33,Male
O101230,C15870,P214372,Fashion,16.18,0.1,3,Credit Card,2024-11-13,5,South,No,43.69,6.26,9.03,25,Male
O101231,C11531,P234860,Fashion,42.5,0.05,1,PayPal,2024-11-26,6,East,No,40.38,6.16,7.97,69,Other
O101232,C13345,P219351,Sports,219.34,0.0,1,COD,2025-08-29,5,Central,No,219.34,7.93,57.87,54,Male
O101233,C17673,P230327,Beauty,6.41,0.0,3,Credit Card,2024-07-04,6,East,No,19.23,4.33,4.32,21,Female
O101234,C16949,P218059,Electronics,310.35749999999996,0.0,1,Debit Card,2025-02-23,6,West,No,319.99,7.62,30.78,64,Other
O101235,C16882,P227188,Sports,147.56,0.0,1,Wallet,2023-12-16,5,North,No,147.56,8.08,36.19,27,Male
O101236,C11906,P233055,Beauty,36.32,0.15,2,UPI,2023-12-03,3,North,No,61.74,6.57,21.21,63,Female
O101237,C13086,P249937,Electronics,310.35749999999996,0.1,1,Debit Card,2023-09-24,3,Central,No,334.22,8.41,31.7,65,Female
O101238,C15311,P202316,Sports,288.17,0.1,2,Credit Card,2025-05-19,6,East,No,392.75,12.43,83.88,20,Male
O101239,C15750,P216259,Beauty,19.12,0.0,1,Credit Card,2025-02-04,4,North,No,19.12,4.54,4.06,20,Other
O101240,C14580,P235606,Fashion,109.35,0.05,1,Wallet,2024-02-13,3,Central,Yes,103.88,7.6,28.76,18,Female
O101241,C12075,P211829,Beauty,26.68,0.0,1,Credit Card,2024-06-22,5,Central,No,26.68,4.33,7.68,67,Female
O101242,C10713,P208137,Beauty,35.77,0.05,1,Debit Card,2025-01-01,5,South,No,33.98,5.14,10.15,24,Female
O101243,C11062,P224502,Grocery,9.23,0.1,2,Debit Card,2025-05-29,7,East,No,16.61,4.03,-2.7,33,Other
O101244,C11976,P227204,Sports,28.04,0.0,1,Debit Card,2025-04-07,5,North,No,28.04,4.42,3.99,60,Male
O101245,C11296,P201265,Fashion,10.68,0.0,2,PayPal,2025-08-03,8,West,No,21.36,3.01,4.47,62,Female
O101246,C15350,P235751,Electronics,310.35749999999996,0.0,1,COD,2024-05-15,5,East,No,392.75,10.0,40.72,61,Female
O101247,C16229,P222285,Toys,11.29,0.0,1,Credit Card,2024-05-29,5,South,No,11.29,3.24,1.28,43,Other
O101248,C17641,P224315,Toys,18.48,0.05,1,Wallet,2024-10-30,7,East,No,17.56,4.33,2.69,34,Female
O101249,C10125,P247457,Electronics,310.35749999999996,0.0,5,Wallet,2024-11-06,6,East,No,392.75,12.02,83.88,61,Female
O101250,C16955,P246875,Electronics,310.35749999999996,0.0,1,Credit Card,2025-08-12,6,East,No,392.75,10.4,55.82,50,Male
O101251,C14632,P240911,Sports,80.08,0.0,1,Credit Card,2025-04-09,5,West,No,80.08,7.52,16.5,30,Male
O101252,C16288,P240798,Sports,47.13,0.0,1,PayPal,2024-05-29,4,South,No,47.13,4.26,9.88,69,Female
O101253,C13596,P245890,Electronics,310.35749999999996,0.0,1,PayPal,2023-10-22,5,West,No,392.75,9.55,54.78,21,Male
O101254,C13283,P243420,Sports,62.78,0.0,2,COD,2023-12-29,5,South,No,125.56,7.65,30.02,25,Male
O101255,C16168,P233379,Fashion,140.72,0.0,1,COD,2024-09-24,6,West,No,140.72,7.61,41.64,45,Female
O101256,C11603,P236291,Fashion,90.58,0.0,1,Debit Card,2024-09-11,6,West,No,90.58,7.66,24.04,31,Male
O101257,C17561,P227152,Fashion,72.56,0.0,1,Debit Card,2024-06-15,5,North,No,72.56,5.56,19.84,34,Male
O101258,C10066,P205424,Beauty,9.76,0.0,2,Credit Card,2024-08-15,6,East,No,19.52,3.96,4.82,36,Female
O101259,C10232,P209939,Toys,10.86,0.0,1,Debit Card,2023-12-22,6,West,No,10.86,5.23,-0.89,38,Male
O101260,C12156,P230253,Home,258.9,0.0,1,PayPal,2023-09-28,3,North,No,258.9,7.62,64.87,57,Female
O101261,C11169,P234396,Fashion,6.15,0.15,1,Credit Card,2023-10-19,5,East,Yes,5.23,3.34,-1.51,25,Male
O101262,C12158,P213176,Grocery,21.02,0.1,2,Wallet,2024-04-04,3,North,No,37.84,4.94,-1.91,59,Male
O101263,C16371,P207907,Electronics,218.27,0.15,4,Credit Card,2025-06-15,4,North,No,392.75,10.06,78.99,24,Female
O101264,C14206,P203372,Toys,33.59,0.0,2,Credit Card,2023-12-06,5,South,No,67.18,4.82,22.05,31,Other
O101265,C11493,P227572,Toys,17.81,0.15,1,Wallet,2024-04-27,6,West,No,15.14,4.8,1.26,32,Male
O101266,C16177,P224592,Fashion,41.79,0.2,1,UPI,2025-07-07,4,West,No,33.43,5.04,6.66,48,Male
O101267,C14718,P213102,Fashion,64.46,0.2,2,Credit Card,2025-05-28,4,South,No,103.14,5.84,30.26,57,Female
O101268,C17943,P242557,Toys,34.29,0.0,2,PayPal,2023-12-21,4,North,No,68.58,9.56,17.87,34,Other
O101269,C14007,P225642,Beauty,31.97,0.1,1,Debit Card,2024-10-08,4,North,No,28.77,6.63,6.32,41,Male
O101270,C17536,P203139,Electronics,244.72,0.0,2,PayPal,2025-07-03,4,West,No,392.75,11.0,47.73,56,Female
O101271,C16891,P211643,Grocery,6.09,0.0,1,Credit Card,2024-08-03,5,West,No,6.09,3.29,-2.8,58,Female
O101272,C16738,P218643,Fashion,96.86,0.05,5,Debit Card,2025-07-07,6,South,No,392.75,10.51,83.88,40,Male
O101273,C17721,P235018,Fashion,41.17,0.1,3,Debit Card,2024-11-02,3,Central,No,111.16,6.17,32.74,21,Female
O101274,C12472,P238889,Sports,160.45,0.15,3,Wallet,2024-09-23,9,South,No,392.75,8.92,83.88,29,Female
O101275,C12660,P228780,Sports,310.35749999999996,0.2,1,Credit Card,2024-12-22,4,Central,No,392.75,9.91,83.88,18,Male
O101276,C15637,P240949,Fashion,55.77,0.1,1,Wallet,2024-09-30,5,Central,No,50.19,5.7,11.87,43,Female
O101277,C12739,P248071,Electronics,156.02,0.0,1,Credit Card,2025-05-31,3,North,No,156.02,7.25,11.47,61,Female
O101278,C15401,P216667,Beauty,52.16,0.0,1,UPI,2024-11-12,3,Central,No,52.16,7.98,15.49,29,Male
O101279,C17487,P230632,Beauty,10.83,0.0,1,Credit Card,2024-03-17,4,North,No,10.83,4.53,0.34,43,Female
O101280,C11761,P238493,Toys,7.93,0.15,2,Wallet,2025-07-10,4,West,No,13.48,3.32,2.07,35,Female
O101281,C13514,P248352,Home,20.11,0.0,1,Debit Card,2025-08-30,4,Central,No,20.11,2.91,2.72,22,Male
O101282,C11975,P229408,Sports,18.05,0.15,1,Credit Card,2024-04-13,5,East,No,15.34,4.12,0.48,57,Female
O101283,C12362,P224302,Electronics,310.35749999999996,0.2,2,COD,2024-03-06,5,West,No,392.75,10.44,83.88,40,Male
O101284,C10876,P221621,Grocery,4.45,0.0,1,Debit Card,2024-10-26,4,West,No,4.45,3.3,-2.94,69,Male
O101285,C16085,P213219,Fashion,10.66,0.0,1,UPI,2025-03-27,3,North,No,10.66,3.72,0.01,23,Male
O101286,C13812,P241562,Beauty,13.65,0.0,1,Credit Card,2023-12-04,5,West,No,13.65,5.08,1.06,69,Male
O101287,C13448,P225939,Grocery,17.46,0.05,1,COD,2024-09-28,8,South,No,16.59,2.88,-1.55,31,Female
O101288,C11312,P246880,Toys,10.16,0.1,1,Credit Card,2023-12-22,7,East,No,9.14,3.18,0.48,61,Male
O101289,C11460,P244312,Beauty,12.07,0.1,1,Debit Card,2024-02-14,5,East,No,10.86,3.18,1.71,24,Male
O101290,C12709,P236843,Sports,75.84,0.1,1,Credit Card,2024-02-13,5,South,No,68.26,6.58,13.9,58,Female
O101291,C12324,P212778,Grocery,1.28,0.15,2,Wallet,2025-03-03,4,North,No,2.18,2.07,-1.9,43,Female
O101292,C11733,P238930,Toys,15.28,0.0,2,Credit Card,2025-07-06,5,North,No,30.56,5.87,6.35,61,Female
O101293,C11605,P229870,Beauty,115.87,0.0,2,UPI,2024-04-01,6,East,No,231.74,6.58,83.88,54,Female
O101294,C15622,P240404,Sports,167.94,0.0,2,UPI,2023-10-15,4,South,No,335.88,7.39,83.88,68,Female
O101295,C16767,P222121,Electronics,73.76,0.15,1,Credit Card,2024-09-04,4,North,No,62.7,7.61,-0.09,68,Female
O101296,C12563,P240770,Home,150.05,0.05,3,UPI,2025-01-12,8,South,No,392.75,8.99,83.88,59,Female
O101297,C13421,P246221,Fashion,35.4,0.0,1,UPI,2025-09-11,4,North,No,35.4,4.45,7.94,47,Male
O101298,C16986,P230158,Home,240.43,0.0,1,UPI,2024-07-26,9,West,No,240.43,10.46,56.86,19,Male
O101299,C13517,P223456,Sports,20.2,0.15,1,Debit Card,2025-06-11,4,West,No,17.17,4.31,0.84,30,Female
O101300,C17997,P247401,Electronics,136.1,0.0,4,Credit Card,2024-12-03,7,East,No,392.75,9.15,56.18,69,Female
O101301,C12397,P212992,Electronics,310.35749999999996,0.05,1,UPI,2024-04-30,5,South,No,392.75,9.01,54.71,21,Female
O101302,C15726,P244894,Home,259.09,0.0,1,Credit Card,2023-11-14,5,West,No,259.09,7.89,64.66,29,Female
O101303,C13735,P225390,Fashion,42.05,0.05,1,Credit Card,2025-01-09,5,South,No,39.95,6.51,7.47,60,Male
O101304,C12870,P245858,Home,12.62,0.1,1,COD,2024-11-17,6,East,No,11.36,4.22,-1.04,58,Female
O101305,C11160,P216756,Grocery,30.51,0.15,3,Credit Card,2025-01-16,6,South,No,77.8,6.85,-0.63,67,Male
O101306,C14854,P221971,Sports,57.45,0.0,3,Credit Card,2024-05-15,3,North,No,172.35,8.65,43.06,33,Other
O101307,C17042,P207071,Fashion,6.99,0.05,2,Debit Card,2023-10-01,5,West,No,13.28,3.51,1.14,42,Male
O101308,C10242,P227574,Electronics,310.35749999999996,0.05,1,UPI,2024-10-04,4,West,No,392.75,10.7,58.29,55,Female
O101309,C12590,P246517,Beauty,16.26,0.0,1,COD,2025-01-25,5,East,No,16.26,6.95,0.37,22,Female
O101310,C11063,P219275,Sports,30.72,0.0,1,COD,2023-09-19,5,East,No,30.72,4.27,4.95,47,Male
O101311,C14324,P244751,Home,222.95,0.0,1,Debit Card,2024-08-12,4,North,No,222.95,8.63,53.8,57,Female
O101312,C12595,P206586,Fashion,35.09,0.0,4,Debit Card,2024-04-08,5,South,No,140.36,8.53,40.6,20,Female
O101313,C10919,P219703,Electronics,310.35749999999996,0.3,2,PayPal,2024-02-13,6,West,No,392.75,10.55,48.96,31,Female
O101314,C15342,P226765,Fashion,90.17,0.15,1,Debit Card,2025-04-02,4,South,No,76.64,7.16,19.66,36,Male
O101315,C10005,P210641,Home,107.31,0.0,1,PayPal,2025-02-14,3,North,No,107.31,6.78,23.27,26,Male
O101316,C17489,P236735,Toys,4.3,0.1,1,COD,2024-06-05,4,West,No,3.87,2.01,-0.46,57,Male
O101317,C10467,P200822,Toys,67.25,0.1,1,Credit Card,2024-11-23,5,West,No,60.52,5.86,18.35,33,Male
O101318,C15851,P232989,Home,54.45,0.2,1,Credit Card,2024-04-21,5,South,No,43.56,5.11,7.09,30,Female
O101319,C14170,P239648,Toys,103.45,0.0,1,Credit Card,2024-02-28,5,South,No,103.45,6.76,34.62,61,Other
O101320,C10003,P212129,Grocery,1.08,0.05,1,Debit Card,2025-06-11,5,Central,No,1.03,1.11,-1.03,38,Male
O101321,C15966,P215543,Sports,75.02,0.05,5,COD,2024-10-23,5,East,No,356.34,8.07,83.88,67,Male
O101322,C10645,P225963,Sports,130.02,0.1,1,Credit Card,2024-08-02,5,East,Yes,117.02,6.91,28.2,61,Male
O101323,C10117,P236656,Grocery,32.17,0.1,1,COD,2024-12-23,7,West,No,28.95,5.01,-2.69,38,Male
O101324,C12928,P229665,Fashion,79.52,0.0,2,Debit Card,2024-01-11,5,South,No,159.04,8.28,47.38,45,Male
O101325,C15725,P213499,Electronics,145.94,0.05,1,Credit Card,2024-10-01,4,North,No,138.64,7.29,9.35,55,Male
O101326,C12551,P210352,Grocery,4.67,0.1,5,Credit Card,2024-04-24,3,Central,No,21.02,4.12,-2.44,58,Female
O101327,C16117,P219654,Home,68.06,0.0,1,Credit Card,2024-12-04,4,South,No,68.06,7.21,11.85,46,Male
O101328,C15042,P210117,Toys,4.3,0.0,1,Debit Card,2025-05-23,6,East,No,4.3,3.16,-1.44,49,Female
O101329,C16717,P221077,Toys,23.78,0.0,2,Wallet,2024-02-15,6,South,No,47.56,5.94,13.08,25,Male
O101330,C15560,P245540,Home,310.35749999999996,0.0,4,Credit Card,2023-12-21,4,South,No,392.75,9.75,83.88,69,Female
O101331,C14289,P203993,Beauty,28.17,0.1,1,Credit Card,2024-09-06,6,South,No,25.35,4.69,6.72,27,Female
O101332,C10846,P218982,Beauty,21.67,0.0,1,Debit Card,2024-10-10,4,South,No,21.67,5.43,4.32,45,Male
O101333,C12762,P234434,Fashion,39.41,0.0,1,Credit Card,2023-11-22,7,East,No,39.41,6.92,6.87,64,Female
O101334,C15511,P216312,Electronics,310.35749999999996,0.15,1,Credit Card,2025-06-13,4,Central,No,290.57,11.51,23.36,61,Female
O101335,C17193,P244041,Beauty,33.38,0.1,1,Debit Card,2024-12-12,5,Central,No,30.04,4.48,9.04,61,Male
O101336,C15554,P214338,Electronics,310.35749999999996,0.0,1,UPI,2025-02-10,4,North,No,392.75,9.48,58.32,26,Female
O101337,C16316,P230173,Fashion,63.92,0.1,1,Debit Card,2024-07-29,6,North,No,57.53,5.49,14.65,35,Male
O101338,C17467,P237525,Fashion,65.03,0.0,1,Credit Card,2025-04-27,6,East,No,65.03,6.48,16.28,25,Male
O101339,C15764,P226690,Sports,308.05,0.2,1,UPI,2024-04-02,5,Central,No,246.44,8.95,64.98,50,Male
O101340,C16469,P227328,Toys,47.16,0.0,1,Debit Card,2025-07-12,5,East,No,47.16,6.22,12.64,33,Female
O101341,C15529,P211360,Beauty,45.55,0.15,1,Credit Card,2023-11-17,3,North,No,38.72,5.56,11.86,54,Female
O101342,C11141,P238883,Home,15.84,0.3,1,Debit Card,2025-02-14,4,North,No,11.09,4.66,-1.55,64,Male
O101343,C16979,P238205,Grocery,15.55,0.0,5,Wallet,2025-03-05,4,West,No,77.75,6.39,-0.17,18,Female
O101344,C11810,P222625,Electronics,247.25,0.1,1,Debit Card,2024-03-25,4,Central,No,222.52,8.25,18.45,59,Female
O101345,C10723,P242040,Fashion,52.26,0.15,1,Credit Card,2024-01-10,4,North,No,44.42,4.07,11.48,28,Female
O101346,C10224,P244894,Fashion,62.0,0.2,1,Credit Card,2024-06-02,7,East,No,49.6,5.95,11.41,59,Male
O101347,C14627,P231850,Fashion,66.66,0.05,1,Credit Card,2024-02-14,5,Central,No,63.33,5.46,16.71,61,Male
O101348,C14208,P216471,Fashion,105.09,0.05,3,PayPal,2025-09-01,7,East,No,299.51,7.57,83.88,26,Female
O101349,C16283,P239883,Fashion,123.39,0.0,4,Debit Card,2023-10-23,5,Central,No,392.75,10.43,83.88,46,Female
O101350,C14654,P227276,Fashion,50.9,0.0,1,Credit Card,2023-10-10,6,East,No,50.9,4.93,12.88,49,Female
O101351,C12048,P202703,Home,305.71,0.0,1,Credit Card,2024-03-29,5,South,No,305.71,9.04,76.56,43,Female
O101352,C16233,P211151,Home,200.46,0.0,3,Credit Card,2024-07-10,4,North,No,392.75,10.19,83.88,19,Male
O101353,C14749,P226998,Beauty,8.55,0.0,1,PayPal,2024-10-21,4,North,No,8.55,2.06,1.79,58,Female
O101354,C14415,P204147,Home,14.73,0.1,1,PayPal,2025-08-12,5,South,No,13.26,3.61,0.1,32,Male
O101355,C11573,P234515,Fashion,5.49,0.0,3,Credit Card,2024-02-11,4,Central,No,16.47,3.02,2.74,69,Male
O101356,C11828,P208232,Toys,19.37,0.0,1,Credit Card,2024-07-13,5,West,No,19.37,3.77,3.98,47,Male
O101357,C11917,P215151,Home,107.08,0.1,3,PayPal,2024-05-24,4,Central,No,289.12,7.21,73.74,56,Male
O101358,C14234,P210330,Electronics,310.35749999999996,0.1,1,COD,2025-06-06,4,South,No,392.75,9.46,37.78,28,Female
O101359,C17678,P249190,Electronics,310.35749999999996,0.0,2,Credit Card,2024-01-24,4,Central,No,392.75,12.31,83.88,36,Male
O101360,C16988,P211276,Toys,5.53,0.1,1,Credit Card,2023-11-22,4,South,No,4.98,1.82,0.17,65,Male
O101361,C12026,P218535,Sports,200.86,0.1,2,Debit Card,2025-08-01,4,West,No,361.55,7.74,83.88,21,Female
O101362,C16402,P236705,Home,23.59,0.05,2,PayPal,2024-05-30,4,Central,No,44.82,7.26,5.29,45,Female
O101363,C13744,P239654,Fashion,110.59,0.0,4,Credit Card,2024-12-06,5,Central,No,392.75,9.08,83.88,57,Male
O101364,C10901,P243050,Home,260.22,0.2,1,COD,2024-04-14,7,East,No,208.18,7.25,51.04,21,Female
O101365,C14785,P232976,Beauty,32.25,0.0,4,PayPal,2024-09-02,3,North,No,129.0,5.95,52.1,41,Male
O101366,C12039,P200599,Toys,9.02,0.05,2,Debit Card,2024-09-14,6,East,No,17.14,4.97,1.89,46,Female
O101367,C10009,P203709,Beauty,5.4,0.1,1,Credit Card,2024-12-03,5,West,No,4.86,3.81,-1.62,37,Male
O101368,C10260,P224110,Fashion,79.02,0.2,1,Credit Card,2024-10-24,4,North,No,63.22,4.88,17.25,37,Male
O101369,C16038,P249365,Electronics,129.87,0.2,1,UPI,2025-02-24,4,West,No,103.9,4.98,7.49,41,Male
O101370,C11673,P205723,Electronics,238.99,0.0,1,Debit Card,2023-12-20,6,South,No,238.99,9.5,19.18,33,Female
O101371,C12219,P246772,Sports,84.42,0.0,1,Debit Card,2023-11-22,7,South,No,84.42,5.08,20.25,65,Female
O101372,C17041,P242536,Electronics,310.35749999999996,0.0,1,PayPal,2024-06-12,3,Central,No,392.75,10.69,40.42,38,Other
O101373,C12060,P227394,Home,98.0,0.2,1,Credit Card,2024-11-06,5,North,Yes,78.4,7.0,14.95,52,Other
O101374,C15287,P210316,Sports,126.61,0.05,1,PayPal,2024-07-06,4,North,No,120.28,7.46,28.62,36,Female
O101375,C13713,P222622,Fashion,87.71,0.15,1,Debit Card,2025-05-03,7,East,No,74.55,5.96,20.13,60,Female
O101376,C11619,P224844,Sports,132.77,0.0,1,Credit Card,2025-01-24,5,East,No,132.77,6.9,32.93,69,Male
O101377,C10320,P240740,Beauty,11.72,0.0,1,COD,2024-08-17,4,North,No,11.72,3.0,2.27,25,Male
O101378,C11342,P221162,Home,305.86,0.0,1,PayPal,2025-07-24,3,North,No,305.86,8.3,77.34,59,Female
O101379,C15732,P228833,Grocery,11.53,0.0,3,Credit Card,2025-01-06,5,West,No,34.59,4.64,-1.87,62,Male
O101380,C12376,P217206,Sports,71.58,0.1,1,Credit Card,2023-10-09,5,East,No,64.42,5.99,13.34,21,Female
O101381,C12832,P224501,Home,122.68,0.15,1,Credit Card,2025-04-05,5,South,No,104.28,8.0,21.2,65,Male
O101382,C12824,P248314,Toys,14.98,0.15,1,Credit Card,2024-03-17,4,Central,No,12.73,2.84,2.25,44,Female
O101383,C11994,P210291,Sports,148.35,0.0,1,COD,2024-10-13,4,Central,No,148.35,8.35,36.15,35,Male
O101384,C12958,P244562,Toys,12.74,0.0,2,PayPal,2024-12-28,6,Central,No,25.48,3.88,6.31,61,Female
O101385,C16039,P211659,Sports,157.44,0.0,1,COD,2025-04-18,6,Central,No,157.44,9.22,38.01,37,Male
O101386,C17717,P225226,Home,197.99,0.0,1,Credit Card,2025-05-06,3,Central,No,197.99,7.73,47.71,60,Female
O101387,C12038,P240751,Fashion,20.94,0.0,4,Credit Card,2024-05-31,5,South,No,83.76,7.18,22.14,29,Female
O101388,C13490,P206500,Sports,19.92,0.05,1,Credit Card,2025-03-27,4,North,No,18.92,5.2,0.48,24,Female
O101389,C13677,P201634,Electronics,310.35749999999996,0.0,1,Credit Card,2024-12-22,4,South,No,392.75,10.36,69.88,52,Female
O101390,C11118,P214059,Toys,5.64,0.0,1,Credit Card,2025-02-24,5,East,No,5.64,1.67,0.59,36,Female
O101391,C17984,P204814,Home,14.17,0.3,5,Credit Card,2024-01-19,5,East,Yes,49.59,4.91,8.98,65,Female
O101392,C11604,P204076,Beauty,15.61,0.3,1,Credit Card,2025-04-06,6,West,No,10.93,3.55,1.37,68,Male
O101393,C16461,P241158,Home,48.61,0.1,1,Debit Card,2025-07-12,3,North,No,43.75,4.31,7.94,58,Female
O101394,C14027,P238210,Home,42.78,0.0,2,Wallet,2024-02-29,4,North,No,85.56,7.59,16.37,66,Female
O101395,C10235,P225931,Sports,28.6,0.0,1,COD,2023-09-26,5,South,No,28.6,4.89,3.69,68,Male
O101396,C11969,P232007,Beauty,36.89,0.0,1,Credit Card,2024-03-23,4,North,No,36.89,5.86,10.74,47,Female
O101397,C14429,P222744,Fashion,80.22,0.0,2,COD,2025-08-04,4,South,No,160.44,8.3,47.85,49,Female
O101398,C11908,P230396,Electronics,65.44,0.0,1,COD,2024-03-19,5,East,No,65.44,4.98,2.87,37,Male
O101399,C10375,P223083,Toys,17.57,0.0,1,UPI,2025-08-03,5,East,No,17.57,4.83,2.2,22,Female
O101400,C13530,P236273,Grocery,2.91,0.15,1,UPI,2024-10-02,6,East,No,2.47,0.0,0.2,29,Female
O101401,C15256,P249954,Electronics,274.98,0.05,1,Credit Card,2025-01-25,5,West,Yes,261.23,7.19,24.16,35,Male
O101402,C12635,P225276,Fashion,26.02,0.0,1,UPI,2024-01-11,5,South,No,26.02,4.79,4.32,62,Male
O101403,C11570,P200502,Fashion,16.08,0.15,2,COD,2024-06-29,6,East,No,27.34,5.02,4.55,50,Male
O101404,C12560,P212756,Grocery,39.94,0.0,1,Debit Card,2025-06-07,3,Central,No,39.94,6.3,-3.1,23,Male
O101405,C15415,P214262,Fashion,159.42,0.1,1,Debit Card,2025-01-27,6,East,No,143.48,7.02,43.2,48,Female
O101406,C13391,P248909,Electronics,310.35749999999996,0.0,1,Credit Card,2023-11-22,4,West,No,319.76,8.58,29.79,37,Male
O101407,C12965,P210605,Fashion,15.24,0.05,1,PayPal,2024-07-26,5,West,No,14.48,4.23,0.84,61,Male
O101408,C13643,P240707,Sports,96.07,0.0,1,UPI,2025-07-25,3,North,Yes,96.07,6.02,22.8,69,Male
O101409,C15951,P222416,Grocery,35.73,0.0,1,PayPal,2024-05-07,6,South,No,35.73,5.94,-3.08,38,Male
O101410,C15468,P237487,Home,72.47,0.05,1,Credit Card,2023-11-29,4,West,No,68.85,6.36,12.92,67,Male
O101411,C13850,P240516,Electronics,98.16,0.0,1,Credit Card,2024-01-09,3,Central,No,98.16,7.56,4.22,67,Male
O101412,C10872,P227543,Beauty,31.99,0.0,1,PayPal,2024-02-28,6,North,No,31.99,4.63,9.77,42,Female
O101413,C11252,P231280,Fashion,57.5,0.0,4,Debit Card,2023-12-08,3,Central,No,230.0,9.48,71.02,18,Male
O101414,C16413,P202870,Electronics,50.45,0.05,1,Debit Card,2023-11-13,5,Central,No,47.93,5.8,-0.05,43,Male
O101415,C15947,P204758,Grocery,26.3,0.05,1,COD,2025-08-04,6,North,No,24.98,5.58,-3.58,52,Male
O101416,C16941,P245806,Toys,23.26,0.05,1,UPI,2023-12-08,6,East,No,22.1,5.86,2.98,57,Male
O101417,C11314,P238736,Grocery,3.87,0.05,1,Debit Card,2025-08-13,3,Central,No,3.68,2.02,-1.73,62,Female
O101418,C14820,P211659,Home,10.43,0.2,3,UPI,2024-11-02,6,East,No,25.03,3.84,3.17,41,Female
O101419,C17332,P249534,Fashion,181.33,0.2,1,Debit Card,2025-04-03,5,West,Yes,145.06,8.84,41.93,58,Male
O101420,C16148,P240558,Toys,29.64,0.0,3,Debit Card,2024-09-06,3,North,No,88.92,5.54,30.03,23,Female
O101421,C12898,P209585,Fashion,27.33,0.1,1,Credit Card,2024-02-13,4,Central,No,24.6,5.33,3.28,52,Male
O101422,C17546,P227903,Fashion,32.88,0.1,2,PayPal,2024-05-30,4,South,No,59.18,4.2,16.51,47,Female
O101423,C10077,P237039,Fashion,43.06,0.0,1,Credit Card,2023-11-05,5,East,No,43.06,4.96,10.11,19,Female
O101424,C17577,P204323,Grocery,17.7,0.1,3,UPI,2024-04-23,6,East,No,47.79,5.05,-1.23,64,Female
O101425,C12621,P226970,Sports,28.67,0.1,2,UPI,2024-07-15,4,South,No,51.61,8.11,7.37,43,Female
O101426,C14227,P234806,Electronics,120.79,0.0,1,Debit Card,2024-01-18,4,West,No,120.79,7.36,7.13,31,Male
O101427,C10600,P248745,Electronics,66.08,0.0,1,Credit Card,2025-05-20,4,West,No,66.08,5.74,2.19,66,Female
O101428,C15868,P205461,Toys,85.66,0.0,1,COD,2024-04-05,6,East,No,85.66,6.22,28.04,61,Male
O101429,C11065,P240831,Toys,42.99,0.2,1,Wallet,2024-09-23,5,South,Yes,34.39,5.22,8.54,35,Male
O101430,C12136,P234030,Sports,89.17,0.0,1,COD,2025-07-22,5,West,No,89.17,6.58,20.17,49,Male
O101431,C12449,P205731,Fashion,32.66,0.05,1,PayPal,2024-04-26,4,West,No,31.03,5.22,5.64,59,Female
O101432,C12343,P221500,Home,45.69,0.05,1,Debit Card,2023-12-27,4,West,No,43.41,6.5,5.65,42,Male
O101433,C11863,P209903,Beauty,25.14,0.0,1,Credit Card,2025-01-19,3,North,No,25.14,2.71,8.6,37,Male
O101434,C11318,P233117,Grocery,16.44,0.1,3,Credit Card,2025-03-12,6,South,No,44.39,5.58,-2.03,19,Male
O101435,C14711,P228602,Electronics,310.35749999999996,0.0,3,COD,2024-12-29,5,West,No,392.75,12.900000000000002,83.88,69,Female
O101436,C13597,P231174,Home,10.85,0.05,1,PayPal,2023-11-04,6,West,No,10.31,2.83,0.06,23,Female
O101437,C16943,P233208,Electronics,310.35749999999996,0.0,2,Credit Card,2023-12-20,3,North,Yes,392.75,10.17,83.88,34,Male
O101438,C13762,P219192,Home,275.01,0.0,1,Debit Card,2024-06-02,4,Central,No,275.01,8.27,68.73,40,Male
O101439,C17804,P213899,Fashion,11.0,0.0,1,Credit Card,2025-07-01,7,East,No,11.0,2.9,0.95,30,Male
O101440,C16565,P218946,Toys,29.69,0.05,1,UPI,2024-01-01,4,West,No,28.21,6.91,4.37,59,Male
O101441,C15984,P203152,Fashion,90.2,0.05,1,Debit Card,2025-02-28,5,West,No,85.69,9.17,20.82,31,Male
O101442,C15142,P225960,Home,52.55,0.0,1,Debit Card,2023-10-31,5,Central,No,52.55,6.2,8.51,42,Other
O101443,C14670,P210247,Home,173.95,0.0,2,Debit Card,2024-05-08,5,West,No,347.9,10.26,83.88,58,Male
O101444,C12190,P230806,Toys,4.0,0.05,3,UPI,2025-05-17,4,South,No,11.4,2.65,1.91,33,Female
O101445,C10992,P225573,Sports,113.01,0.0,1,PayPal,2025-01-08,3,North,No,113.01,6.1,27.8,69,Female
O101446,C12712,P242382,Electronics,282.06,0.0,1,Credit Card,2024-08-22,5,East,Yes,282.06,9.36,24.49,18,Male
O101447,C12192,P249225,Electronics,310.35749999999996,0.3,1,Credit Card,2025-01-29,3,North,No,392.75,11.11,44.85,47,Female
O101448,C11248,P226038,Beauty,17.73,0.1,2,Debit Card,2025-01-22,4,Central,No,31.91,4.26,10.1,28,Male
O101449,C13054,P227770,Home,83.57,0.0,3,Debit Card,2025-08-30,3,North,No,250.71,8.06,62.14,45,Female
O101450,C14598,P206949,Fashion,138.48,0.0,1,Debit Card,2025-03-29,5,East,Yes,138.48,8.88,39.59,52,Female
O101451,C14033,P202205,Toys,55.54,0.05,1,Credit Card,2024-10-03,5,East,No,52.76,5.26,15.84,30,Female
O101452,C11997,P217855,Electronics,61.82,0.0,1,PayPal,2023-09-26,4,South,Yes,61.82,5.73,1.69,52,Female
O101453,C14916,P219564,Grocery,9.75,0.0,1,Credit Card,2024-04-07,3,North,No,9.75,0.06,0.72,39,Female
O101454,C13687,P213133,Electronics,107.04,0.0,1,UPI,2023-10-25,4,South,No,107.04,6.47,6.37,43,Male
O101455,C12151,P218114,Electronics,153.94,0.3,2,UPI,2024-11-02,3,North,No,215.52,9.95,15.91,46,Male
O101456,C14018,P232803,Fashion,58.94,0.0,1,Credit Card,2024-06-28,3,North,No,58.94,6.9,13.73,39,Male
O101457,C13110,P229785,Home,28.23,0.15,1,Credit Card,2023-09-15,7,East,No,24.0,4.53,2.19,46,Male
O101458,C11970,P238302,Fashion,5.56,0.2,4,Credit Card,2024-09-06,7,West,No,17.79,4.81,1.42,40,Female
O101459,C10197,P223545,Sports,137.71,0.05,2,PayPal,2025-05-27,5,West,No,261.65,6.88,71.61,33,Female
O101460,C15765,P240777,Fashion,55.42,0.0,1,Debit Card,2023-10-02,4,South,No,55.42,5.04,14.36,45,Male
O101461,C12626,P210952,Electronics,310.35749999999996,0.0,1,PayPal,2025-06-09,4,West,No,392.75,9.35,83.88,30,Female
O101462,C16534,P202535,Toys,17.37,0.05,4,COD,2025-02-26,5,West,No,66.01,5.75,20.65,61,Male
O101463,C11202,P224721,Grocery,39.27,0.1,1,UPI,2025-06-25,7,East,No,35.34,5.79,-2.96,56,Male
O101464,C16697,P204963,Beauty,26.03,0.05,1,Credit Card,2024-10-11,6,West,No,24.73,5.8,5.33,18,Male
O101465,C15567,P212707,Toys,11.63,0.0,1,PayPal,2025-06-14,5,West,No,11.63,4.87,-0.22,60,Female
O101466,C17667,P212860,Electronics,310.35749999999996,0.1,3,Credit Card,2025-06-19,3,North,No,392.75,12.900000000000002,83.88,59,Male
O101467,C17182,P214247,Fashion,73.0,0.0,1,Wallet,2024-11-16,4,Central,No,73.0,5.1,20.45,57,Female
O101468,C15742,P217410,Fashion,25.99,0.0,1,PayPal,2023-09-17,6,West,No,25.99,6.34,2.76,62,Female
O101469,C15788,P217670,Grocery,7.14,0.0,1,Credit Card,2024-01-07,4,North,No,7.14,0.75,-0.18,48,Female
O101470,C15408,P219230,Home,140.89,0.05,5,Credit Card,2024-09-07,5,West,No,392.75,9.34,83.88,20,Male
O101471,C12035,P241280,Electronics,247.62,0.05,1,Credit Card,2024-07-06,4,South,No,235.24,8.31,19.92,34,Male
O101472,C10477,P224158,Home,108.57,0.05,1,PayPal,2024-12-28,5,West,No,103.14,8.04,20.84,33,Female
O101473,C11254,P213887,Electronics,310.35749999999996,0.05,1,Wallet,2024-02-24,4,South,No,392.75,11.04,83.88,60,Female
O101474,C10922,P235061,Fashion,7.2,0.05,1,Credit Card,2024-09-13,4,South,No,6.84,3.21,-0.82,23,Male
O101475,C10419,P249628,Home,147.44,0.0,1,Credit Card,2024-04-09,4,Central,No,147.44,9.19,32.09,45,Female
O101476,C12204,P223810,Fashion,130.99,0.05,2,Debit Card,2024-07-09,3,Central,No,248.88,9.11,78.0,33,Male
O101477,C12597,P244124,Electronics,137.58,0.1,1,Debit Card,2024-11-12,3,Central,No,123.82,9.03,5.83,53,Female
O101478,C17608,P242786,Electronics,127.44,0.0,1,PayPal,2024-11-08,5,East,No,127.44,6.06,9.23,47,Male
O101479,C11120,P225358,Beauty,14.05,0.2,2,Debit Card,2024-12-12,4,West,No,22.48,2.27,7.85,61,Male
O101480,C13068,P245588,Sports,17.57,0.0,1,COD,2025-06-01,4,South,No,17.57,4.97,0.3,27,Male
O101481,C17140,P215933,Home,118.18,0.1,1,Debit Card,2025-07-30,4,North,No,106.36,6.69,23.09,57,Male
O101482,C17578,P230034,Sports,111.96,0.05,1,Debit Card,2025-07-19,4,Central,No,106.36,6.96,24.95,26,Male
O101483,C10950,P201947,Electronics,310.35749999999996,0.0,1,Credit Card,2023-12-03,4,South,No,392.75,9.1,63.75,60,Male
O101484,C12336,P219715,Electronics,72.25,0.0,2,Debit Card,2024-02-09,5,South,No,144.5,9.31,8.03,49,Female
O101485,C15373,P230956,Toys,13.27,0.15,1,Debit Card,2024-09-30,7,South,No,11.28,4.51,0.0,63,Female
O101486,C12243,P221644,Fashion,80.39,0.15,1,UPI,2024-01-08,6,East,No,68.33,6.92,17.0,20,Female
O101487,C12645,P215310,Home,202.54,0.0,1,Debit Card,2025-06-10,5,Central,No,202.54,5.63,51.08,37,Male
O101488,C11857,P222450,Grocery,2.01,0.0,1,Debit Card,2025-05-15,4,North,No,2.01,1.82,-1.66,67,Male
O101489,C17689,P216303,Home,11.51,0.0,1,UPI,2025-01-21,6,East,Yes,11.51,4.46,-1.24,38,Female
O101490,C14612,P247782,Electronics,310.35749999999996,0.0,1,Wallet,2023-10-04,7,West,No,392.75,9.11,56.54,44,Female
O101491,C15754,P224031,Grocery,2.95,0.05,1,UPI,2024-03-31,6,South,No,2.8,1.67,-1.45,52,Female
O101492,C11865,P229250,Electronics,310.35749999999996,0.0,1,Debit Card,2025-08-03,5,Central,No,330.23,9.72,29.91,18,Female
O101493,C12912,P221853,Sports,19.73,0.05,1,COD,2024-12-31,4,North,No,18.74,4.85,0.77,44,Female
O101494,C15237,P217977,Fashion,22.22,0.1,1,Credit Card,2023-09-13,6,East,No,20.0,6.1,0.9,43,Female
O101495,C12853,P242707,Home,32.65,0.0,1,UPI,2024-10-21,5,East,No,32.65,4.5,4.64,32,Male
O101496,C16028,P214465,Beauty,35.67,0.05,4,Credit Card,2024-05-21,6,South,No,135.55,8.64,52.36,50,Male
O101497,C17326,P210225,Home,157.07,0.0,3,Debit Card,2025-02-08,3,North,No,392.75,7.88,83.88,52,Male
O101498,C14910,P240472,Toys,4.86,0.0,1,Credit Card,2024-10-01,8,East,No,4.86,2.47,-0.53,18,Female
O101499,C16371,P216640,Grocery,1.81,0.0,1,Credit Card,2024-02-08,5,North,No,1.81,2.48,-2.34,44,Female
O101500,C15996,P231535,Electronics,254.1,0.0,1,Debit Card,2024-06-04,4,South,No,254.1,7.45,23.04,63,Male
O101501,C16359,P239280,Toys,6.28,0.1,4,Credit Card,2023-12-18,5,North,No,22.61,4.04,5.0,50,Female
O101502,C17091,P202991,Electronics,52.66,0.05,3,Debit Card,2024-07-09,5,West,No,150.08,5.69,12.32,23,Other
O101503,C17863,P217801,Electronics,149.74,0.1,1,COD,2025-05-10,6,East,No,134.77,5.57,10.6,66,Male
O101504,C16158,P224144,Grocery,4.19,0.05,1,PayPal,2023-10-02,4,South,No,3.98,2.61,-2.29,62,Female
O101505,C13228,P207965,Home,162.08,0.0,1,Credit Card,2023-09-30,4,North,Yes,162.08,9.26,36.12,26,Female
O101506,C13719,P213730,Electronics,310.35749999999996,0.0,2,UPI,2025-07-13,4,Central,Yes,392.75,8.93,83.88,26,Female
O101507,C17428,P229553,Beauty,9.65,0.0,1,Credit Card,2024-01-09,3,North,No,9.65,3.14,1.2,25,Female
O101508,C13228,P208301,Fashion,17.41,0.15,1,PayPal,2024-09-13,4,West,No,14.8,3.61,1.57,18,Male
O101509,C16190,P218936,Home,74.6,0.0,1,UPI,2025-03-17,3,North,No,74.6,6.89,14.0,31,Female
O101510,C12371,P242017,Beauty,7.64,0.0,4,Debit Card,2025-01-30,6,South,No,30.56,4.9,8.85,44,Male
O101511,C12891,P214155,Toys,59.7,0.1,1,Credit Card,2023-10-02,5,South,No,53.73,5.29,16.2,19,Male
O101512,C13756,P221117,Electronics,140.7,0.0,1,Debit Card,2025-04-03,3,North,No,140.7,8.15,8.73,49,Female
O101513,C14225,P248848,Fashion,9.82,0.0,4,Debit Card,2024-08-07,5,West,No,39.28,4.59,9.16,53,Male
O101514,C17578,P202042,Electronics,310.35749999999996,0.1,1,PayPal,2025-06-08,5,South,No,283.08,8.05,25.92,66,Male
O101515,C10094,P218565,Electronics,300.69,0.0,1,Debit Card,2024-08-10,5,South,No,300.69,7.73,28.35,64,Female
O101516,C12674,P247602,Grocery,14.16,0.0,1,Debit Card,2024-04-03,4,South,No,14.16,5.25,-4.12,47,Female
O101517,C16898,P237260,Grocery,45.8,0.05,1,COD,2024-04-03,4,West,No,43.51,4.43,-0.95,44,Female
O101518,C11955,P236326,Sports,48.43,0.1,1,COD,2024-03-20,9,East,No,43.59,5.65,7.43,30,Female
O101519,C17459,P242581,Sports,53.82,0.0,2,UPI,2025-06-20,5,South,No,107.64,7.01,25.28,23,Female
O101520,C10793,P203658,Toys,10.08,0.0,1,Credit Card,2025-02-24,3,Central,No,10.08,4.12,-0.09,68,Male
O101521,C11834,P216319,Electronics,310.35749999999996,0.0,5,Credit Card,2024-09-26,6,Central,No,392.75,11.56,83.88,60,Female
O101522,C17450,P219078,Electronics,310.35749999999996,0.15,3,UPI,2025-07-14,6,West,No,392.75,10.23,83.88,66,Female
O101523,C12116,P236652,Fashion,42.0,0.0,1,Debit Card,2025-06-14,6,West,No,42.0,6.21,8.49,60,Female
O101524,C15779,P237548,Toys,10.91,0.15,2,COD,2025-07-03,6,Central,No,18.55,4.39,3.03,65,Female
O101525,C14106,P219668,Home,83.47,0.05,5,PayPal,2025-05-12,5,West,No,392.75,10.35,83.88,38,Female
O101526,C13325,P238720,Home,217.07,0.0,5,COD,2025-03-19,3,Central,No,392.75,11.2,83.88,29,Male
O101527,C15961,P240285,Fashion,51.2,0.05,1,Credit Card,2024-06-24,4,North,No,48.64,6.43,10.59,25,Female
O101528,C12919,P222546,Sports,133.89,0.0,1,Debit Card,2024-03-14,3,Central,No,133.89,6.08,34.09,65,Female
O101529,C12597,P237874,Grocery,5.27,0.0,1,Credit Card,2025-01-27,4,Central,No,5.27,3.45,-3.03,65,Male
O101530,C13205,P237165,Fashion,124.21,0.0,1,Debit Card,2024-06-15,5,East,No,124.21,6.44,37.03,28,Male
O101531,C14807,P228898,Beauty,3.88,0.15,1,Credit Card,2023-11-11,3,Central,No,3.3,2.22,-0.74,22,Female
O101532,C16166,P229907,Fashion,49.52,0.1,2,UPI,2025-05-02,4,North,No,89.14,7.53,23.67,44,Male
O101533,C10814,P245411,Toys,34.91,0.2,1,COD,2023-11-26,6,West,No,27.93,4.92,6.25,25,Female
O101534,C10345,P229372,Home,274.92,0.1,1,Wallet,2023-10-05,5,South,No,247.43,10.11,59.17,59,Female
O101535,C12349,P214822,Fashion,23.93,0.0,1,COD,2024-10-25,8,West,No,23.93,4.81,3.57,43,Male
O101536,C10362,P219776,Home,91.07,0.2,1,Credit Card,2024-12-03,4,West,No,72.86,6.94,13.46,64,Female
O101537,C12443,P232406,Electronics,61.54,0.05,1,Debit Card,2023-11-03,6,East,No,58.46,6.72,0.3,43,Female
O101538,C12265,P210462,Toys,32.67,0.2,1,UPI,2024-10-17,6,East,No,26.14,3.37,7.09,41,Male
O101539,C12188,P236479,Grocery,2.75,0.0,1,Debit Card,2024-07-22,4,North,No,2.75,2.02,-1.8,32,Male
O101540,C17783,P234354,Home,83.57,0.0,1,Credit Card,2025-01-01,3,North,No,83.57,6.49,16.91,46,Female
O101541,C13005,P242174,Fashion,235.57,0.0,4,Debit Card,2024-10-01,5,Central,No,392.75,11.7,83.88,58,Male
O101542,C13281,P239906,Sports,255.62,0.0,1,PayPal,2025-08-14,3,Central,No,255.62,7.82,68.87,33,Male
O101543,C10984,P207662,Home,62.73,0.05,1,Credit Card,2024-06-27,4,North,No,59.59,6.86,9.83,21,Female
O101544,C17136,P207404,Fashion,17.46,0.15,1,Credit Card,2025-02-02,6,West,No,14.84,3.14,2.05,24,Male
O101545,C17790,P246101,Electronics,144.23,0.15,1,Debit Card,2024-08-30,4,Central,No,122.6,7.61,7.1,41,Female
O101546,C11639,P242605,Grocery,16.2,0.1,1,Credit Card,2023-11-03,5,North,No,14.58,4.68,-3.51,62,Female
O101547,C10827,P209542,Toys,27.45,0.0,1,Debit Card,2024-04-10,3,North,No,27.45,5.45,5.53,18,Male
O101548,C12730,P215904,Toys,6.8,0.0,1,Debit Card,2025-05-06,4,West,No,6.8,3.26,-0.54,68,Male
O101549,C13531,P227774,Home,46.13,0.0,3,Credit Card,2023-12-06,5,West,No,138.39,8.74,30.01,22,Male
O101550,C17147,P208556,Sports,48.41,0.0,1,UPI,2023-10-31,5,South,No,48.41,6.35,8.17,24,Male
O101551,C14451,P246123,Beauty,16.91,0.0,1,Wallet,2025-04-02,6,East,No,16.91,4.61,3.0,69,Male
O101552,C17151,P212806,Home,310.35749999999996,0.15,1,Debit Card,2024-03-24,5,West,No,287.69,8.66,71.89,35,Female
O101553,C15443,P242586,Toys,2.53,0.0,1,UPI,2024-08-29,3,Central,No,2.53,1.96,-0.95,27,Female
O101554,C17300,P214864,Grocery,14.39,0.1,1,Debit Card,2024-02-13,4,South,No,12.95,2.82,-1.78,58,Female
O101555,C12935,P230016,Grocery,27.05,0.05,4,PayPal,2025-06-19,4,North,No,102.79,6.5,1.72,53,Male
O101556,C13876,P233749,Toys,27.27,0.05,1,Credit Card,2025-06-11,6,Central,Yes,25.91,5.99,4.37,26,Female
O101557,C15959,P242996,Sports,34.02,0.15,1,Debit Card,2024-12-29,7,East,No,28.92,4.64,4.04,31,Other
O101558,C10126,P236320,Sports,73.69,0.2,1,UPI,2025-05-12,5,East,No,58.95,6.54,11.14,37,Female
O101559,C13177,P217305,Toys,49.42,0.0,1,Credit Card,2025-08-25,5,West,No,49.42,5.48,14.29,18,Male
O101560,C13056,P211938,Home,26.19,0.15,1,COD,2024-03-22,5,Central,No,22.26,7.01,-0.78,47,Female
O101561,C10603,P216318,Fashion,220.49,0.0,1,COD,2024-08-16,4,West,No,220.49,6.81,70.36,22,Male
O101562,C17966,P220379,Toys,5.05,0.0,1,PayPal,2024-03-31,5,North,No,5.05,1.88,0.14,63,Female
O101563,C13449,P237820,Grocery,3.02,0.15,3,Credit Card,2025-08-29,5,North,No,7.7,3.01,-2.39,68,Male
O101564,C16024,P205406,Fashion,87.4,0.2,1,Credit Card,2023-11-16,5,North,No,69.92,6.73,17.74,37,Female
O101565,C15109,P220661,Toys,36.66,0.0,1,Debit Card,2024-12-07,9,East,No,36.66,5.65,9.01,37,Male
O101566,C14146,P217858,Fashion,6.9,0.0,3,Debit Card,2023-10-14,3,North,No,20.7,3.94,3.3,37,Male
O101567,C17196,P230816,Grocery,3.43,0.1,1,Credit Card,2024-01-07,6,Central,No,3.09,3.75,-3.5,44,Male
O101568,C13533,P212850,Sports,301.73,0.1,1,Debit Card,2023-12-19,6,East,No,271.56,9.85,71.62,23,Female
O101569,C13367,P212601,Beauty,11.03,0.0,1,Wallet,2024-09-25,4,West,No,11.03,3.29,1.67,39,Male
O101570,C13368,P239866,Toys,2.24,0.3,1,UPI,2024-08-30,4,West,No,1.57,1.69,-1.06,30,Male
O101571,C13797,P226644,Toys,7.76,0.1,1,COD,2024-09-08,4,Central,No,6.98,2.25,0.54,42,Female
O101572,C16922,P227428,Grocery,18.51,0.0,1,Credit Card,2024-05-16,6,South,No,18.51,4.58,-3.1,18,Male
O101573,C15526,P239487,Grocery,33.68,0.0,1,Credit Card,2025-02-06,6,East,No,33.68,6.13,-3.44,60,Male
O101574,C11792,P248624,Electronics,104.8,0.0,1,PayPal,2024-04-12,6,East,No,104.8,7.44,5.14,41,Male
O101575,C12861,P241362,Electronics,132.59,0.1,1,UPI,2025-01-02,3,North,No,119.33,6.91,7.41,63,Female
O101576,C15732,P233380,Toys,13.46,0.05,1,Credit Card,2025-02-07,7,South,No,12.79,5.05,0.07,60,Female
O101577,C13476,P207286,Grocery,19.16,0.1,1,Wallet,2025-05-15,4,West,No,17.24,2.73,-1.35,59,Male
O101578,C13417,P210068,Fashion,57.85,0.0,1,Credit Card,2025-05-12,6,South,No,57.85,5.86,14.39,59,Male
O101579,C11645,P209805,Electronics,178.96,0.0,1,Credit Card,2024-08-01,3,North,No,178.96,6.75,14.73,35,Male
O101580,C16563,P203017,Fashion,8.38,0.15,1,Debit Card,2025-01-08,6,Central,No,7.12,3.17,-0.68,27,Male
O101581,C11205,P221172,Home,48.4,0.0,3,COD,2023-10-17,4,South,No,145.2,7.57,33.09,26,Female
O101582,C13030,P209926,Toys,6.88,0.05,1,Debit Card,2025-07-20,4,West,No,6.54,4.94,-2.32,65,Female
O101583,C12872,P244508,Electronics,56.92,0.0,3,UPI,2025-08-06,4,North,No,170.76,8.7,11.79,67,Female
O101584,C13072,P223486,Fashion,186.45,0.0,1,COD,2024-01-25,4,North,No,186.45,7.11,58.15,18,Female
O101585,C11854,P230397,Grocery,4.88,0.0,1,Credit Card,2025-06-29,4,West,No,4.88,1.21,-0.82,46,Female
O101586,C14021,P229511,Electronics,310.35749999999996,0.0,1,UPI,2025-04-23,3,Central,No,392.75,9.09,67.55,26,Other
O101587,C14662,P243340,Sports,75.23,0.0,2,Wallet,2025-05-19,5,Central,No,150.46,6.66,38.48,66,Female
O101588,C16514,P249005,Home,310.35749999999996,0.0,1,Debit Card,2023-10-21,6,East,No,392.75,9.68,83.88,67,Male
O101589,C15031,P210002,Sports,25.93,0.0,1,COD,2024-10-09,4,West,No,25.93,4.81,2.97,24,Male
O101590,C16030,P248586,Electronics,88.12,0.0,3,Credit Card,2024-03-22,4,West,No,264.36,10.12,21.6,43,Male
O101591,C12708,P203201,Fashion,5.12,0.2,3,UPI,2025-03-22,3,North,No,12.29,3.55,0.75,24,Male
O101592,C13502,P233520,Home,176.88,0.0,1,PayPal,2025-08-25,3,Central,No,176.88,7.15,42.38,37,Male
O101593,C17112,P227048,Toys,9.19,0.0,4,Wallet,2025-08-25,5,South,No,36.76,3.51,11.19,49,Female
O101594,C11332,P230130,Beauty,53.05,0.1,1,PayPal,2023-12-31,5,South,No,47.74,7.4,14.08,49,Male
O101595,C17304,P240324,Electronics,310.35749999999996,0.0,3,Credit Card,2023-09-14,6,East,No,392.75,9.49,83.88,51,Male
O101596,C10201,P201341,Toys,18.94,0.1,2,UPI,2024-06-23,5,East,No,34.09,4.38,9.26,50,Female
O101597,C13507,P213981,Electronics,266.86,0.0,1,Credit Card,2025-05-15,5,West,No,266.86,6.79,25.23,29,Male
O101598,C16456,P208696,Grocery,4.93,0.0,1,Debit Card,2024-03-13,5,West,No,4.93,2.95,-2.56,63,Male
O101599,C14212,P214525,Fashion,8.29,0.0,1,COD,2025-07-22,5,East,No,8.29,1.86,1.04,48,Female
O101600,C17833,P226545,Home,87.18,0.1,1,Credit Card,2023-09-27,4,West,No,78.46,7.05,14.92,66,Female
O101601,C15032,P228625,Electronics,83.92,0.0,5,Credit Card,2025-09-08,5,East,No,392.75,7.77,42.58,46,Female
O101602,C17970,P205565,Beauty,60.86,0.0,1,COD,2025-03-11,4,North,No,60.86,4.99,22.4,33,Male
O101603,C10574,P214947,Home,242.79,0.0,1,Credit Card,2025-09-02,4,South,No,242.79,8.38,59.6,33,Male
O101604,C16387,P230077,Home,137.32,0.15,1,Credit Card,2025-05-14,6,South,No,116.72,7.0,25.68,31,Male
O101605,C10536,P240698,Electronics,245.74,0.0,1,PayPal,2024-07-17,5,South,No,245.74,7.91,21.58,18,Male
O101606,C11625,P206517,Toys,13.91,0.3,2,Credit Card,2025-05-20,4,South,No,19.47,2.8,4.99,63,Male
O101607,C12122,P214287,Toys,14.28,0.0,1,UPI,2024-12-02,3,North,No,14.28,5.79,-0.08,27,Female
O101608,C17973,P211829,Beauty,36.52,0.0,1,Credit Card,2025-06-28,4,West,Yes,36.52,6.09,10.34,49,Male
O101609,C10385,P202422,Beauty,6.31,0.0,1,Debit Card,2024-06-27,3,North,No,6.31,3.38,-0.54,45,Male
O101610,C13281,P229060,Sports,84.52,0.0,1,PayPal,2024-05-08,5,South,No,84.52,5.32,20.04,46,Female
O101611,C10474,P246728,Electronics,310.35749999999996,0.0,1,PayPal,2024-12-07,5,East,No,392.75,10.4,60.92,20,Female
O101612,C10417,P241633,Grocery,10.4,0.3,1,UPI,2023-11-27,6,West,No,7.28,4.15,-3.57,37,Male
O101613,C16490,P205985,Fashion,5.68,0.05,1,Credit Card,2024-11-10,5,Central,No,5.4,2.8,-0.91,27,Female
O101614,C13600,P239715,Sports,37.6,0.0,1,PayPal,2024-04-17,3,North,No,37.6,6.33,4.95,52,Male
O101615,C16783,P213790,Beauty,30.06,0.0,1,UPI,2025-02-04,5,East,No,30.06,6.3,7.23,38,Female
O101616,C15034,P247507,Beauty,69.67,0.05,1,COD,2024-08-21,5,North,No,66.19,6.77,23.02,38,Female
O101617,C10954,P225168,Toys,46.09,0.0,1,COD,2023-11-14,4,North,No,46.09,6.32,12.12,42,Male
O101618,C14971,P224019,Fashion,90.06,0.15,1,COD,2024-09-25,6,East,No,76.55,6.35,20.44,62,Male
O101619,C14858,P243739,Sports,304.9,0.1,1,UPI,2025-06-04,9,South,No,274.41,8.87,73.45,41,Female
O101620,C15298,P203668,Beauty,11.05,0.0,1,PayPal,2024-06-15,5,South,No,11.05,3.48,1.49,27,Female
O101621,C11205,P210744,Electronics,54.05,0.1,3,COD,2025-02-19,3,Central,No,145.93,7.77,9.74,20,Male
O101622,C14759,P228754,Home,67.61,0.0,1,Debit Card,2024-11-18,6,West,No,67.61,7.6,11.33,27,Male
O101623,C14120,P219522,Toys,18.92,0.1,1,Debit Card,2025-02-24,4,Central,No,17.03,5.26,1.55,67,Male
O101624,C11990,P204509,Fashion,23.71,0.0,3,Credit Card,2024-07-20,5,West,Yes,71.13,6.3,18.6,41,Male
O101625,C15299,P202500,Home,15.95,0.0,1,Credit Card,2025-02-11,5,South,No,15.95,5.25,-0.78,68,Male
O101626,C14805,P209904,Home,103.17,0.0,1,Debit Card,2024-01-13,7,East,No,103.17,5.74,23.15,37,Male
O101627,C13572,P226921,Beauty,8.46,0.05,1,Credit Card,2025-03-23,7,South,No,8.04,4.97,-1.35,26,Male
O101628,C15975,P216683,Grocery,18.12,0.2,1,PayPal,2024-04-12,6,South,No,14.5,4.26,-3.1,45,Male
O101629,C15280,P212416,Electronics,80.37,0.15,2,Credit Card,2024-04-17,4,West,No,136.63,9.75,6.65,19,Male
O101630,C16320,P214833,Home,310.35749999999996,0.1,2,Debit Card,2024-07-03,4,West,No,392.75,10.05,83.88,61,Female
O101631,C14380,P218290,Home,285.58,0.0,1,Credit Card,2024-01-13,4,Central,No,285.58,8.57,71.39,36,Male
O101632,C14158,P235253,Fashion,106.79,0.0,2,COD,2025-06-07,5,West,No,213.58,9.18,65.57,18,Female
O101633,C15098,P214003,Grocery,21.54,0.0,1,PayPal,2025-01-30,4,North,No,21.54,4.84,-3.12,61,Male
O101634,C14757,P240227,Electronics,310.35749999999996,0.0,1,Debit Card,2024-01-02,3,Central,No,376.3,9.8,35.36,43,Female
O101635,C12713,P206120,Electronics,67.85,0.1,2,Debit Card,2023-12-18,4,South,No,122.13,8.06,6.6,20,Male
O101636,C12203,P241253,Sports,116.79,0.0,3,COD,2024-05-15,7,East,No,350.37,9.59,83.88,37,Male
O101637,C15588,P214251,Fashion,72.56,0.0,2,Credit Card,2025-03-11,5,South,No,145.12,7.44,43.35,67,Male
O101638,C13120,P222486,Sports,23.79,0.0,2,Wallet,2023-10-20,5,East,No,47.58,6.28,7.99,20,Male
O101639,C10966,P228334,Toys,20.81,0.05,3,Credit Card,2024-07-15,7,East,No,59.31,6.28,17.44,21,Male
O101640,C14944,P206172,Fashion,37.04,0.0,1,UPI,2024-12-28,5,North,No,37.04,4.29,8.67,28,Male
O101641,C15203,P222706,Fashion,36.44,0.05,1,Debit Card,2024-08-25,5,North,No,34.62,4.99,7.13,66,Male
O101642,C13432,P218472,Electronics,122.3,0.0,2,Debit Card,2024-02-26,4,West,No,244.6,8.78,20.57,27,Male
O101643,C10688,P221695,Fashion,71.12,0.3,3,Credit Card,2024-10-16,3,North,No,149.35,6.87,45.4,19,Female
O101644,C14243,P239255,Fashion,132.44,0.2,2,Debit Card,2024-06-28,3,Central,No,211.9,9.74,64.42,62,Male
O101645,C13701,P242732,Toys,32.49,0.0,1,COD,2025-02-18,6,East,No,32.49,5.35,7.65,22,Male
O101646,C10341,P211055,Toys,11.06,0.1,5,Debit Card,2024-05-27,3,Central,No,49.77,5.99,13.92,27,Male
O101647,C16619,P232716,Electronics,310.35749999999996,0.0,1,PayPal,2023-12-31,5,East,No,392.75,9.98,83.88,43,Male
O101648,C15182,P206880,Toys,10.91,0.0,1,Credit Card,2023-12-06,5,West,No,10.91,2.22,2.14,38,Female
O101649,C11724,P228949,Electronics,136.82,0.0,4,Debit Card,2025-04-10,4,West,No,392.75,8.99,56.68,18,Female
O101650,C15479,P219810,Sports,310.35749999999996,0.05,3,Credit Card,2025-03-18,4,West,No,392.75,12.09,83.88,37,Male
O101651,C16704,P200528,Electronics,310.35749999999996,0.0,1,COD,2024-08-09,5,West,No,392.75,12.39,54.44,56,Female
O101652,C14422,P243093,Electronics,310.35749999999996,0.0,1,Wallet,2025-07-25,4,North,No,392.75,10.09,51.77,61,Female
O101653,C11792,P218308,Sports,17.93,0.0,1,COD,2025-03-26,6,West,No,17.93,5.45,-0.07,27,Female
O101654,C11759,P222844,Home,38.07,0.0,1,Debit Card,2023-12-05,5,East,No,38.07,6.99,3.67,56,Male
O101655,C13212,P222360,Beauty,3.46,0.1,1,Credit Card,2024-07-22,3,North,No,3.11,0.94,0.46,41,Female
O101656,C10989,P222405,Home,207.37,0.0,1,Debit Card,2023-11-02,6,North,No,207.37,7.94,50.12,68,Female
O101657,C12262,P217246,Electronics,155.97,0.0,1,Debit Card,2024-02-22,9,East,Yes,155.97,7.97,10.75,19,Male
O101658,C12482,P227792,Sports,23.95,0.0,3,Debit Card,2025-08-14,5,South,No,71.85,6.17,15.38,55,Female
O101659,C10951,P243322,Toys,5.95,0.0,1,UPI,2025-06-26,3,Central,No,5.95,2.28,0.1,34,Female
O101660,C10722,P220704,Electronics,310.35749999999996,0.0,4,Credit Card,2025-05-10,3,North,No,392.75,11.27,83.88,43,Other
O101661,C13389,P248181,Home,84.72,0.0,1,Credit Card,2024-04-27,4,Central,No,84.72,5.76,17.96,23,Female
O101662,C12079,P230589,Beauty,72.51,0.1,1,Debit Card,2024-02-27,4,South,No,65.26,6.35,23.02,21,Female
O101663,C12717,P222436,Beauty,14.16,0.3,2,UPI,2025-01-22,6,East,No,19.82,4.03,4.89,57,Male
O101664,C12332,P246895,Beauty,46.98,0.0,1,Credit Card,2024-09-05,4,Central,No,46.98,6.33,14.81,19,Male
O101665,C13376,P224643,Sports,87.75,0.1,1,PayPal,2023-09-27,5,East,No,78.98,6.15,17.54,59,Male
O101666,C14524,P218026,Grocery,17.09,0.0,1,PayPal,2024-09-16,6,West,No,17.09,3.72,-2.35,55,Female
O101667,C11500,P215693,Home,34.32,0.05,1,Credit Card,2024-02-11,4,North,No,32.6,3.65,5.48,43,Male
O101668,C10285,P209212,Beauty,36.86,0.15,1,UPI,2024-09-15,5,East,No,31.33,4.84,9.26,47,Male
O101669,C17311,P237964,Sports,18.81,0.05,3,Credit Card,2024-04-01,3,North,No,53.61,6.23,9.85,50,Male
O101670,C13495,P213850,Beauty,31.78,0.05,1,Debit Card,2024-01-18,3,North,No,30.19,4.9,8.69,45,Female
O101671,C17186,P239767,Home,92.48,0.0,1,Credit Card,2024-08-31,5,South,No,92.48,7.23,18.66,44,Male
O101672,C12065,P207322,Beauty,9.36,0.0,1,PayPal,2024-11-11,5,West,No,9.36,3.21,1.0,56,Female
O101673,C10768,P235911,Sports,74.38,0.0,1,Debit Card,2025-06-07,5,West,No,74.38,7.51,14.8,49,Female
O101674,C16733,P246580,Beauty,50.42,0.0,1,UPI,2024-04-25,4,South,No,50.42,4.46,18.23,61,Male
O101675,C15490,P230387,Fashion,13.26,0.0,1,Debit Card,2024-06-29,5,South,No,13.26,4.06,0.58,59,Female
O101676,C17342,P205678,Home,34.47,0.2,1,UPI,2023-11-12,5,West,No,27.58,6.21,1.51,62,Other
O101677,C13057,P201382,Grocery,11.05,0.0,1,Credit Card,2025-01-19,4,West,No,11.05,2.34,-1.46,35,Female
O101678,C14289,P221780,Toys,21.3,0.0,1,Credit Card,2023-10-19,5,West,No,21.3,5.85,2.67,32,Male
O101679,C16645,P227506,Sports,63.6,0.1,1,Credit Card,2024-04-29,6,West,No,57.24,4.25,12.92,65,Female
O101680,C15083,P242296,Sports,40.46,0.0,2,Debit Card,2025-04-11,6,West,No,80.92,5.81,18.47,29,Female
O101681,C15232,P231848,Electronics,72.61,0.05,1,PayPal,2025-02-07,6,North,No,68.98,6.15,2.13,27,Female
O101682,C12161,P239882,Home,16.72,0.2,1,Credit Card,2024-01-31,5,East,No,13.38,4.07,-0.32,45,Male
O101683,C13293,P242202,Electronics,63.54,0.05,1,PayPal,2025-01-22,4,North,No,60.36,7.35,-0.11,34,Female
O101684,C15797,P201705,Toys,47.54,0.1,1,Debit Card,2024-08-02,3,North,No,42.79,5.74,11.38,68,Male
O101685,C10946,P205997,Fashion,11.92,0.0,1,UPI,2024-10-28,6,Central,No,11.92,3.37,0.8,48,Male
O101686,C14926,P222447,Toys,8.88,0.1,1,UPI,2024-08-18,4,West,No,7.99,4.09,-0.89,44,Female
O101687,C17811,P240730,Toys,85.8,0.0,1,Credit Card,2024-02-24,3,North,No,85.8,6.12,28.2,35,Male
O101688,C16016,P244159,Grocery,35.55,0.0,2,Debit Card,2024-01-18,7,West,No,71.1,5.31,0.38,38,Female
O101689,C13335,P214535,Sports,14.31,0.1,1,Wallet,2024-02-02,5,North,No,12.88,4.73,-0.87,33,Male
O101690,C17068,P224480,Beauty,22.63,0.2,1,Credit Card,2025-04-14,6,East,No,18.1,4.62,3.53,69,Other
O101691,C14150,P231051,Beauty,27.59,0.05,1,Credit Card,2024-05-24,5,Central,No,26.21,5.33,6.46,63,Female
O101692,C17810,P212129,Fashion,7.74,0.15,1,Debit Card,2025-07-11,4,West,No,6.58,2.6,-0.3,35,Other
O101693,C14895,P230785,Electronics,310.35749999999996,0.0,1,Debit Card,2024-11-30,7,East,No,392.75,8.27,48.52,60,Male
O101694,C14873,P229402,Electronics,310.35749999999996,0.05,1,Debit Card,2025-05-10,5,East,No,392.75,11.12,83.88,48,Male
O101695,C11481,P241527,Fashion,32.58,0.0,4,COD,2023-12-26,6,Central,Yes,130.32,8.75,36.86,19,Male
O101696,C11901,P202704,Grocery,8.86,0.0,1,Wallet,2025-04-03,5,East,No,8.86,4.6,-3.89,33,Female
O101697,C16305,P227027,Electronics,310.35749999999996,0.05,1,COD,2023-10-12,5,East,No,379.99,8.38,37.22,47,Male
O101698,C13451,P205725,Sports,141.16,0.05,1,Credit Card,2024-10-04,7,West,No,134.1,8.26,31.97,59,Female
O101699,C14064,P225223,Fashion,81.68,0.0,1,Debit Card,2024-03-19,4,South,No,81.68,7.2,21.39,18,Female
O101700,C16230,P226769,Grocery,2.06,0.0,1,UPI,2025-02-06,5,South,No,2.06,1.17,-1.01,23,Female
O101701,C10054,P227384,Home,222.36,0.0,1,Credit Card,2025-05-20,4,Central,No,222.36,8.49,53.77,32,Male
O101702,C17643,P232145,Home,272.76,0.0,1,Credit Card,2023-12-15,4,South,No,272.76,8.75,67.62,30,Male
O101703,C11823,P232892,Home,16.09,0.05,2,UPI,2023-10-01,5,North,No,30.57,5.52,3.04,23,Other
O101704,C15297,P242497,Toys,2.79,0.0,5,Debit Card,2024-09-30,5,East,No,13.95,3.91,1.67,26,Male
O101705,C13462,P230027,Fashion,44.36,0.0,1,UPI,2024-05-06,3,Central,No,44.36,5.19,10.34,60,Female
O101706,C17516,P212767,Toys,15.51,0.0,1,COD,2025-04-26,5,North,No,15.51,3.45,2.75,41,Female
O101707,C13079,P221481,Sports,310.35749999999996,0.2,1,Debit Card,2025-05-13,6,South,No,316.13,8.56,83.88,19,Male
O101708,C10832,P237575,Fashion,22.14,0.0,2,Credit Card,2024-04-14,13,East,No,44.28,7.21,8.29,48,Female
O101709,C14408,P218354,Electronics,310.35749999999996,0.0,1,Debit Card,2025-01-02,5,West,No,339.93,7.85,32.94,51,Female
O101710,C12806,P248777,Toys,15.9,0.0,2,COD,2025-05-13,4,North,No,31.8,5.54,7.18,22,Female
O101711,C15954,P219146,Fashion,42.73,0.2,2,Credit Card,2024-10-24,4,West,No,68.37,7.89,16.04,38,Female
O101712,C16103,P221901,Grocery,15.19,0.1,1,Debit Card,2025-03-05,7,West,No,13.67,4.57,-3.48,30,Female
O101713,C16102,P249966,Electronics,300.68,0.1,1,Credit Card,2024-04-18,4,South,No,270.61,9.26,23.21,29,Female
O101714,C12490,P203101,Beauty,3.17,0.1,2,Debit Card,2025-03-01,3,North,No,5.71,2.3,0.27,54,Male
O101715,C15886,P228727,Sports,192.51,0.0,1,Credit Card,2024-11-27,8,South,No,192.51,8.98,48.77,43,Female
O101716,C10327,P234422,Sports,32.08,0.0,1,UPI,2023-12-25,4,West,No,32.08,5.07,4.55,39,Female
O101717,C17221,P216515,Fashion,17.92,0.0,1,Debit Card,2025-03-11,5,West,No,17.92,4.22,2.05,26,Male
O101718,C16904,P224806,Toys,22.53,0.0,1,UPI,2023-12-18,5,East,No,22.53,5.1,3.91,43,Other
O101719,C13310,P233162,Toys,14.78,0.0,1,Credit Card,2024-08-05,6,East,No,14.78,2.22,3.69,54,Male
O101720,C13300,P240087,Home,122.5,0.0,1,PayPal,2025-04-22,3,North,No,122.5,9.53,24.77,40,Male
O101721,C16722,P203573,Beauty,19.86,0.05,3,Debit Card,2025-08-04,3,Central,Yes,56.6,8.2,17.27,23,Male
O101722,C17218,P241941,Beauty,16.26,0.0,1,Debit Card,2024-09-23,5,South,No,16.26,3.87,3.45,66,Male
O101723,C17776,P239874,Grocery,9.69,0.1,1,Credit Card,2025-03-25,3,North,No,8.72,3.81,-3.11,66,Male
O101724,C13675,P225508,Grocery,3.0,0.05,1,PayPal,2024-12-11,5,North,No,2.85,2.35,-2.12,24,Female
O101725,C13054,P225985,Fashion,176.28,0.0,1,Credit Card,2024-09-01,8,East,No,176.28,7.83,53.87,32,Male
O101726,C15383,P243915,Fashion,47.04,0.0,4,COD,2024-10-12,5,West,No,188.16,7.91,57.95,21,Female
O101727,C17585,P205060,Grocery,5.45,0.05,1,Debit Card,2025-01-01,4,South,No,5.18,2.26,-1.85,65,Male
O101728,C17970,P249094,Fashion,66.35,0.1,1,Debit Card,2025-03-22,5,South,No,59.72,6.22,14.68,52,Female
O101729,C12143,P245610,Grocery,28.93,0.1,1,Debit Card,2023-12-01,4,North,No,26.04,5.26,-3.18,48,Male
O101730,C15207,P210933,Sports,44.58,0.0,1,UPI,2024-02-13,7,Central,No,44.58,6.64,6.73,26,Female
O101731,C17245,P206632,Electronics,177.5,0.3,2,Debit Card,2025-08-05,6,South,No,248.5,6.8,23.02,37,Female
O101732,C11311,P239523,Fashion,33.38,0.0,1,Debit Card,2024-03-08,5,North,No,33.38,5.86,5.82,60,Male
O101733,C13191,P243898,Home,42.26,0.0,1,Credit Card,2025-06-21,4,South,No,42.26,6.82,5.01,50,Female
O101734,C16957,P222973,Toys,34.64,0.0,1,Credit Card,2025-09-02,5,Central,No,34.64,4.74,9.12,58,Female
O101735,C12538,P205589,Fashion,48.14,0.0,1,Debit Card,2024-05-20,3,North,Yes,48.14,5.41,11.44,67,Male
O101736,C13983,P211612,Fashion,7.89,0.05,1,Wallet,2025-07-09,6,South,No,7.5,3.99,-1.37,36,Female
O101737,C14547,P247611,Grocery,76.25,0.0,5,Debit Card,2024-09-07,8,East,No,381.25,8.46,22.04,27,Female
O101738,C15619,P218888,Electronics,310.35749999999996,0.0,4,Credit Card,2025-07-29,5,East,Yes,392.75,10.48,83.88,27,Female
O101739,C10164,P219417,Beauty,57.06,0.0,3,Debit Card,2024-06-02,6,East,No,171.18,7.09,69.94,53,Female
O101740,C14277,P212015,Home,101.69,0.1,1,COD,2024-09-22,4,South,No,91.52,5.7,19.93,23,Male
O101741,C16612,P245440,Electronics,310.35749999999996,0.0,1,UPI,2024-01-04,6,East,No,333.84,8.04,32.02,36,Female
O101742,C15005,P235744,Electronics,246.95,0.05,1,COD,2024-08-23,6,South,No,234.6,7.38,20.77,26,Male
O101743,C16878,P217855,Home,82.35,0.1,2,Credit Card,2025-08-17,3,North,No,148.23,5.78,35.72,46,Male
O101744,C10822,P211891,Electronics,130.04,0.1,1,PayPal,2024-11-06,3,North,No,117.04,6.98,7.06,18,Male
O101745,C10943,P227762,Home,310.35749999999996,0.1,1,Debit Card,2025-01-25,4,West,No,392.75,10.3,83.88,43,Female
O101746,C16097,P206595,Beauty,7.92,0.0,1,COD,2025-02-12,6,East,No,7.92,3.69,-0.13,58,Female
O101747,C16150,P246172,Sports,83.49,0.0,1,Credit Card,2023-10-11,5,Central,No,83.49,5.43,19.62,67,Male
O101748,C14425,P228557,Beauty,5.23,0.0,1,Credit Card,2024-07-12,3,North,No,5.23,2.29,0.06,19,Female
O101749,C10774,P245593,Home,310.35749999999996,0.2,1,PayPal,2024-12-02,4,South,No,392.75,11.66,83.88,63,Male
O101750,C17840,P221936,Electronics,310.35749999999996,0.0,1,Credit Card,2025-07-14,3,Central,No,313.64,8.59,29.05,38,Female
O101751,C12198,P218281,Fashion,87.85,0.2,1,Debit Card,2023-09-13,4,Central,No,70.28,5.07,19.53,66,Female
O101752,C13156,P202192,Home,118.98,0.15,1,Credit Card,2025-03-10,6,Central,No,101.13,7.82,20.5,19,Male
O101753,C14242,P245032,Grocery,22.52,0.1,1,UPI,2024-12-01,6,Central,No,20.27,1.96,-0.34,45,Female
O101754,C13695,P233859,Fashion,42.59,0.05,2,Debit Card,2023-11-23,6,East,No,80.92,6.11,22.21,69,Female
O101755,C13452,P249851,Home,87.52,0.0,1,Debit Card,2024-06-11,4,South,No,87.52,6.22,18.29,33,Female
O101756,C10914,P242861,Sports,69.85,0.0,1,UPI,2023-10-20,4,West,No,69.85,6.24,14.71,32,Female
O101757,C15667,P234946,Sports,10.23,0.0,1,Credit Card,2025-06-13,3,North,No,10.23,3.83,-0.76,28,Male
O101758,C11308,P249884,Grocery,7.1,0.0,1,Credit Card,2025-08-31,4,Central,No,7.1,4.49,-3.92,34,Female
O101759,C16843,P246360,Fashion,154.24,0.0,1,Credit Card,2025-07-13,4,South,No,154.24,5.66,48.32,56,Female
O101760,C14177,P232309,Electronics,310.35749999999996,0.05,1,Debit Card,2025-03-19,5,East,No,392.75,10.48,36.93,36,Male
O101761,C10513,P241472,Fashion,128.76,0.0,1,Credit Card,2024-02-18,8,South,No,128.76,8.27,36.8,67,Female
O101762,C11920,P235455,Electronics,122.63,0.0,1,Credit Card,2025-05-02,5,West,No,122.63,8.74,5.98,40,Female
O101763,C16958,P228672,Beauty,19.55,0.05,4,COD,2023-11-09,4,West,No,74.29,6.78,26.65,66,Male
O101764,C16852,P203756,Grocery,1.46,0.1,1,COD,2024-11-23,5,West,No,1.31,0.97,-0.87,38,Female
O101765,C16035,P238829,Sports,121.14,0.05,2,Credit Card,2024-12-24,6,East,No,230.17,7.66,61.39,21,Female
O101766,C13594,P241391,Electronics,310.35749999999996,0.05,1,COD,2024-07-03,4,West,No,392.75,8.52,53.96,28,Other
O101767,C14841,P222918,Electronics,310.35749999999996,0.0,1,Debit Card,2023-12-15,4,North,No,392.75,8.8,50.92,34,Female
O101768,C17166,P204494,Grocery,2.2,0.05,4,COD,2023-11-16,5,East,No,8.36,5.41,-4.74,20,Female
O101769,C11409,P234047,Home,47.44,0.0,1,Credit Card,2025-04-27,6,West,No,47.44,6.91,6.37,47,Female
O101770,C14802,P206538,Grocery,15.04,0.05,4,Debit Card,2024-05-21,6,East,No,57.15,5.53,-0.96,51,Male
O101771,C14566,P202221,Sports,149.92,0.0,1,Credit Card,2025-02-07,7,Central,No,149.92,5.16,39.82,66,Male
O101772,C13190,P205164,Grocery,5.22,0.05,1,Wallet,2024-07-29,5,West,No,4.96,3.12,-2.72,23,Female
O101773,C14491,P233622,Toys,12.25,0.0,1,Credit Card,2024-06-14,4,Central,No,12.25,4.3,0.6,68,Male
O101774,C11555,P235980,Home,66.98,0.0,2,Debit Card,2025-03-08,5,South,No,133.96,8.91,28.6,54,Male
O101775,C16404,P219152,Sports,10.45,0.0,3,UPI,2024-06-18,4,North,No,31.35,5.6,3.8,63,Male
O101776,C10804,P214385,Home,123.13,0.05,1,Credit Card,2025-02-10,6,East,No,116.97,7.74,25.01,64,Female
O101777,C15029,P223612,Fashion,59.38,0.0,1,Credit Card,2025-03-21,8,East,No,59.38,4.5,16.28,40,Female
O101778,C11279,P212530,Fashion,20.91,0.0,4,Debit Card,2024-06-09,4,West,No,83.64,7.04,22.23,21,Female
O101779,C15853,P203340,Home,163.27,0.05,1,Debit Card,2023-11-23,3,North,No,155.11,7.97,35.46,42,Male
O101780,C15000,P223124,Electronics,140.37,0.0,3,COD,2024-08-26,3,Central,No,392.75,10.29,40.24,51,Male
O101781,C17393,P242579,Electronics,310.35749999999996,0.0,1,Credit Card,2025-04-09,5,South,No,392.75,8.28,46.75,44,Male
O101782,C15172,P233043,Home,90.45,0.0,2,Credit Card,2024-12-06,4,Central,No,180.9,9.26,41.39,28,Other
O101783,C17083,P212295,Grocery,28.06,0.2,1,UPI,2025-06-04,7,West,No,22.45,5.63,-3.83,52,Male
O101784,C15986,P220247,Beauty,22.28,0.0,1,UPI,2024-04-07,3,North,No,22.28,6.6,3.43,56,Male
O101785,C15619,P200714,Home,36.88,0.15,1,Credit Card,2023-10-06,6,Central,No,31.35,4.34,4.44,45,Male
O101786,C13577,P238822,Fashion,89.86,0.05,1,Credit Card,2023-10-01,6,Central,No,85.37,7.9,21.98,31,Male
O101787,C12901,P200809,Fashion,78.93,0.0,1,Debit Card,2023-09-27,6,Central,No,78.93,5.55,22.08,56,Male
O101788,C11387,P230144,Sports,18.65,0.1,1,UPI,2025-08-29,6,South,No,16.78,2.54,2.49,32,Male
O101789,C15399,P245983,Toys,2.97,0.0,1,COD,2025-09-09,7,East,No,2.97,3.58,-2.39,18,Female
O101790,C14688,P220362,Home,29.29,0.0,2,Debit Card,2025-03-30,6,North,No,58.58,5.79,10.61,58,Female
O101791,C12761,P241821,Beauty,48.73,0.05,1,Credit Card,2025-05-14,5,West,No,46.29,6.54,14.29,63,Male
O101792,C17325,P200036,Sports,47.98,0.05,1,Credit Card,2025-02-28,7,East,No,45.58,5.44,8.23,29,Female
O101793,C12679,P232402,Electronics,278.38,0.0,1,Credit Card,2025-01-09,4,Central,No,278.38,9.55,23.86,26,Female
O101794,C12106,P224498,Fashion,50.42,0.0,1,Credit Card,2025-01-27,4,West,No,50.42,5.94,11.71,49,Female
O101795,C17894,P228387,Sports,143.79,0.1,1,Wallet,2024-11-20,6,West,No,129.41,7.58,31.24,58,Female
O101796,C14223,P210273,Sports,184.22,0.0,1,Credit Card,2025-05-20,3,North,No,184.22,8.53,46.74,67,Male
O101797,C14831,P225030,Electronics,285.75,0.0,1,COD,2024-10-04,5,South,No,285.75,9.15,25.14,27,Female
O101798,C12768,P245267,Fashion,31.42,0.0,1,COD,2024-01-31,7,West,No,31.42,4.86,6.14,64,Male
O101799,C13953,P211403,Sports,31.44,0.0,1,UPI,2023-10-15,5,South,No,31.44,4.72,4.71,23,Other
O101800,C13186,P215037,Fashion,50.98,0.0,1,Credit Card,2024-08-25,4,Central,No,50.98,5.09,12.75,57,Female
O101801,C13280,P219039,Toys,17.7,0.0,1,Credit Card,2024-01-13,4,South,No,17.7,4.11,2.97,27,Female
O101802,C12573,P214017,Electronics,161.84,0.0,1,Credit Card,2024-07-27,4,West,Yes,161.84,8.49,10.93,30,Male
O101803,C14616,P217365,Fashion,34.06,0.1,1,Credit Card,2025-02-23,4,West,No,30.65,4.33,6.4,37,Male
O101804,C12599,P247464,Fashion,71.17,0.15,1,UPI,2024-04-04,5,West,No,60.49,7.56,13.61,51,Female
O101805,C14033,P239215,Grocery,13.99,0.0,1,Debit Card,2025-03-03,3,Central,No,13.99,4.05,-2.93,51,Male
O101806,C10236,P212583,Toys,14.93,0.0,3,COD,2024-07-24,4,South,No,44.79,5.97,11.95,44,Male
O101807,C11304,P232919,Grocery,5.19,0.2,1,Debit Card,2025-06-17,3,North,Yes,4.15,2.27,-1.94,50,Male
O101808,C13430,P247025,Home,155.18,0.05,3,PayPal,2024-03-16,5,West,No,392.75,9.62,83.88,68,Male
O101809,C17368,P244254,Toys,21.43,0.0,1,UPI,2025-06-17,5,Central,No,21.43,4.31,4.26,68,Male
O101810,C15877,P246275,Toys,14.05,0.0,4,Credit Card,2025-04-19,3,North,No,56.2,4.07,18.41,64,Female
O101811,C11301,P209514,Home,45.88,0.1,1,Credit Card,2023-09-19,4,Central,No,41.29,6.58,4.98,48,Male
O101812,C17402,P238416,Grocery,3.53,0.05,2,Credit Card,2025-06-07,5,East,No,6.71,2.81,-2.27,62,Female
O101813,C12541,P201511,Toys,10.15,0.15,1,Debit Card,2025-03-26,5,West,No,8.63,4.48,-1.03,56,Female
O101814,C12051,P218642,Grocery,32.52,0.1,1,Debit Card,2024-07-12,7,East,No,29.27,3.91,-1.57,29,Female
O101815,C16809,P216615,Toys,29.57,0.2,1,COD,2024-10-12,5,West,No,23.66,3.68,5.78,52,Female
O101816,C10441,P231589,Toys,45.6,0.0,1,Credit Card,2024-01-26,6,West,No,45.6,5.69,12.55,42,Male
O101817,C12076,P224225,Grocery,25.34,0.0,1,Wallet,2025-02-25,3,Central,No,25.34,4.85,-2.82,59,Male
O101818,C13180,P220846,Home,90.86,0.0,1,UPI,2024-02-11,3,North,No,90.86,6.17,19.27,31,Male
O101819,C12657,P229152,Toys,16.87,0.0,1,COD,2023-09-25,5,West,No,16.87,3.59,3.16,30,Male
O101820,C13798,P240517,Fashion,14.14,0.0,2,Credit Card,2024-05-13,6,South,No,28.28,5.68,4.22,47,Female
O101821,C10804,P200571,Sports,135.48,0.05,1,Wallet,2025-04-17,4,South,No,128.71,9.13,29.48,65,Female
O101822,C10074,P226188,Toys,12.78,0.0,1,Credit Card,2025-08-11,6,South,No,12.78,3.55,1.56,56,Female
O101823,C16981,P245000,Sports,27.29,0.1,1,Credit Card,2023-10-20,5,South,No,24.56,4.57,2.8,41,Female
O101824,C17313,P242530,Toys,3.97,0.0,1,Debit Card,2025-08-22,3,Central,No,3.97,1.0,0.59,45,Male
O101825,C12175,P213217,Home,166.84,0.0,2,Debit Card,2024-09-25,4,Central,No,333.68,8.92,83.88,28,Female
O101826,C13924,P241999,Beauty,19.13,0.05,1,COD,2025-07-16,6,East,No,18.17,4.7,3.48,58,Female
O101827,C12089,P206609,Electronics,52.94,0.2,1,COD,2023-10-09,5,East,No,42.35,8.03,-2.95,33,Female
O101828,C15475,P247397,Electronics,310.35749999999996,0.05,1,Credit Card,2025-08-31,4,West,No,392.75,8.73,61.44,20,Male
O101829,C10040,P245041,Sports,105.01,0.0,1,PayPal,2024-09-24,3,North,No,105.01,9.05,22.45,25,Female
O101830,C17077,P249322,Beauty,3.96,0.0,1,UPI,2023-09-14,3,Central,No,3.96,1.68,0.1,44,Female
O101831,C12081,P205151,Fashion,22.87,0.15,1,COD,2024-08-21,4,North,No,19.44,4.03,2.77,52,Female
O101832,C17184,P206406,Fashion,68.01,0.1,2,Credit Card,2024-04-02,5,North,No,122.42,7.65,35.2,42,Male
O101833,C15796,P247062,Fashion,7.99,0.0,4,COD,2024-07-15,3,North,No,31.96,4.69,6.5,61,Male
O101834,C17320,P214893,Sports,141.06,0.0,1,Credit Card,2023-12-13,3,North,No,141.06,7.2,35.12,32,Female
O101835,C17141,P232956,Beauty,20.22,0.05,1,COD,2024-10-23,4,West,No,19.21,3.62,5.02,34,Female
O101836,C15497,P245841,Electronics,310.35749999999996,0.1,1,COD,2024-07-07,4,South,Yes,392.75,10.86,48.15,35,Female
O101837,C14683,P207145,Sports,200.04,0.0,1,Credit Card,2024-01-24,4,North,No,200.04,6.75,53.26,51,Female
O101838,C11622,P238695,Fashion,76.78,0.0,1,Credit Card,2024-08-08,7,East,No,76.78,4.51,22.36,60,Male
O101839,C17796,P233367,Sports,17.99,0.05,1,Credit Card,2024-10-20,4,West,No,17.09,4.19,0.94,38,Female
O101840,C10341,P213133,Electronics,250.49,0.0,4,COD,2024-06-29,3,Central,No,392.75,11.31,83.88,48,Female
O101841,C14052,P212209,Grocery,6.05,0.0,1,Debit Card,2025-07-24,4,North,No,6.05,2.69,-2.21,43,Female
O101842,C12074,P244292,Electronics,280.84,0.0,1,UPI,2024-11-27,7,South,No,280.84,8.26,25.44,65,Female
O101843,C17992,P247085,Sports,310.35749999999996,0.05,1,UPI,2024-11-17,4,South,No,324.83,9.14,83.88,26,Male
O101844,C17454,P226965,Beauty,6.25,0.0,1,UPI,2025-01-14,6,East,No,6.25,2.58,0.23,52,Other
O101845,C10645,P209145,Electronics,310.35749999999996,0.0,3,Credit Card,2024-03-25,4,North,No,392.75,12.39,83.88,54,Male
O101846,C14826,P247125,Electronics,310.35749999999996,0.1,1,Credit Card,2025-08-22,5,South,No,392.75,11.82,83.88,51,Other
O101847,C14263,P242585,Home,310.35749999999996,0.0,1,Credit Card,2024-06-11,7,West,No,392.75,7.73,83.88,36,Female
O101848,C10609,P234638,Toys,33.33,0.05,1,PayPal,2024-02-05,3,North,No,31.66,2.02,10.64,64,Female
O101849,C16411,P220645,Electronics,253.64,0.05,1,Debit Card,2024-04-22,4,North,No,240.96,8.36,20.56,46,Other
O101850,C15868,P218408,Sports,29.27,0.0,1,Debit Card,2024-11-12,5,West,No,29.27,4.14,4.64,68,Female
O101851,C16136,P212521,Sports,102.14,0.0,2,Credit Card,2023-10-02,6,East,No,204.28,7.05,54.23,48,Male
O101852,C16964,P221878,Fashion,51.34,0.05,1,UPI,2024-05-09,4,West,No,48.77,6.36,10.71,38,Male
O101853,C10454,P238221,Electronics,173.64,0.0,1,Credit Card,2025-03-07,4,Central,No,173.64,9.09,11.75,47,Male
O101854,C12953,P234595,Grocery,13.63,0.0,2,Debit Card,2023-12-12,4,West,No,27.26,6.33,-4.15,53,Female
O101855,C11708,P221086,Fashion,11.09,0.1,1,UPI,2025-03-23,4,North,No,9.98,3.77,-0.28,48,Male
O101856,C13472,P216923,Electronics,310.35749999999996,0.0,1,UPI,2024-12-01,6,East,No,376.67,8.25,36.95,27,Female
O101857,C12969,P216225,Sports,233.25,0.0,1,Credit Card,2025-08-31,4,West,No,233.25,6.64,63.33,63,Male
O101858,C13028,P207202,Fashion,36.41,0.0,3,Debit Card,2025-03-15,4,West,No,109.23,7.9,30.33,49,Male
O101859,C17643,P230139,Home,200.43,0.1,1,Debit Card,2023-11-14,4,West,No,180.39,6.88,43.63,48,Female
O101860,C14797,P231974,Electronics,310.35749999999996,0.0,1,Credit Card,2025-04-11,4,West,No,378.12,12.34,33.03,37,Male
O101861,C12681,P226941,Grocery,1.04,0.0,1,Credit Card,2024-07-29,4,North,No,1.04,0.57,-0.49,39,Female
O101862,C13629,P237206,Home,27.13,0.05,1,UPI,2025-07-23,3,Central,No,25.77,3.89,3.33,56,Female
O101863,C15695,P219885,Grocery,20.63,0.0,2,Debit Card,2025-04-18,4,South,No,41.26,5.38,-2.08,21,Male
O101864,C14225,P244907,Home,15.44,0.0,1,Credit Card,2025-08-16,5,South,No,15.44,3.66,0.66,67,Male
O101865,C13067,P211218,Fashion,158.85,0.05,1,Credit Card,2024-05-26,5,West,No,150.91,6.51,46.31,45,Female
O101866,C15941,P245692,Grocery,30.56,0.0,1,Debit Card,2025-05-18,5,North,No,30.56,5.59,-3.15,65,Female
O101867,C11386,P228750,Fashion,27.13,0.0,1,Credit Card,2024-07-21,6,West,No,27.13,3.99,5.51,21,Male
O101868,C13776,P231612,Home,58.93,0.0,1,Debit Card,2024-06-28,4,North,No,58.93,6.36,10.14,66,Female
O101869,C12866,P206716,Electronics,310.35749999999996,0.1,1,Credit Card,2025-02-24,7,West,No,322.63,7.42,31.3,68,Female
O101870,C14788,P216088,Grocery,13.46,0.0,1,Wallet,2023-09-22,4,West,No,13.46,4.45,-3.37,67,Male
O101871,C13363,P231001,Electronics,80.31,0.3,2,PayPal,2023-10-08,4,West,No,112.43,9.03,4.46,44,Female
O101872,C15490,P239586,Toys,6.77,0.0,1,Credit Card,2025-01-18,6,South,No,6.77,1.68,1.03,39,Female
O101873,C14889,P222584,Beauty,27.79,0.15,2,Debit Card,2024-10-22,4,North,No,47.24,4.23,17.03,65,Female
O101874,C14124,P204286,Electronics,310.35749999999996,0.05,1,Debit Card,2024-03-23,4,West,Yes,392.75,9.25,56.22,60,Male
O101875,C10148,P204739,Electronics,119.29,0.15,3,Credit Card,2024-06-27,8,South,No,304.19,7.58,28.92,41,Male
O101876,C13850,P230158,Grocery,16.94,0.05,1,PayPal,2024-11-07,4,Central,No,16.09,6.06,-4.77,55,Female
O101877,C15415,P234857,Sports,210.98,0.0,1,COD,2024-07-31,5,South,No,210.98,5.56,57.73,36,Male
O101878,C12058,P205605,Sports,22.33,0.0,1,UPI,2025-07-25,5,South,No,22.33,5.27,1.43,69,Male
O101879,C17679,P239590,Home,86.13,0.1,1,COD,2024-01-11,6,East,No,77.52,7.48,14.23,56,Female
O101880,C16819,P203321,Fashion,98.46,0.05,1,Debit Card,2025-03-10,5,South,No,93.54,6.96,25.78,50,Male
O101881,C11136,P244541,Sports,55.53,0.0,1,Debit Card,2024-09-08,4,Central,No,55.53,6.54,10.12,25,Other
O101882,C10186,P233984,Beauty,10.69,0.0,1,Debit Card,2024-10-09,4,North,No,10.69,3.39,1.42,27,Male
O101883,C12854,P237653,Sports,144.61,0.05,1,Debit Card,2024-07-05,4,South,No,137.38,8.18,33.03,33,Male
O101884,C16887,P212170,Home,77.43,0.05,1,Debit Card,2024-07-22,4,South,No,73.56,7.02,13.58,23,Male
O101885,C11250,P208933,Grocery,17.13,0.0,1,Wallet,2024-03-19,8,East,No,17.13,6.42,-5.05,67,Male
O101886,C11333,P222692,Electronics,93.91,0.15,1,COD,2024-02-24,6,East,No,79.82,6.9,2.68,41,Female
O101887,C14193,P231474,Electronics,310.35749999999996,0.05,1,Debit Card,2024-04-27,4,North,No,296.46,9.53,26.05,24,Male
O101888,C14150,P209906,Grocery,7.28,0.05,1,Credit Card,2025-03-09,4,South,No,6.92,4.5,-3.95,56,Female
O101889,C16766,P245004,Sports,310.35749999999996,0.0,1,Debit Card,2024-07-30,6,East,No,392.75,9.12,83.88,45,Female
O101890,C12711,P223814,Fashion,49.0,0.2,3,UPI,2023-11-20,6,South,No,117.6,6.58,34.58,66,Female
O101891,C14853,P235565,Toys,24.54,0.0,2,Credit Card,2024-12-22,3,North,No,49.08,6.94,12.69,20,Male
O101892,C14501,P200818,Home,28.49,0.05,3,Credit Card,2024-03-04,5,South,No,81.2,6.19,16.55,22,Male
O101893,C16212,P208434,Electronics,310.35749999999996,0.3,1,COD,2025-07-27,7,East,No,392.75,10.28,83.88,56,Other
O101894,C17479,P230571,Sports,15.19,0.05,1,Debit Card,2024-02-15,4,North,No,14.43,3.44,0.89,49,Female
O101895,C15408,P240694,Fashion,8.61,0.05,2,Debit Card,2024-10-09,6,South,No,16.36,3.12,2.61,59,Male
O101896,C11785,P228890,Electronics,75.6,0.1,1,Debit Card,2024-12-14,8,East,No,68.04,5.6,2.56,40,Female
O101897,C17715,P245485,Fashion,105.54,0.0,2,UPI,2023-12-16,5,West,No,211.08,8.57,65.31,61,Male
O101898,C10750,P212069,Home,181.71,0.0,3,Credit Card,2025-06-05,4,South,No,392.75,9.47,83.88,43,Female
O101899,C17315,P232780,Electronics,310.35749999999996,0.1,1,Credit Card,2024-10-21,5,West,No,392.75,9.34,83.88,54,Female
O101900,C17634,P238662,Grocery,1.91,0.05,4,COD,2025-03-17,5,East,No,7.26,3.49,-2.91,25,Male
O101901,C11762,P223434,Beauty,31.83,0.3,2,Credit Card,2024-09-28,4,West,No,44.56,4.45,15.6,54,Female
O101902,C17411,P207392,Fashion,42.47,0.0,1,UPI,2025-01-04,6,North,No,42.47,4.92,9.94,19,Female
O101903,C17658,P216102,Sports,110.23,0.0,1,Debit Card,2024-01-20,6,West,No,110.23,7.3,25.77,66,Male
O101904,C13920,P233457,Toys,16.15,0.05,1,PayPal,2024-04-24,5,North,No,15.34,3.7,2.44,36,Male
O101905,C17101,P222262,Beauty,30.56,0.0,1,PayPal,2025-06-30,3,North,No,30.56,4.71,9.04,20,Female
O101906,C17674,P211932,Fashion,121.81,0.0,1,UPI,2024-06-21,6,East,Yes,121.81,8.3,34.33,62,Female
O101907,C14460,P211766,Electronics,310.35749999999996,0.15,1,Credit Card,2024-08-22,6,East,No,287.1,7.98,26.47,39,Male
O101908,C16122,P222711,Toys,46.59,0.1,1,Credit Card,2024-01-07,4,West,No,41.93,7.0,9.77,25,Male
O101909,C10481,P213292,Fashion,79.93,0.05,1,Debit Card,2024-10-01,4,West,No,75.93,5.29,21.29,68,Male
O101910,C16344,P220687,Electronics,310.35749999999996,0.0,1,Credit Card,2023-10-12,4,South,No,392.75,9.79,74.28,43,Female
O101911,C10153,P247631,Sports,115.87,0.05,1,Wallet,2025-03-09,6,East,No,110.08,7.18,25.84,32,Female
O101912,C17617,P225899,Electronics,287.6,0.0,1,Credit Card,2024-07-23,6,East,No,287.6,8.49,26.02,23,Female
O101913,C11524,P207408,Grocery,1.95,0.0,4,Wallet,2024-09-05,7,West,No,7.8,3.82,-3.2,49,Male
O101914,C12120,P210694,Toys,37.42,0.0,1,Credit Card,2024-05-15,3,Central,No,37.42,7.61,7.36,29,Female
O101915,C16856,P240910,Beauty,9.79,0.0,2,UPI,2024-02-02,4,West,No,19.58,5.84,2.97,46,Female
O101916,C12343,P234533,Toys,2.73,0.0,2,Debit Card,2023-11-21,5,West,No,5.46,3.81,-1.63,36,Other
O101917,C15136,P215237,Home,106.38,0.0,4,Credit Card,2025-02-21,5,West,No,392.75,9.0,83.88,55,Male
O101918,C15760,P205778,Toys,21.69,0.05,1,PayPal,2025-02-15,5,Central,No,20.61,4.27,3.97,45,Male
O101919,C11240,P235059,Sports,116.61,0.0,1,Debit Card,2024-08-12,5,West,No,116.61,7.52,27.46,23,Male
O101920,C10060,P226561,Electronics,310.35749999999996,0.05,3,UPI,2024-11-17,3,Central,No,392.75,12.49,83.88,53,Male
O101921,C10938,P204866,Grocery,14.96,0.0,2,Debit Card,2024-01-04,6,East,No,29.92,5.66,-3.27,25,Female
O101922,C11639,P208429,Toys,34.47,0.0,1,Credit Card,2024-03-31,4,West,No,34.47,6.09,7.7,69,Other
O101923,C16185,P243352,Grocery,20.31,0.1,1,Wallet,2024-04-19,5,South,No,18.28,2.92,-1.46,25,Male
O101924,C14120,P244515,Sports,174.78,0.0,1,UPI,2025-08-06,5,Central,No,174.78,6.95,45.48,54,Male
O101925,C15158,P222837,Home,91.2,0.0,1,PayPal,2025-08-11,4,Central,No,91.2,7.4,18.14,67,Other
O101926,C17970,P234075,Fashion,8.19,0.0,1,Credit Card,2024-07-19,4,South,No,8.19,1.73,1.14,54,Female
O101927,C14226,P234853,Electronics,310.35749999999996,0.15,1,UPI,2024-03-30,3,North,No,324.4,9.39,29.54,19,Male
O101928,C13569,P226395,Electronics,126.7,0.0,1,UPI,2024-11-13,3,Central,No,126.7,7.04,8.16,60,Female
O101929,C11252,P216415,Fashion,101.5,0.05,2,Debit Card,2024-12-06,4,South,No,192.85,8.32,59.18,50,Male
O101930,C14203,P231986,Beauty,34.33,0.0,1,Credit Card,2023-09-18,5,East,No,34.33,5.4,10.05,68,Male
O101931,C10171,P224104,Sports,152.77,0.0,1,UPI,2024-02-23,4,North,No,152.77,8.88,36.95,42,Female
O101932,C11458,P200291,Fashion,21.59,0.15,1,Wallet,2025-07-20,4,North,Yes,18.35,5.4,1.02,19,Male
O101933,C13549,P203686,Beauty,27.56,0.15,1,UPI,2025-07-25,4,North,No,23.43,5.45,5.09,69,Male
O101934,C14197,P245347,Fashion,41.92,0.0,2,UPI,2024-01-15,3,Central,Yes,83.84,7.78,21.56,23,Female
O101935,C17009,P201642,Sports,40.74,0.15,2,Credit Card,2024-06-26,4,Central,No,69.26,7.15,13.63,43,Female
O101936,C16667,P231477,Grocery,23.02,0.0,1,Credit Card,2025-07-31,4,Central,No,23.02,3.03,-1.19,31,Male
O101937,C12322,P224150,Sports,88.51,0.0,1,COD,2025-04-12,6,North,No,88.51,7.67,18.88,24,Male
O101938,C11636,P208769,Electronics,118.8,0.0,1,Credit Card,2024-03-24,5,West,No,118.8,5.69,8.57,21,Male
O101939,C13115,P229833,Home,57.95,0.05,1,UPI,2024-01-03,6,East,Yes,55.05,5.49,9.92,36,Female
O101940,C14090,P203909,Toys,7.07,0.0,1,Debit Card,2024-06-08,4,South,No,7.07,3.57,-0.74,60,Male
O101941,C16960,P232078,Beauty,12.18,0.05,1,UPI,2025-05-19,8,South,No,11.57,3.61,1.6,63,Male
O101942,C13004,P212268,Grocery,3.74,0.0,1,COD,2024-11-21,6,East,No,3.74,5.16,-4.86,60,Female
O101943,C15136,P210844,Electronics,200.75,0.0,1,PayPal,2025-04-15,4,South,No,200.75,8.94,15.15,66,Male
O101944,C10329,P208638,Fashion,63.22,0.05,1,Debit Card,2024-06-01,6,South,No,60.06,6.54,14.48,54,Female
O101945,C13640,P237141,Fashion,162.41,0.15,1,Debit Card,2025-01-24,6,South,No,138.05,7.35,40.97,66,Female
O101946,C13894,P211233,Toys,6.65,0.1,4,Debit Card,2025-05-15,6,East,No,23.94,5.16,4.42,52,Female
O101947,C15616,P230496,Beauty,11.73,0.0,1,Debit Card,2025-05-29,4,South,No,11.73,3.06,2.22,39,Male
O101948,C17982,P217806,Electronics,50.7,0.15,3,UPI,2024-11-01,6,East,No,129.29,6.68,8.83,51,Male
O101949,C14107,P240326,Fashion,17.55,0.0,1,PayPal,2024-03-31,6,East,No,17.55,4.03,2.11,62,Male
O101950,C11341,P213271,Beauty,16.28,0.05,2,Debit Card,2024-12-07,4,Central,No,30.93,5.17,8.75,32,Male
O101951,C13663,P239513,Grocery,9.16,0.05,1,Debit Card,2025-09-08,4,North,No,8.7,2.77,-2.07,23,Female
O101952,C10215,P219465,Home,50.78,0.0,1,Wallet,2025-05-27,6,East,No,50.78,5.08,9.14,44,Male
O101953,C10338,P239502,Electronics,102.94,0.05,3,COD,2024-01-18,4,West,No,293.38,8.77,26.44,28,Male
O101954,C15895,P213860,Home,119.02,0.0,2,Credit Card,2024-08-14,3,Central,No,238.04,8.32,58.33,29,Male
O101955,C14062,P208250,Fashion,30.87,0.2,1,Debit Card,2024-01-04,3,North,No,24.7,4.52,4.12,68,Female
O101956,C12708,P241418,Beauty,16.61,0.0,1,COD,2024-06-10,4,West,No,16.61,4.35,3.12,49,Male
O101957,C13152,P249255,Home,306.73,0.15,1,Credit Card,2023-10-19,3,North,No,260.72,5.52,67.48,66,Female
O101958,C11750,P221310,Sports,91.05,0.0,1,Wallet,2024-06-27,7,East,No,91.05,5.09,22.22,52,Female
O101959,C15604,P249893,Grocery,7.47,0.0,1,Wallet,2024-12-09,3,North,No,7.47,2.98,-2.38,32,Female
O101960,C12421,P227982,Fashion,19.39,0.1,1,Credit Card,2024-03-04,6,East,No,17.45,4.99,1.12,51,Male
O101961,C17119,P232206,Toys,13.01,0.15,1,Credit Card,2024-09-08,4,South,Yes,11.06,4.22,0.2,53,Male
O101962,C10709,P209764,Grocery,27.06,0.05,1,Credit Card,2024-03-18,4,Central,No,25.71,4.96,-2.9,60,Male
O101963,C15319,P243661,Home,310.35749999999996,0.0,1,COD,2025-02-06,4,North,No,392.75,7.47,83.88,21,Female
O101964,C17704,P212842,Electronics,203.91,0.0,1,Credit Card,2024-11-21,5,South,No,203.91,6.02,18.45,24,Female
O101965,C16609,P237491,Toys,6.61,0.05,1,Credit Card,2025-03-18,8,East,No,6.28,3.96,-1.45,37,Male
O101966,C15208,P244372,Sports,251.85,0.3,2,COD,2025-03-05,4,West,No,352.59,8.02,83.88,48,Female
O101967,C15387,P224043,Fashion,12.67,0.0,2,Debit Card,2024-10-19,6,East,No,25.34,5.71,3.16,20,Male
O101968,C13726,P237971,Home,56.47,0.0,2,Debit Card,2023-09-27,4,South,No,112.94,10.11,21.51,58,Male
O101969,C13642,P202976,Beauty,8.59,0.0,1,Credit Card,2025-06-18,4,North,No,8.59,4.83,-0.96,19,Male
O101970,C13993,P207426,Electronics,310.35749999999996,0.15,1,COD,2024-03-24,4,Central,No,272.98,8.24,24.52,38,Female
O101971,C10488,P222887,Sports,61.66,0.0,1,Wallet,2024-07-15,5,West,No,61.66,7.92,10.58,47,Female
O101972,C15657,P226710,Sports,43.29,0.05,1,COD,2024-10-10,6,East,No,41.13,3.87,8.47,62,Male
O101973,C10046,P241387,Grocery,20.23,0.1,3,Credit Card,2024-03-02,5,North,No,54.62,5.67,-1.3,42,Female
O101974,C13359,P247470,Beauty,29.73,0.15,1,UPI,2024-11-17,5,West,No,25.27,6.14,5.23,29,Male
O101975,C14873,P206486,Beauty,135.45,0.0,1,Debit Card,2024-01-27,7,South,No,135.45,6.38,54.57,58,Male
O101976,C15135,P239258,Beauty,12.16,0.1,1,COD,2024-07-21,5,South,No,10.94,3.11,1.81,57,Male
O101977,C14806,P246882,Fashion,96.75,0.15,1,COD,2024-04-05,5,South,No,82.24,6.58,22.2,46,Other
O101978,C10400,P222623,Sports,45.43,0.1,4,Debit Card,2024-03-12,5,East,Yes,163.55,8.01,41.06,64,Male
O101979,C13990,P223806,Sports,10.89,0.05,1,COD,2023-11-07,4,Central,No,10.35,1.75,1.36,36,Male
O101980,C15913,P205973,Toys,5.22,0.0,2,Credit Card,2024-07-29,5,South,No,10.44,3.32,0.86,37,Male
O101981,C17124,P246215,Toys,15.97,0.1,3,UPI,2024-05-23,4,North,Yes,43.12,6.98,10.27,62,Female
O101982,C13157,P248626,Beauty,43.69,0.05,1,Wallet,2025-02-05,5,West,No,41.51,6.56,12.12,50,Male
O101983,C14345,P245939,Electronics,69.22,0.0,1,Debit Card,2024-07-11,4,South,No,69.22,5.98,2.33,27,Male
O101984,C10390,P249085,Grocery,24.49,0.0,2,COD,2025-03-31,3,Central,No,48.98,6.35,-2.43,30,Other
O101985,C13853,P229157,Home,175.77,0.05,1,UPI,2024-02-12,7,West,No,166.98,7.69,39.06,36,Female
O101986,C14430,P205521,Grocery,1.46,0.05,2,Debit Card,2023-12-25,3,North,No,2.77,1.07,-0.85,27,Male
O101987,C10628,P212891,Home,24.8,0.05,1,Debit Card,2024-04-04,4,West,No,23.56,2.44,4.16,69,Female
O101988,C17686,P216795,Electronics,75.56,0.3,1,COD,2024-09-15,5,West,No,52.89,4.64,1.71,18,Male
O101989,C14232,P222474,Grocery,15.96,0.0,1,UPI,2024-04-27,3,Central,No,15.96,4.59,-3.31,41,Male
O101990,C12930,P226507,Toys,18.19,0.3,1,Debit Card,2024-02-27,4,North,No,12.73,5.63,-0.54,35,Male
O101991,C16831,P210687,Toys,10.74,0.0,1,Credit Card,2025-05-26,3,North,No,10.74,3.93,0.37,37,Male
O101992,C11521,P233014,Electronics,80.05,0.05,1,COD,2024-07-11,4,West,No,76.05,5.81,3.32,50,Female
O101993,C10826,P211009,Toys,11.82,0.2,3,UPI,2023-10-31,4,South,No,28.37,6.3,5.05,36,Female
O101994,C14822,P223226,Beauty,31.08,0.0,3,PayPal,2024-02-19,7,North,No,93.24,6.84,35.12,27,Female
O101995,C11500,P222948,Home,22.91,0.3,1,Credit Card,2023-11-04,5,West,No,16.04,3.28,1.21,29,Female
O101996,C16737,P234939,Grocery,26.57,0.15,1,COD,2023-11-22,5,South,No,22.58,6.16,-4.35,43,Female
O101997,C13294,P244291,Sports,16.39,0.15,1,PayPal,2024-01-22,4,South,No,13.93,4.94,-0.76,55,Other
O101998,C15085,P248296,Electronics,310.35749999999996,0.0,1,COD,2023-12-01,5,West,No,354.52,8.45,34.09,66,Male
O101999,C12419,P248044,Home,37.61,0.0,1,Credit Card,2025-06-29,6,Central,No,37.61,3.59,6.94,18,Male
O102000,C10934,P240225,Beauty,5.35,0.0,1,UPI,2023-09-15,3,North,No,5.35,3.19,-0.78,34,Male
O102001,C13042,P222102,Grocery,6.77,0.0,1,Debit Card,2024-10-14,6,South,No,6.77,4.26,-3.72,38,Female
O102002,C14497,P234828,Fashion,59.05,0.05,1,Credit Card,2023-10-28,3,Central,No,56.1,5.73,13.9,25,Female
O102003,C11466,P236102,Toys,4.54,0.05,1,Wallet,2023-09-19,6,West,No,4.31,2.62,-0.9,38,Other
O102004,C13561,P245855,Toys,14.7,0.0,1,COD,2024-07-01,6,Central,No,14.7,4.82,1.06,38,Female
O102005,C10614,P233712,Electronics,219.34,0.0,1,Debit Card,2025-05-07,6,South,No,219.34,7.29,19.03,62,Male
O102006,C15392,P226823,Electronics,231.24,0.0,1,COD,2023-10-18,6,West,No,231.24,7.06,20.69,52,Female
O102007,C17693,P205361,Beauty,73.37,0.15,1,Debit Card,2024-12-03,3,North,No,62.36,6.07,21.99,43,Female
O102008,C11182,P225838,Toys,10.44,0.0,3,COD,2025-04-14,6,West,No,31.32,7.18,5.35,60,Female
O102009,C13223,P214638,Beauty,120.18,0.1,3,UPI,2023-09-12,5,North,No,324.49,9.26,83.88,18,Female
O102010,C17138,P238052,Toys,17.2,0.1,2,COD,2024-02-18,5,Central,No,30.96,4.65,7.73,59,Female
O102011,C12667,P223265,Beauty,48.28,0.05,1,Credit Card,2024-11-02,3,North,No,45.87,5.01,15.63,50,Female
O102012,C16331,P224751,Sports,52.19,0.0,3,PayPal,2024-10-09,4,Central,No,156.57,8.21,38.76,34,Female
O102013,C17980,P242012,Electronics,78.79,0.0,3,Credit Card,2025-08-05,5,West,No,236.37,9.66,18.7,52,Female
O102014,C15217,P210916,Electronics,78.66,0.1,1,Credit Card,2025-07-13,7,East,No,70.79,6.34,2.15,64,Female
O102015,C10130,P209509,Sports,93.94,0.05,1,Debit Card,2024-04-26,4,West,No,89.24,7.0,19.77,40,Female
O102016,C16948,P245532,Toys,54.28,0.05,1,Credit Card,2024-07-13,4,South,No,51.57,6.09,14.54,54,Female
O102017,C15290,P231102,Beauty,4.81,0.15,1,PayPal,2025-01-20,4,South,No,4.09,2.46,-0.62,31,Female
O102018,C12983,P247659,Beauty,31.62,0.0,1,Wallet,2024-08-09,4,Central,No,31.62,5.51,8.72,56,Male
O102019,C17129,P224324,Beauty,23.3,0.0,1,Debit Card,2025-01-16,5,West,No,23.3,4.5,5.99,22,Male
O102020,C14278,P214003,Electronics,310.35749999999996,0.0,1,Credit Card,2024-12-30,5,East,No,392.75,10.47,36.72,45,Female
O102021,C17126,P227943,Sports,33.87,0.0,1,Debit Card,2025-07-31,4,South,No,33.87,6.92,3.24,42,Female
O102022,C14459,P242634,Home,19.63,0.2,1,Credit Card,2023-11-29,5,West,No,15.7,5.32,-0.92,21,Male
O102023,C10038,P233101,Beauty,4.9,0.0,1,Debit Card,2024-02-17,3,North,No,4.9,4.31,-2.1,26,Male
O102024,C17694,P229943,Beauty,9.94,0.15,1,PayPal,2024-10-20,4,North,No,8.45,2.71,1.09,59,Female
O102025,C13959,P209456,Toys,6.73,0.0,1,Credit Card,2024-06-16,5,South,No,6.73,2.19,0.5,22,Female
O102026,C16640,P211369,Fashion,11.64,0.0,1,Credit Card,2024-02-29,5,South,No,11.64,4.71,-0.64,62,Female
O102027,C13587,P219329,Home,50.48,0.05,2,Credit Card,2024-04-27,5,East,No,95.91,7.79,19.06,21,Male
O102028,C15468,P213218,Home,110.53,0.1,1,COD,2024-04-02,5,South,No,99.48,6.51,21.34,59,Female
O102029,C17125,P221164,Toys,60.73,0.0,1,Debit Card,2023-11-02,5,South,No,60.73,4.78,19.51,68,Female
O102030,C10920,P237424,Home,310.35749999999996,0.0,1,Credit Card,2025-05-29,4,West,No,346.34,9.94,83.88,49,Female
O102031,C17564,P212410,Electronics,153.04,0.0,2,Credit Card,2025-06-23,4,West,No,306.08,9.43,27.3,62,Female
O102032,C12769,P229730,Grocery,1.9,0.0,1,Debit Card,2024-04-28,8,East,No,1.9,0.0,0.15,37,Male
O102033,C17328,P202665,Home,310.35749999999996,0.05,1,Debit Card,2024-04-22,5,South,No,392.75,10.55,83.88,67,Male
O102034,C14111,P239899,Electronics,260.29,0.0,1,COD,2024-03-15,4,North,No,260.29,8.66,22.57,34,Male
O102035,C10492,P237703,Sports,310.35749999999996,0.0,1,Debit Card,2025-05-25,5,South,No,386.66,7.04,83.88,39,Male
O102036,C15545,P200415,Sports,85.86,0.2,1,Credit Card,2025-02-28,5,North,No,68.69,5.15,15.46,36,Male
O102037,C11131,P233475,Home,296.34,0.05,1,Debit Card,2024-10-23,5,East,No,281.52,7.56,71.27,26,Female
O102038,C17037,P224172,Sports,68.29,0.0,2,Debit Card,2023-10-16,5,West,No,136.58,11.05,29.92,58,Male
O102039,C13521,P202684,Electronics,310.35749999999996,0.05,1,Credit Card,2024-01-12,3,Central,No,347.89,7.28,34.47,40,Male
O102040,C10310,P207494,Home,111.03,0.1,3,Wallet,2024-08-31,3,North,No,299.78,7.69,76.25,24,Male
O102041,C10738,P219750,Electronics,130.7,0.0,3,Debit Card,2025-06-28,7,East,No,392.1,8.08,38.97,63,Female
O102042,C13241,P219887,Home,200.0,0.1,1,Credit Card,2025-08-08,4,West,No,180.0,7.36,43.04,32,Male
O102043,C10545,P220826,Beauty,4.38,0.0,1,Debit Card,2024-04-25,3,North,No,4.38,1.84,0.13,34,Female
O102044,C12461,P206180,Home,69.26,0.0,2,Debit Card,2023-10-29,6,East,No,138.52,7.0,31.79,53,Female
O102045,C14346,P246779,Beauty,52.97,0.2,1,Debit Card,2024-05-01,5,North,No,42.38,3.38,15.69,43,Female
O102046,C14854,P202559,Home,101.97,0.0,1,Credit Card,2024-08-22,4,Central,No,101.97,6.21,22.34,52,Male
O102047,C11804,P240905,Fashion,8.97,0.0,2,UPI,2025-01-15,5,North,No,17.94,2.36,3.92,24,Male
O102048,C13212,P203971,Electronics,125.6,0.0,1,UPI,2025-03-08,5,East,No,125.6,6.99,8.08,47,Male
O102049,C15393,P235725,Fashion,10.71,0.05,1,Credit Card,2025-03-04,5,West,No,10.17,2.96,0.6,53,Female
O102050,C17583,P218113,Fashion,20.99,0.0,2,Debit Card,2024-09-13,4,Central,Yes,41.98,6.72,7.97,63,Female
O102051,C15727,P242861,Sports,27.77,0.0,1,Credit Card,2025-05-18,4,North,No,27.77,3.91,4.42,19,Female
O102052,C13810,P212951,Toys,26.48,0.05,3,Debit Card,2023-09-29,7,South,No,75.47,7.14,23.05,60,Male
O102053,C16010,P225617,Sports,115.92,0.1,1,Debit Card,2025-06-17,6,East,No,104.33,8.25,23.05,42,Female
O102054,C17206,P232794,Sports,24.27,0.1,1,Credit Card,2024-08-03,6,West,No,21.84,4.04,2.51,23,Other
O102055,C10813,P202583,Fashion,33.95,0.0,4,Credit Card,2024-04-20,4,North,No,135.8,6.89,40.64,25,Female
O102056,C14124,P225628,Sports,44.49,0.0,1,Credit Card,2024-11-11,6,Central,No,44.49,5.56,7.79,50,Male
O102057,C15053,P226250,Beauty,13.08,0.1,1,COD,2024-06-04,6,South,No,11.77,3.41,1.89,43,Male
O102058,C12032,P203055,Electronics,310.35749999999996,0.0,1,PayPal,2024-08-19,4,Central,No,328.84,8.22,31.24,51,Female
O102059,C14572,P206801,Grocery,31.15,0.0,1,Credit Card,2025-09-01,4,Central,No,31.15,6.12,-3.63,27,Male
O102060,C14413,P234426,Electronics,310.35749999999996,0.0,1,COD,2024-11-01,5,West,No,392.75,11.36,83.41,32,Male
O102061,C10244,P236719,Home,80.15,0.2,1,Credit Card,2025-06-24,6,East,No,64.12,5.93,12.02,21,Female
O102062,C14843,P240067,Home,75.77,0.15,1,Credit Card,2025-04-25,4,North,No,64.4,5.83,12.2,58,Female
O102063,C14792,P223840,Toys,16.35,0.0,1,Credit Card,2024-03-28,4,South,No,16.35,5.02,1.52,50,Female
O102064,C10271,P209933,Grocery,9.46,0.1,1,PayPal,2024-09-01,3,North,No,8.51,3.52,-2.84,27,Male
O102065,C13511,P231979,Grocery,1.84,0.1,2,Credit Card,2025-02-16,3,North,No,3.31,3.64,-3.38,48,Female
O102066,C11771,P245047,Beauty,24.18,0.0,1,Debit Card,2024-12-15,3,Central,No,24.18,5.45,5.43,32,Female
O102067,C11262,P204137,Sports,96.42,0.0,1,Credit Card,2025-06-22,6,West,No,96.42,7.53,21.4,37,Female
O102068,C12424,P211423,Electronics,244.5,0.1,1,PayPal,2025-05-14,4,North,No,220.05,8.36,18.05,33,Female
O102069,C14361,P224315,Home,80.36,0.05,1,Debit Card,2025-07-18,4,West,No,76.34,5.35,16.03,22,Male
O102070,C17069,P234482,Grocery,37.81,0.0,1,COD,2023-11-14,5,West,No,37.81,3.33,-0.31,52,Female
O102071,C10920,P244156,Home,130.92,0.0,2,Credit Card,2023-09-18,3,Central,No,261.84,8.17,65.15,63,Male
O102072,C13430,P236115,Electronics,310.35749999999996,0.1,1,Credit Card,2024-03-19,5,West,No,392.75,8.79,56.08,64,Male
O102073,C14435,P234754,Fashion,156.22,0.1,3,Credit Card,2025-07-22,3,North,No,392.75,9.37,83.88,46,Male
O102074,C14484,P236312,Home,228.73,0.2,1,Debit Card,2023-12-11,8,South,No,182.98,7.63,43.6,67,Male
O102075,C12624,P223363,Fashion,145.83,0.0,1,Debit Card,2025-09-04,3,North,No,145.83,4.82,46.22,44,Female
O102076,C13760,P217085,Home,197.52,0.1,2,COD,2025-02-20,4,Central,No,355.54,9.06,83.88,32,Other
O102077,C12050,P242414,Fashion,14.17,0.0,4,Debit Card,2024-07-18,8,East,No,56.68,7.11,12.73,47,Female
O102078,C13500,P236554,Fashion,17.65,0.05,3,Credit Card,2024-02-21,5,North,No,50.3,7.48,10.12,59,Female
O102079,C11165,P214415,Electronics,120.05,0.0,1,UPI,2024-06-25,8,East,No,120.05,8.65,5.76,49,Male
O102080,C10375,P247052,Grocery,6.12,0.0,5,Credit Card,2024-09-05,6,East,No,30.6,6.14,-3.69,58,Male
O102081,C17837,P221398,Sports,53.12,0.1,1,COD,2024-04-16,4,West,No,47.81,5.49,8.85,26,Female
O102082,C12033,P232691,Beauty,43.84,0.0,1,Credit Card,2025-06-12,4,West,No,43.84,3.95,15.78,45,Female
O102083,C16467,P206659,Beauty,13.97,0.05,1,Credit Card,2024-11-17,8,East,No,13.27,4.0,1.97,30,Male
O102084,C10145,P220644,Home,181.05,0.1,1,Debit Card,2024-07-30,5,Central,No,162.95,8.34,37.29,59,Male
O102085,C16077,P203044,Toys,48.05,0.0,1,Credit Card,2023-10-23,5,East,No,48.05,7.52,11.7,46,Female
O102086,C14388,P203883,Grocery,2.6,0.0,2,Debit Card,2025-01-31,3,North,No,5.2,3.11,-2.69,37,Male
O102087,C17832,P231712,Electronics,50.08,0.05,2,PayPal,2025-07-21,3,North,No,95.15,7.27,4.15,37,Male
O102088,C10431,P219324,Electronics,310.35749999999996,0.3,2,UPI,2023-11-10,5,East,No,392.75,8.95,83.88,37,Female
O102089,C10704,P248119,Sports,36.76,0.0,1,Credit Card,2024-09-27,6,East,No,36.76,7.95,3.08,51,Female
O102090,C17092,P221545,Fashion,13.19,0.0,1,COD,2025-09-09,7,South,No,13.19,4.83,-0.21,69,Female
O102091,C16094,P218204,Grocery,5.61,0.2,2,Credit Card,2024-05-10,7,East,No,8.98,1.92,-1.2,23,Male
O102092,C12632,P223268,Sports,30.24,0.3,3,Credit Card,2025-04-20,7,Central,No,63.5,7.01,12.04,21,Female
O102093,C14494,P215762,Home,217.8,0.05,3,Debit Card,2025-08-14,4,Central,No,392.75,9.01,83.88,60,Female
O102094,C16960,P228371,Home,142.52,0.0,1,Credit Card,2025-05-01,6,East,No,142.52,6.33,33.58,24,Female
O102095,C17511,P218847,Sports,28.0,0.1,1,Credit Card,2024-08-05,7,North,No,25.2,3.44,4.12,61,Male
O102096,C10963,P236139,Electronics,310.35749999999996,0.05,1,Debit Card,2025-04-04,5,West,No,317.97,8.05,30.11,28,Female
O102097,C17307,P241295,Grocery,4.07,0.0,1,Credit Card,2024-06-11,5,East,No,4.07,2.7,-2.37,20,Female
O102098,C12234,P210116,Electronics,121.53,0.2,1,Debit Card,2023-12-03,6,East,No,97.22,7.31,4.36,26,Male
O102099,C12041,P230125,Grocery,12.92,0.0,2,PayPal,2023-09-14,4,North,No,25.84,4.74,-2.67,60,Female
O102100,C11828,P231404,Electronics,310.35749999999996,0.0,1,Credit Card,2024-12-30,8,East,No,392.75,8.54,40.07,63,Male
O102101,C12108,P228436,Sports,51.79,0.05,1,COD,2023-10-26,6,Central,No,49.2,7.44,7.32,41,Female
O102102,C14068,P202788,Electronics,310.35749999999996,0.0,1,Wallet,2025-02-08,4,South,Yes,392.75,10.42,51.8,21,Female
O102103,C10938,P232149,Home,249.02,0.15,1,UPI,2024-02-15,4,South,Yes,211.67,9.8,49.47,69,Male
O102104,C17547,P204125,Beauty,63.79,0.1,1,COD,2024-01-22,4,South,No,57.41,5.13,20.7,60,Female
O102105,C14805,P203606,Electronics,310.35749999999996,0.0,1,COD,2025-08-27,6,South,No,369.69,8.98,35.38,51,Male
O102106,C10806,P241534,Home,42.72,0.0,2,UPI,2024-09-18,3,Central,No,85.44,6.47,17.45,20,Male
O102107,C11463,P232988,Fashion,72.86,0.0,1,Credit Card,2025-03-16,4,North,No,72.86,5.0,20.5,43,Male
O102108,C17486,P221306,Home,25.03,0.15,5,Credit Card,2025-01-21,4,West,No,106.38,6.73,23.06,47,Female
O102109,C15421,P242973,Home,36.32,0.0,3,COD,2024-07-15,6,West,No,108.96,5.11,25.4,54,Male
O102110,C13415,P210833,Toys,37.17,0.0,2,Credit Card,2025-03-24,5,Central,No,74.34,6.0,23.74,44,Female
O102111,C10010,P221997,Electronics,310.35749999999996,0.1,2,COD,2023-10-27,5,West,No,392.75,9.91,83.88,45,Female
O102112,C15181,P233521,Electronics,72.44,0.05,1,Credit Card,2024-09-21,3,North,Yes,68.82,6.23,2.03,26,Female
O102113,C11868,P229948,Home,59.26,0.0,2,PayPal,2023-09-25,5,North,No,118.52,7.96,25.23,19,Female
O102114,C16369,P246643,Grocery,14.06,0.05,1,UPI,2025-04-07,5,East,No,13.36,3.52,-2.45,52,Male
O102115,C17320,P207488,Toys,56.89,0.15,3,Debit Card,2023-12-07,5,East,No,145.07,8.07,49.96,23,Female
O102116,C17878,P239974,Beauty,23.72,0.0,1,Credit Card,2024-06-13,3,North,No,23.72,5.41,5.26,25,Male
O102117,C16707,P242448,Grocery,23.65,0.0,1,Debit Card,2024-06-28,5,North,No,23.65,4.91,-3.02,62,Male
O102118,C14867,P207938,Toys,52.36,0.1,2,Credit Card,2024-03-11,4,North,No,94.25,5.56,32.14,64,Female
O102119,C15690,P238726,Fashion,40.99,0.3,1,Debit Card,2023-12-07,4,South,No,28.69,5.81,4.23,41,Male
O102120,C15703,P215770,Electronics,310.35749999999996,0.0,1,Credit Card,2024-02-06,3,North,Yes,392.75,8.29,50.31,24,Female
O102121,C17827,P206635,Fashion,58.39,0.05,1,Wallet,2024-11-23,5,West,No,55.47,5.63,13.78,31,Female
O102122,C17742,P208629,Fashion,59.71,0.0,2,COD,2024-08-29,5,East,Yes,119.42,4.79,37.01,42,Male
O102123,C15429,P249934,Beauty,20.83,0.05,4,COD,2024-12-03,5,East,No,79.15,6.09,29.53,58,Male
O102124,C10884,P231668,Beauty,26.91,0.0,1,UPI,2025-08-09,5,South,No,26.91,5.59,6.52,36,Female
O102125,C17410,P221487,Beauty,22.8,0.1,1,Credit Card,2024-07-02,4,South,No,20.52,5.43,3.8,53,Female
O102126,C13564,P212869,Fashion,54.92,0.0,1,Debit Card,2025-07-21,4,Central,Yes,54.92,4.88,14.34,34,Female
O102127,C11389,P249371,Toys,15.84,0.0,1,Wallet,2024-06-04,7,East,No,15.84,4.06,2.28,25,Female
O102128,C13401,P209219,Home,43.14,0.0,1,UPI,2023-10-21,5,West,No,43.14,6.14,5.94,33,Male
O102129,C17274,P240797,Home,165.75,0.0,3,Wallet,2024-02-18,3,Central,No,392.75,8.73,83.88,21,Male
O102130,C14321,P249040,Grocery,7.38,0.15,2,Debit Card,2024-06-03,3,Central,No,12.55,3.1,-2.1,50,Female
O102131,C10824,P216673,Fashion,11.72,0.0,2,Credit Card,2024-04-15,4,South,No,23.44,4.0,4.2,62,Female
O102132,C12265,P216763,Home,260.95,0.1,1,Debit Card,2025-03-01,4,North,No,234.86,8.87,56.89,61,Female
O102133,C10936,P244933,Sports,29.68,0.2,1,UPI,2024-05-14,5,Central,No,23.74,5.53,1.59,40,Female
O102134,C12800,P211043,Grocery,11.24,0.0,1,COD,2024-03-08,4,South,No,11.24,3.42,-2.52,33,Male
O102135,C12553,P209570,Electronics,310.35749999999996,0.15,1,COD,2025-04-27,3,Central,No,392.75,8.17,39.26,61,Female
O102136,C16402,P206886,Sports,112.59,0.0,1,Debit Card,2025-01-26,3,North,No,112.59,6.57,27.21,44,Male
O102137,C16007,P201958,Grocery,3.31,0.05,3,PayPal,2025-03-10,4,North,No,9.43,3.68,-2.93,41,Male
O102138,C13845,P243087,Home,38.42,0.0,1,UPI,2023-10-27,3,North,No,38.42,6.05,4.71,22,Male
O102139,C17684,P224641,Fashion,12.92,0.0,3,UPI,2024-08-05,5,East,No,38.76,5.85,7.72,63,Male
O102140,C11796,P202183,Sports,17.41,0.0,2,Debit Card,2025-08-16,5,South,No,34.82,5.57,4.88,22,Male
O102141,C10053,P229070,Fashion,21.38,0.0,1,Credit Card,2024-05-02,5,East,No,21.38,6.11,1.37,53,Female
O102142,C17214,P203774,Home,107.78,0.3,1,COD,2025-03-13,3,Central,No,75.45,4.97,16.16,34,Male
O102143,C10726,P229018,Grocery,3.5,0.1,1,Debit Card,2025-04-27,3,North,No,3.15,3.36,-3.11,21,Male
O102144,C12736,P220303,Beauty,89.62,0.0,1,Credit Card,2023-10-12,3,North,No,89.62,6.93,33.4,48,Male
O102145,C15640,P214272,Electronics,310.35749999999996,0.05,1,Debit Card,2024-08-06,4,South,No,392.75,9.87,40.29,69,Female
O102146,C13170,P222586,Fashion,48.06,0.0,1,PayPal,2024-07-31,8,East,No,48.06,6.85,9.97,19,Male
O102147,C15139,P233545,Beauty,31.02,0.15,1,Credit Card,2025-04-12,6,Central,No,26.37,5.15,6.72,65,Female
O102148,C11913,P202566,Home,85.39,0.0,2,Debit Card,2024-05-07,7,South,No,170.78,6.96,40.86,58,Male
O102149,C15872,P242863,Sports,72.41,0.0,1,UPI,2025-03-11,4,South,No,72.41,6.89,14.83,65,Female
O102150,C11596,P210953,Toys,45.17,0.0,1,Debit Card,2025-06-22,5,East,No,45.17,4.79,13.28,39,Male
O102151,C11914,P231696,Home,178.52,0.05,1,Wallet,2025-01-26,6,East,No,169.59,8.86,38.63,52,Female
O102152,C17657,P207404,Grocery,12.68,0.05,1,Debit Card,2024-05-28,4,West,No,12.05,4.53,-3.57,50,Female
O102153,C12466,P232846,Grocery,40.5,0.05,2,Debit Card,2024-09-11,4,Central,Yes,76.95,7.67,-1.51,54,Male
O102154,C12737,P201581,Electronics,310.35749999999996,0.05,1,UPI,2024-05-22,3,Central,No,382.99,8.44,37.52,63,Female
O102155,C10849,P214066,Fashion,30.01,0.0,1,Credit Card,2024-11-24,3,Central,No,30.01,3.53,6.97,55,Male
O102156,C12109,P240735,Fashion,7.39,0.0,1,Debit Card,2024-04-23,4,West,No,7.39,3.22,-0.63,18,Male
O102157,C17312,P207839,Fashion,29.36,0.0,1,UPI,2025-03-18,5,East,No,29.36,3.77,6.51,62,Female
O102158,C16359,P234930,Fashion,132.23,0.1,1,Credit Card,2024-08-19,4,North,No,119.01,7.13,34.52,61,Male
O102159,C10002,P222129,Home,16.01,0.3,1,Debit Card,2024-03-31,4,Central,No,11.21,4.09,-0.95,51,Other
O102160,C14255,P230845,Electronics,116.31,0.0,1,Debit Card,2024-12-05,4,West,No,116.31,7.76,6.2,22,Female
O102161,C17906,P213913,Electronics,310.35749999999996,0.0,1,UPI,2025-01-11,6,East,No,392.75,8.94,61.57,63,Female
O102162,C14069,P200964,Electronics,197.57,0.0,1,Debit Card,2024-06-04,5,West,Yes,197.57,7.77,15.94,50,Female
O102163,C14876,P210739,Electronics,116.84,0.0,1,Credit Card,2024-08-07,3,North,No,116.84,7.01,7.01,54,Female
O102164,C17287,P202673,Home,232.65,0.05,1,Wallet,2024-01-26,5,Central,No,221.02,7.31,54.58,53,Male
O102165,C10892,P238061,Fashion,45.19,0.05,1,UPI,2024-02-17,5,South,No,42.93,6.0,9.03,66,Female
O102166,C12030,P231171,Grocery,11.47,0.0,1,Credit Card,2024-07-04,4,Central,No,11.47,4.54,-3.62,54,Male
O102167,C13160,P223643,Electronics,163.05,0.05,1,Debit Card,2024-06-22,5,West,Yes,154.9,7.28,11.31,68,Female
O102168,C12376,P234486,Grocery,15.8,0.0,2,Debit Card,2025-08-10,6,North,No,31.6,4.88,-2.35,66,Male
O102169,C14675,P210624,Electronics,310.35749999999996,0.0,1,UPI,2023-11-14,5,South,No,392.75,9.85,73.34,63,Male
O102170,C11933,P201228,Beauty,36.98,0.0,1,PayPal,2025-08-31,4,North,No,36.98,4.38,12.26,29,Male
O102171,C11380,P243370,Fashion,51.6,0.15,3,Wallet,2024-11-15,5,East,No,131.58,6.58,39.47,66,Male
O102172,C13681,P234608,Toys,10.49,0.1,3,Credit Card,2024-10-21,7,West,Yes,28.32,5.68,5.65,20,Female
O102173,C11290,P249649,Electronics,310.35749999999996,0.15,3,UPI,2025-05-24,4,South,No,392.75,10.1,83.88,41,Female
O102174,C11640,P216920,Grocery,11.99,0.15,3,Credit Card,2025-04-01,4,South,No,30.57,4.72,-2.27,39,Female
O102175,C15047,P219689,Electronics,310.35749999999996,0.0,3,Credit Card,2023-10-06,5,South,No,392.75,12.43,83.88,26,Male
O102176,C17490,P207124,Fashion,19.42,0.15,2,Credit Card,2025-07-19,6,South,No,33.01,6.07,5.48,25,Female
O102177,C12682,P242124,Home,149.85,0.05,1,COD,2024-03-10,4,South,No,142.36,5.89,33.97,30,Female
O102178,C10987,P231339,Sports,279.07,0.2,1,Wallet,2025-03-09,4,North,No,223.26,7.2,59.78,59,Male
O102179,C17708,P207587,Grocery,7.17,0.0,1,PayPal,2024-11-11,6,South,No,7.17,4.28,-3.71,66,Female
O102180,C17816,P203527,Home,310.35749999999996,0.0,1,Debit Card,2024-07-27,5,East,No,392.75,8.82,83.88,53,Male
O102181,C11218,P233067,Sports,59.0,0.0,3,UPI,2024-03-04,5,East,No,177.0,8.26,44.84,35,Female
O102182,C15016,P245358,Sports,66.61,0.0,4,COD,2024-01-20,6,East,No,266.44,9.05,70.88,56,Female
O102183,C16881,P203963,Beauty,43.23,0.0,1,COD,2025-02-06,7,East,No,43.23,5.89,13.56,56,Male
O102184,C11355,P237455,Sports,39.71,0.2,1,Credit Card,2024-01-03,4,North,No,31.77,4.12,5.41,24,Male
O102185,C14265,P236939,Electronics,310.35749999999996,0.1,1,PayPal,2024-08-01,4,West,No,392.75,7.63,40.72,45,Female
O102186,C14616,P220243,Home,56.66,0.0,1,Credit Card,2024-08-25,6,South,No,56.66,5.56,10.3,20,Male
O102187,C15582,P232693,Toys,19.72,0.0,1,COD,2025-07-21,5,Central,No,19.72,5.57,2.32,28,Female
O102188,C14135,P245835,Home,206.96,0.2,1,PayPal,2024-06-23,5,East,No,165.57,7.93,38.43,60,Male
O102189,C11560,P203695,Toys,2.52,0.0,5,Debit Card,2025-05-20,4,North,No,12.6,4.78,0.26,68,Male
O102190,C17428,P209112,Toys,3.82,0.0,1,Debit Card,2024-09-09,3,North,No,3.82,1.56,-0.03,38,Female
O102191,C11418,P232059,Toys,55.57,0.15,4,UPI,2025-05-05,4,West,No,188.94,8.39,67.19,60,Female
O102192,C10954,P207242,Electronics,310.35749999999996,0.05,1,Credit Card,2025-08-15,4,West,No,392.75,10.37,58.02,39,Female
O102193,C17393,P209941,Fashion,108.04,0.3,1,UPI,2024-05-09,3,Central,Yes,75.63,7.86,18.61,30,Male
O102194,C10983,P220001,Electronics,237.83,0.2,4,Credit Card,2025-01-26,3,North,No,392.75,10.38,80.95,62,Female
O102195,C17291,P202700,Grocery,17.59,0.1,1,Debit Card,2024-03-01,6,East,No,15.83,5.03,-3.76,20,Male
O102196,C10974,P218085,Fashion,310.35749999999996,0.0,1,Credit Card,2024-09-17,6,East,No,317.83,9.19,83.88,54,Female
O102197,C14133,P213339,Home,84.6,0.05,2,Credit Card,2025-04-04,6,North,No,160.74,6.57,38.44,40,Male
O102198,C16471,P215834,Fashion,97.23,0.1,2,Credit Card,2025-06-11,4,North,No,175.01,9.54,51.71,58,Female
O102199,C15370,P211084,Electronics,76.85,0.0,2,Credit Card,2024-01-14,5,West,No,153.7,7.14,11.3,65,Male
O102200,C13972,P229543,Fashion,43.59,0.0,2,Credit Card,2024-04-18,5,North,No,87.18,6.71,23.8,39,Male
O102201,C15295,P235930,Electronics,181.73,0.05,4,Debit Card,2025-03-12,5,South,Yes,392.75,11.59,71.28,44,Male
O102202,C15721,P241074,Home,107.49,0.0,2,Credit Card,2024-09-08,5,South,No,214.98,8.45,51.74,37,Male
O102203,C10913,P231902,Grocery,2.59,0.05,1,Credit Card,2024-02-13,5,West,No,2.46,1.95,-1.75,20,Male
O102204,C14549,P229044,Sports,55.07,0.0,2,Debit Card,2023-10-08,6,West,No,110.14,7.2,25.84,46,Male
O102205,C10036,P213137,Sports,17.83,0.0,1,Credit Card,2024-02-25,4,Central,No,17.83,3.73,1.62,29,Female
O102206,C13387,P234905,Home,89.46,0.0,1,UPI,2023-12-23,6,South,No,89.46,6.76,18.29,34,Female
O102207,C11711,P249182,Toys,13.47,0.1,1,Credit Card,2025-08-24,5,West,No,12.12,3.92,0.93,55,Female
O102208,C13020,P205948,Grocery,6.27,0.0,1,Credit Card,2024-11-06,4,North,No,6.27,3.95,-3.45,52,Female
O102209,C10795,P247461,Grocery,40.01,0.15,3,Credit Card,2024-10-14,6,South,No,102.03,8.62,-0.46,20,Female
O102210,C14036,P232567,Electronics,78.14,0.1,1,COD,2024-07-27,4,South,No,70.33,7.66,0.78,30,Female
O102211,C15068,P231189,Toys,36.26,0.0,2,UPI,2024-07-13,4,West,No,72.52,7.01,22.0,26,Male
O102212,C14688,P248867,Fashion,26.55,0.05,4,Credit Card,2024-02-02,5,North,No,100.89,6.96,28.35,43,Male
O102213,C15233,P248978,Home,39.27,0.0,1,PayPal,2024-01-26,5,East,No,39.27,6.64,4.36,45,Male
O102214,C13111,P231871,Fashion,20.65,0.1,2,COD,2024-08-27,3,Central,No,37.17,6.18,6.83,61,Female
O102215,C11324,P218189,Sports,238.3,0.05,1,COD,2025-03-24,5,South,No,226.38,9.0,58.91,69,Female
O102216,C16367,P222797,Beauty,45.69,0.05,1,Credit Card,2024-07-27,7,East,No,43.41,6.6,12.93,49,Female
O102217,C10317,P203569,Electronics,55.16,0.05,2,COD,2024-12-22,5,West,No,104.8,7.8,4.78,43,Male
O102218,C12396,P226012,Toys,5.13,0.0,1,COD,2024-08-22,4,North,No,5.13,1.27,0.78,48,Male
O102219,C12162,P212977,Home,158.0,0.0,1,PayPal,2024-08-23,4,North,No,158.0,7.4,36.84,34,Female
O102220,C12745,P232049,Electronics,174.11,0.0,1,Debit Card,2024-08-20,4,West,No,174.11,7.86,13.03,37,Female
O102221,C15442,P221694,Home,310.35749999999996,0.0,4,COD,2023-10-07,4,South,Yes,392.75,10.43,83.88,29,Female
O102222,C11591,P244388,Home,213.31,0.0,1,UPI,2025-01-18,4,Central,No,213.31,6.84,52.89,57,Male
O102223,C13111,P233224,Electronics,310.35749999999996,0.05,3,Debit Card,2025-04-04,3,North,No,392.75,9.0,83.88,68,Male
O102224,C15985,P216832,Electronics,119.64,0.0,1,Debit Card,2023-09-21,7,East,No,119.64,8.38,5.98,40,Female
O102225,C16183,P232835,Grocery,3.15,0.0,1,PayPal,2024-08-13,4,North,No,3.15,1.44,-1.19,47,Male
O102226,C13930,P201862,Toys,54.85,0.2,1,COD,2025-09-05,4,South,No,43.88,3.92,13.63,26,Female
O102227,C11996,P218186,Electronics,218.3,0.05,1,Credit Card,2025-03-26,4,South,No,207.38,6.49,18.4,18,Male
O102228,C15868,P229545,Beauty,16.17,0.0,1,COD,2024-07-14,5,South,No,16.17,6.29,0.99,67,Female
O102229,C11312,P245522,Home,161.92,0.1,1,UPI,2024-01-17,4,Central,No,145.73,7.8,33.0,67,Female
O102230,C11285,P244391,Beauty,15.41,0.05,1,UPI,2024-10-21,3,North,Yes,14.64,5.55,1.04,33,Male
O102231,C14311,P240322,Home,283.99,0.0,1,Credit Card,2024-09-30,5,South,No,283.99,7.29,72.23,29,Female
O102232,C17314,P208319,Electronics,310.35749999999996,0.05,1,UPI,2024-06-29,4,Central,No,392.75,8.69,83.88,64,Female
O102233,C12383,P238663,Fashion,24.88,0.15,1,Credit Card,2024-08-01,5,South,No,21.15,3.55,3.85,23,Female
O102234,C13239,P245788,Electronics,125.81,0.0,2,Debit Card,2024-03-21,4,North,No,251.62,7.03,23.16,48,Female
O102235,C12139,P228401,Home,20.31,0.0,1,COD,2024-04-26,5,Central,No,20.31,3.38,2.31,48,Female
O102236,C16496,P232228,Grocery,4.18,0.1,2,Debit Card,2024-09-26,5,South,No,7.52,5.63,-5.03,55,Female
O102237,C16714,P212202,Grocery,2.98,0.0,1,COD,2024-08-21,4,West,No,2.98,2.88,-2.64,43,Male
O102238,C17738,P238283,Grocery,1.39,0.1,2,COD,2025-06-10,3,North,No,2.5,2.26,-2.06,55,Male
O102239,C16959,P220122,Grocery,1.63,0.1,1,Wallet,2023-10-31,7,East,No,1.47,2.96,-2.84,33,Male
O102240,C11704,P233135,Electronics,281.42,0.05,2,COD,2024-07-19,4,Central,No,392.75,10.03,54.13,44,Female
O102241,C16924,P222585,Sports,130.98,0.1,1,COD,2023-12-29,5,South,No,117.88,6.97,28.39,66,Male
O102242,C10362,P248408,Fashion,206.08,0.05,1,Debit Card,2025-01-10,6,West,No,195.78,7.05,61.47,40,Male
O102243,C12604,P248229,Toys,5.33,0.0,5,PayPal,2023-12-28,7,East,No,26.65,4.32,6.34,48,Female
O102244,C17512,P214897,Toys,25.56,0.0,2,Debit Card,2024-12-24,4,South,No,51.12,5.7,14.75,50,Female
O102245,C11716,P221291,Home,116.31,0.2,2,Debit Card,2023-09-15,3,Central,No,186.1,8.69,43.42,47,Female
O102246,C15289,P232826,Home,95.63,0.05,3,Credit Card,2025-01-13,5,East,No,272.55,8.6,67.71,21,Female
O102247,C14451,P208294,Fashion,67.91,0.05,4,Credit Card,2025-05-16,7,South,No,258.06,9.58,80.74,67,Male
O102248,C14286,P204507,Fashion,18.41,0.0,1,Wallet,2025-06-20,5,East,Yes,18.41,4.16,2.28,69,Female
O102249,C13738,P249937,Grocery,5.91,0.1,1,Debit Card,2024-10-31,6,South,No,5.32,0.54,-0.11,43,Other
O102250,C12469,P228854,Grocery,7.39,0.0,1,UPI,2024-05-15,4,West,No,7.39,2.02,-1.43,51,Female
O102251,C14795,P247520,Fashion,14.9,0.0,2,Debit Card,2025-02-08,5,East,No,29.8,6.44,3.99,35,Male
O102252,C16150,P215475,Fashion,37.02,0.15,1,PayPal,2023-11-22,3,North,Yes,31.47,6.48,4.53,38,Female
O102253,C16276,P244905,Electronics,95.96,0.0,1,Credit Card,2025-03-08,4,West,No,95.96,5.65,5.87,67,Male
O102254,C17914,P214334,Grocery,6.04,0.0,1,Credit Card,2024-04-10,3,North,No,6.04,1.71,-1.23,49,Female
O102255,C10556,P218830,Grocery,2.58,0.0,1,Debit Card,2024-09-29,5,West,No,2.58,0.91,-0.7,45,Male
O102256,C10825,P247882,Beauty,3.9,0.05,1,Credit Card,2024-10-08,3,Central,No,3.7,3.24,-1.58,64,Female
O102257,C12808,P248803,Sports,53.15,0.0,1,UPI,2024-01-08,5,East,No,53.15,4.29,11.65,59,Male
O102258,C15150,P227278,Sports,104.51,0.1,1,COD,2024-10-07,3,North,No,94.06,5.32,22.9,69,Male
O102259,C16678,P218749,Fashion,13.1,0.0,1,PayPal,2025-01-23,3,Central,No,13.1,4.04,0.54,52,Female
O102260,C14521,P230511,Grocery,67.22,0.0,1,Wallet,2023-11-22,4,West,No,67.22,5.06,0.32,18,Male
O102261,C17561,P237469,Beauty,10.86,0.0,1,Debit Card,2025-06-10,5,East,No,10.86,4.24,0.65,55,Female
O102262,C12719,P240185,Electronics,57.46,0.0,1,Credit Card,2024-02-09,6,East,No,57.46,8.73,-1.83,56,Male
O102263,C16506,P225072,Home,13.74,0.0,1,COD,2024-04-13,4,West,No,13.74,5.35,-1.5,56,Male
O102264,C13508,P242326,Beauty,29.91,0.15,1,Debit Card,2025-08-03,4,Central,No,25.42,5.37,6.07,54,Male
O102265,C13741,P231146,Fashion,59.49,0.0,1,COD,2025-02-17,6,East,No,59.49,6.62,14.2,41,Male
O102266,C11574,P211057,Sports,239.12,0.0,1,Debit Card,2024-11-08,5,East,No,239.12,6.54,65.2,37,Other
O102267,C13998,P226427,Grocery,2.25,0.1,2,UPI,2024-04-21,6,East,No,4.05,2.54,-2.22,43,Male
O102268,C12129,P241982,Toys,11.29,0.15,1,PayPal,2025-03-02,5,South,No,9.6,4.05,-0.21,27,Female
O102269,C12403,P244090,Sports,226.4,0.0,1,Debit Card,2025-05-04,5,East,No,226.4,8.21,59.71,59,Other
O102270,C13329,P248654,Home,220.39,0.0,1,Debit Card,2024-08-02,5,West,No,220.39,9.02,52.69,19,Male
O102271,C17885,P211036,Fashion,18.07,0.0,1,UPI,2023-09-12,4,South,No,18.07,5.39,0.93,47,Male
O102272,C10588,P214060,Home,300.59,0.0,3,Credit Card,2023-10-12,5,West,No,392.75,11.31,83.88,21,Male
O102273,C12012,P213607,Fashion,61.15,0.0,1,PayPal,2024-12-10,3,North,No,61.15,7.56,13.84,44,Female
O102274,C11547,P235102,Grocery,5.04,0.05,3,UPI,2023-10-05,6,North,No,14.36,4.11,-2.96,18,Male
O102275,C10294,P224074,Grocery,1.6,0.0,1,Debit Card,2025-02-02,3,North,No,1.6,1.19,-1.06,51,Female
O102276,C11985,P248864,Electronics,273.62,0.05,1,COD,2025-08-20,6,South,No,259.94,8.38,22.81,30,Female
O102277,C15343,P219773,Toys,26.55,0.0,4,COD,2023-10-11,5,East,No,106.2,6.03,36.45,25,Female
O102278,C15644,P232970,Sports,40.76,0.0,2,Credit Card,2025-03-30,3,North,No,81.52,5.17,19.29,37,Male
O102279,C13117,P232998,Grocery,3.43,0.05,1,Credit Card,2023-11-27,5,East,No,3.26,1.1,-0.84,57,Female
O102280,C11690,P228210,Home,20.3,0.3,1,Credit Card,2024-06-02,4,West,No,14.21,5.46,-1.48,24,Other
O102281,C11136,P244088,Sports,191.46,0.0,1,Debit Card,2024-12-14,4,North,No,191.46,10.81,46.63,25,Male
O102282,C15352,P211683,Home,17.41,0.0,1,Credit Card,2025-09-03,4,Central,No,17.41,2.83,2.04,62,Male
O102283,C12064,P202962,Electronics,310.35749999999996,0.0,3,Debit Card,2024-08-11,4,Central,No,392.75,10.71,83.88,67,Female
O102284,C14455,P235095,Electronics,310.35749999999996,0.0,1,Credit Card,2024-10-26,6,South,No,392.75,9.28,52.91,63,Male
O102285,C17390,P230000,Electronics,310.35749999999996,0.1,2,Credit Card,2024-01-19,8,East,No,392.75,9.9,83.88,26,Female
O102286,C17009,P229137,Fashion,57.14,0.0,2,COD,2024-05-19,5,East,No,114.28,7.84,32.16,47,Male
O102287,C14795,P235552,Fashion,57.01,0.0,1,Debit Card,2024-04-11,5,South,No,57.01,6.21,13.74,25,Female
O102288,C14543,P246253,Sports,73.19,0.15,1,Debit Card,2024-12-04,5,West,No,62.21,6.94,11.72,43,Female
O102289,C16999,P233571,Sports,63.01,0.0,1,UPI,2023-12-22,5,Central,No,63.01,5.04,13.86,63,Male
O102290,C16508,P245321,Grocery,2.95,0.05,4,UPI,2025-05-17,4,West,No,11.21,3.31,-2.41,20,Female
O102291,C14770,P247350,Fashion,42.69,0.0,2,Credit Card,2024-11-20,5,North,No,85.38,5.99,23.89,39,Male
O102292,C11007,P243861,Grocery,1.97,0.05,5,Credit Card,2025-06-22,7,East,No,9.36,2.89,-2.14,68,Female
O102293,C15445,P239164,Beauty,18.47,0.15,1,COD,2025-04-09,6,South,No,15.7,2.23,4.83,32,Female
O102294,C12514,P247578,Home,182.84,0.1,1,Debit Card,2025-08-16,3,North,No,164.56,6.08,40.0,64,Female
O102295,C16557,P216559,Sports,67.52,0.0,1,Debit Card,2025-04-01,5,North,No,67.52,7.0,13.26,49,Male
O102296,C13526,P242404,Sports,79.8,0.0,1,UPI,2024-06-30,4,Central,No,79.8,6.68,17.26,29,Male
O102297,C14681,P248074,Electronics,310.35749999999996,0.0,1,Debit Card,2025-04-06,5,West,No,392.75,11.13,66.88,47,Female
O102298,C15352,P244963,Sports,112.28,0.15,1,Credit Card,2024-11-15,8,East,No,95.44,4.75,23.88,42,Male
O102299,C11247,P205691,Sports,23.42,0.05,1,Debit Card,2025-04-16,4,Central,No,22.25,4.63,2.04,24,Female
O102300,C15089,P203532,Grocery,11.31,0.0,1,Credit Card,2025-06-16,6,South,No,11.31,4.79,-3.89,54,Female
O102301,C13902,P248991,Grocery,6.97,0.1,3,UPI,2024-09-25,3,North,No,18.82,2.92,-1.41,33,Female
O102302,C11435,P220733,Sports,32.79,0.0,1,Debit Card,2024-11-16,4,West,No,32.79,4.99,4.85,47,Male
O102303,C10571,P217927,Sports,112.66,0.05,1,UPI,2024-06-16,4,West,No,107.03,6.75,25.36,51,Male
O102304,C12382,P243114,Grocery,7.43,0.15,1,UPI,2024-12-12,4,West,No,6.32,2.88,-2.37,66,Female
O102305,C11245,P213482,Grocery,20.2,0.1,1,Debit Card,2024-08-01,6,West,No,18.18,4.1,-2.65,40,Female
O102306,C12084,P226681,Toys,19.37,0.1,1,PayPal,2024-04-20,5,South,No,17.43,5.55,1.42,62,Male
O102307,C15084,P205456,Toys,4.17,0.1,1,PayPal,2024-10-27,5,West,No,3.75,1.71,-0.21,51,Female
O102308,C10277,P203413,Electronics,190.18,0.0,1,Debit Card,2025-04-05,3,Central,No,190.18,6.99,15.83,64,Male
O102309,C15315,P207085,Toys,8.19,0.0,1,Debit Card,2024-10-04,5,North,No,8.19,3.54,-0.26,58,Female
O102310,C17059,P227937,Fashion,12.99,0.15,2,PayPal,2023-12-02,4,West,No,22.08,5.09,2.64,48,Male
O102311,C11887,P220563,Beauty,42.46,0.0,1,COD,2024-11-11,8,South,No,42.46,5.83,13.28,33,Female
O102312,C14579,P209332,Home,72.63,0.2,1,Debit Card,2023-11-05,4,West,No,58.1,6.07,10.2,50,Female
O102313,C11265,P237575,Fashion,51.71,0.0,1,PayPal,2024-11-07,5,East,No,51.71,6.8,11.3,28,Female
O102314,C17491,P207386,Fashion,110.08,0.05,1,Credit Card,2025-09-04,3,North,No,104.58,6.62,29.98,28,Male
O102315,C14826,P226337,Toys,17.4,0.0,1,Credit Card,2025-04-04,4,South,No,17.4,4.61,2.35,59,Male
O102316,C16335,P234708,Toys,7.87,0.3,1,Credit Card,2025-07-21,4,North,No,5.51,2.58,-0.38,53,Female
O102317,C11040,P229572,Beauty,41.32,0.0,1,COD,2025-08-09,5,East,No,41.32,4.33,14.26,40,Female
O102318,C16667,P233424,Sports,66.27,0.0,1,Credit Card,2025-03-24,4,West,No,66.27,8.39,11.49,26,Male
O102319,C10917,P235271,Grocery,11.92,0.1,2,Debit Card,2025-05-05,4,West,No,21.46,5.32,-3.6,34,Female
O102320,C16544,P249810,Home,310.35749999999996,0.0,1,Debit Card,2024-12-31,5,North,No,315.95,7.66,80.81,52,Female
O102321,C10885,P211030,Beauty,19.46,0.15,1,Credit Card,2024-06-23,3,North,No,16.54,4.93,2.51,63,Male
O102322,C12752,P213138,Beauty,12.98,0.0,1,Wallet,2025-01-31,5,North,No,12.98,3.05,2.79,57,Male
O102323,C10021,P247369,Grocery,18.11,0.2,1,Credit Card,2025-03-04,5,West,No,14.49,3.61,-2.45,48,Male
O102324,C14569,P215646,Fashion,12.05,0.0,4,UPI,2024-04-02,5,Central,No,48.2,7.19,9.68,40,Female
O102325,C13191,P228812,Grocery,33.26,0.3,1,UPI,2024-05-22,6,East,No,23.28,4.81,-2.95,30,Male
O102326,C16353,P223422,Fashion,126.52,0.0,1,COD,2024-07-19,7,West,No,126.52,9.23,35.05,41,Female
O102327,C12353,P210645,Electronics,310.35749999999996,0.0,1,Wallet,2023-09-26,5,South,No,331.48,7.08,32.7,39,Male
O102328,C17437,P214628,Fashion,13.24,0.0,1,Debit Card,2024-04-18,3,Central,No,13.24,4.6,0.03,30,Female
O102329,C14799,P224486,Home,89.22,0.0,2,PayPal,2025-06-10,5,West,No,178.44,6.13,43.83,42,Female
O102330,C10686,P222409,Sports,64.13,0.0,1,Debit Card,2024-09-04,4,Central,Yes,64.13,7.04,12.2,59,Male
O102331,C10284,P239266,Home,56.65,0.05,1,PayPal,2025-01-22,4,Central,No,53.82,7.33,7.74,39,Female
O102332,C14811,P222732,Home,35.34,0.05,1,Credit Card,2024-06-13,5,West,No,33.57,5.03,4.37,41,Female
O102333,C13747,P246557,Beauty,10.5,0.15,1,Credit Card,2024-10-20,6,East,No,8.92,2.98,1.03,23,Female
O102334,C10762,P219425,Toys,17.95,0.2,2,Credit Card,2024-06-23,3,North,No,28.72,5.25,6.24,18,Male
O102335,C15346,P212195,Toys,24.76,0.05,1,Debit Card,2025-03-16,4,South,No,23.52,5.68,3.73,56,Male
O102336,C15043,P218722,Sports,310.35749999999996,0.05,4,Debit Card,2023-12-02,4,Central,No,392.75,11.67,83.88,57,Male
O102337,C12428,P216494,Grocery,4.2,0.15,3,Wallet,2025-06-10,8,Central,No,10.71,3.85,-2.99,64,Male
O102338,C12507,P221571,Beauty,8.59,0.0,1,Debit Card,2024-12-02,5,North,No,8.59,2.71,1.16,58,Male
O102339,C15126,P234486,Electronics,90.45,0.0,1,Credit Card,2025-06-03,6,East,No,90.45,7.4,3.45,26,Male
O102340,C10028,P222900,Fashion,142.51,0.05,1,Debit Card,2024-08-03,6,North,No,135.38,5.9,41.48,51,Female
O102341,C10906,P200125,Fashion,28.65,0.0,1,UPI,2025-07-24,6,West,No,28.65,5.19,4.84,43,Female
O102342,C13104,P248814,Beauty,66.13,0.0,4,Credit Card,2024-07-20,5,East,Yes,264.52,9.13,83.88,21,Female
O102343,C17813,P219318,Grocery,30.0,0.05,1,COD,2025-06-10,3,Central,No,28.5,4.78,-2.5,29,Female
O102344,C17022,P238685,Toys,2.88,0.2,4,COD,2025-02-03,6,West,No,9.22,1.36,2.33,47,Male
O102345,C16222,P243162,Fashion,21.14,0.15,1,Debit Card,2024-11-12,4,West,No,17.97,5.79,0.5,58,Female
O102346,C13999,P207590,Home,57.44,0.1,1,Debit Card,2024-11-15,4,Central,No,51.7,5.15,9.33,48,Male
O102347,C12994,P234850,Sports,41.94,0.0,1,UPI,2025-01-02,3,North,No,41.94,3.91,8.67,53,Female
O102348,C12506,P212134,Grocery,8.29,0.1,1,Credit Card,2024-01-17,6,East,No,7.46,2.77,-2.17,59,Female
O102349,C14665,P225230,Electronics,274.82,0.0,2,Debit Card,2024-10-04,4,North,No,392.75,10.5,55.46,28,Female
O102350,C16102,P215058,Home,196.92,0.1,1,Credit Card,2023-09-27,5,South,No,177.23,7.56,42.06,48,Female
O102351,C13609,P214301,Grocery,5.1,0.0,2,UPI,2024-02-25,4,North,No,10.2,3.51,-2.69,61,Male
O102352,C13553,P237861,Grocery,5.67,0.0,2,COD,2025-02-28,7,South,No,11.34,3.69,-2.78,43,Female
O102353,C11453,P227039,Fashion,49.88,0.0,1,Credit Card,2024-11-06,5,South,No,49.88,6.85,10.61,30,Male
O102354,C14833,P200284,Electronics,114.21,0.1,1,Debit Card,2024-12-16,6,South,No,102.79,7.59,4.74,49,Male
O102355,C13356,P238334,Beauty,18.7,0.05,1,UPI,2024-06-26,7,South,No,17.76,1.98,6.01,35,Female
O102356,C10515,P243525,Toys,7.68,0.0,1,Debit Card,2023-10-14,5,East,No,7.68,2.84,0.23,69,Male
O102357,C16096,P240986,Fashion,15.85,0.05,1,Debit Card,2024-08-02,5,East,No,15.06,4.34,0.93,44,Female
O102358,C17266,P218658,Grocery,21.91,0.1,1,UPI,2024-11-05,7,Central,No,19.72,4.18,-2.6,37,Female
O102359,C16540,P228443,Fashion,65.38,0.0,1,Debit Card,2025-06-23,4,North,No,65.38,6.67,16.21,28,Male
O102360,C17656,P203972,Beauty,10.04,0.0,3,Debit Card,2024-10-20,5,North,No,30.12,4.75,8.8,24,Female
O102361,C10038,P226167,Sports,62.75,0.0,1,Debit Card,2024-12-15,3,North,No,62.75,6.26,12.56,36,Female
O102362,C13342,P213679,Fashion,13.24,0.0,2,Debit Card,2025-08-26,4,Central,No,26.48,5.87,3.4,25,Female
O102363,C10886,P244341,Fashion,7.69,0.0,2,COD,2025-05-01,7,East,No,15.38,4.6,0.78,68,Female
O102364,C12844,P229519,Home,125.87,0.1,1,Wallet,2025-03-02,7,South,No,113.28,5.51,26.21,45,Female
O102365,C12204,P225704,Toys,10.89,0.1,3,Credit Card,2024-08-02,3,North,No,29.4,6.92,4.84,39,Male
O102366,C11098,P236881,Electronics,125.48,0.2,1,UPI,2024-03-26,6,South,No,100.38,5.61,6.44,52,Male
O102367,C17027,P231948,Beauty,5.98,0.0,1,Credit Card,2024-09-15,6,North,No,5.98,1.43,1.26,52,Female
O102368,C11823,P214378,Sports,122.05,0.05,3,UPI,2024-04-08,3,North,No,347.84,8.94,83.88,63,Male
O102369,C13201,P210328,Beauty,10.76,0.0,1,PayPal,2025-03-03,7,Central,No,10.76,3.19,1.65,45,Female
O102370,C15806,P224732,Grocery,32.33,0.05,1,COD,2025-04-28,4,West,No,30.71,2.96,-0.5,55,Male
O102371,C15069,P217673,Beauty,8.25,0.0,1,Debit Card,2024-02-25,5,South,No,8.25,2.86,0.85,60,Female
O102372,C13155,P210373,Beauty,9.85,0.0,1,Debit Card,2025-05-09,4,Central,No,9.85,3.62,0.81,56,Female
O102373,C13093,P205720,Beauty,49.76,0.0,1,Credit Card,2025-06-13,4,South,No,49.76,4.88,17.51,19,Female
O102374,C13530,P205153,Sports,93.55,0.05,1,Credit Card,2024-08-29,4,North,No,88.87,5.72,20.94,44,Male
O102375,C15658,P206226,Electronics,87.28,0.0,2,Credit Card,2025-09-02,5,South,Yes,174.56,7.34,13.61,25,Female
O102376,C13778,P202976,Grocery,11.5,0.0,1,Wallet,2025-03-21,4,Central,No,11.5,2.89,-1.97,64,Female
O102377,C12896,P238019,Electronics,169.72,0.1,1,Debit Card,2024-04-05,7,East,No,152.75,8.58,9.75,46,Other
O102378,C13453,P236267,Sports,141.31,0.05,1,Credit Card,2024-08-27,7,West,No,134.24,9.72,30.55,19,Male
O102379,C16891,P219297,Beauty,4.98,0.0,1,COD,2024-06-12,3,North,No,4.98,3.29,-1.05,49,Female
O102380,C13511,P216587,Fashion,127.9,0.05,1,Debit Card,2025-05-20,4,South,No,121.5,7.1,35.42,67,Female
O102381,C17771,P218206,Electronics,261.4,0.0,1,UPI,2023-12-02,6,West,No,261.4,7.33,24.04,40,Female
O102382,C10988,P225935,Electronics,310.35749999999996,0.3,1,UPI,2024-04-27,4,West,No,336.51,7.5,32.88,68,Other
O102383,C14116,P229633,Fashion,64.97,0.0,1,Debit Card,2023-12-14,5,South,No,64.97,6.12,16.62,31,Male
O102384,C16446,P210736,Grocery,3.58,0.2,1,COD,2024-05-10,5,West,No,2.86,2.76,-2.53,66,Male
O102385,C14964,P241401,Toys,43.71,0.0,1,Debit Card,2023-10-19,4,West,No,43.71,6.79,10.69,25,Female
O102386,C14026,P206971,Electronics,136.09,0.05,1,Debit Card,2023-11-28,6,South,No,129.29,7.75,7.76,61,Female
O102387,C14179,P209507,Fashion,15.39,0.0,1,UPI,2023-12-13,6,North,No,15.39,3.09,2.3,20,Female
O102388,C17941,P225724,Grocery,10.68,0.2,1,UPI,2024-09-02,4,North,No,8.54,3.68,-3.0,42,Female
O102389,C11682,P222166,Fashion,210.02,0.0,2,Credit Card,2023-12-22,4,North,No,392.75,9.8,83.88,49,Female
O102390,C16072,P213158,Grocery,5.95,0.0,1,UPI,2023-09-14,4,South,No,5.95,1.42,-0.94,64,Male
O102391,C17620,P225774,Fashion,169.06,0.0,1,UPI,2025-06-07,4,North,No,169.06,5.65,53.52,37,Female
O102392,C15506,P211108,Sports,66.16,0.15,1,Debit Card,2025-03-20,5,South,No,56.24,6.81,10.06,23,Male
O102393,C15626,P212077,Home,246.98,0.0,1,Debit Card,2023-11-28,4,Central,No,246.98,9.86,59.29,60,Male
O102394,C17424,P204175,Electronics,295.37,0.1,1,Debit Card,2024-06-02,5,South,No,265.83,9.16,22.74,35,Female
O102395,C14665,P235627,Fashion,16.3,0.0,1,Credit Card,2024-07-15,4,North,No,16.3,5.87,-0.17,44,Female
O102396,C13963,P202962,Sports,218.49,0.0,1,Debit Card,2024-03-12,7,West,No,218.49,8.1,57.45,61,Female
O102397,C10933,P213616,Fashion,8.67,0.3,4,Debit Card,2024-10-22,4,West,No,24.28,4.69,3.81,23,Male
O102398,C13598,P232253,Beauty,31.13,0.05,5,Wallet,2025-07-09,5,East,No,147.87,3.64,62.9,28,Male
O102399,C13233,P217751,Fashion,92.34,0.0,2,Credit Card,2025-04-28,4,South,No,184.68,7.94,56.7,26,Male
O102400,C11980,P245625,Home,244.89,0.0,1,COD,2025-03-20,3,Central,No,244.89,9.62,58.95,20,Male
O102401,C17330,P205210,Home,150.24,0.0,1,Wallet,2025-01-14,3,North,No,150.24,9.39,32.68,27,Male
O102402,C11855,P232390,Home,48.05,0.15,1,Debit Card,2024-09-05,5,East,No,40.84,5.16,6.28,39,Male
O102403,C13056,P235677,Fashion,42.3,0.05,3,COD,2024-10-26,6,West,No,120.56,7.55,34.65,66,Male
O102404,C10792,P243176,Home,140.74,0.05,1,UPI,2024-05-28,4,North,No,133.7,6.78,30.66,56,Female
O102405,C10791,P236173,Sports,226.78,0.0,3,COD,2025-04-30,5,West,No,392.75,10.47,83.88,25,Male
O102406,C17691,P215993,Grocery,3.29,0.05,1,COD,2024-03-14,5,North,No,3.13,3.83,-3.58,21,Male
O102407,C11809,P226859,Toys,14.3,0.0,1,Debit Card,2025-02-12,4,North,No,14.3,3.46,2.26,27,Female
O102408,C15390,P220878,Electronics,181.68,0.05,1,PayPal,2025-06-30,5,East,No,172.6,6.8,13.91,22,Female
O102409,C16635,P214923,Fashion,32.44,0.05,1,UPI,2024-07-10,5,West,No,30.82,6.6,4.19,18,Male
O102410,C12255,P233588,Electronics,115.71,0.05,2,PayPal,2023-10-21,4,Central,No,219.85,7.24,19.14,28,Female
O102411,C13610,P227100,Electronics,129.68,0.0,1,UPI,2025-05-08,4,North,No,129.68,5.84,9.72,57,Male
O102412,C11607,P224086,Fashion,77.23,0.0,1,UPI,2024-03-25,3,Central,No,77.23,7.05,19.98,28,Female
O102413,C15179,P240023,Fashion,37.0,0.2,1,Credit Card,2024-04-30,6,North,No,29.6,5.86,4.5,66,Female
O102414,C16573,P247709,Fashion,40.49,0.0,1,Credit Card,2024-01-03,6,Central,No,40.49,6.33,7.84,58,Female
O102415,C10984,P232571,Fashion,116.99,0.0,1,UPI,2024-12-30,4,South,No,116.99,8.7,32.25,25,Female
O102416,C15776,P211017,Fashion,18.49,0.15,2,UPI,2025-03-14,4,North,No,31.43,5.21,5.79,68,Female
O102417,C13676,P237221,Electronics,179.8,0.05,1,UPI,2025-08-21,3,Central,No,170.81,7.55,12.95,69,Male
O102418,C13380,P219513,Fashion,23.15,0.0,1,Credit Card,2024-10-30,4,South,No,23.15,3.66,4.44,32,Female
O102419,C10519,P244974,Sports,115.86,0.0,1,Debit Card,2024-01-31,5,North,No,115.86,7.74,27.02,67,Female
O102420,C10590,P246478,Fashion,45.64,0.1,1,UPI,2023-12-10,8,East,No,41.08,4.77,9.61,51,Male
O102421,C11050,P214860,Electronics,257.28,0.3,1,UPI,2025-02-12,6,South,No,180.1,8.52,13.09,60,Female
O102422,C15805,P208086,Electronics,310.35749999999996,0.05,1,Debit Card,2025-02-05,4,North,No,387.92,9.3,37.25,47,Female
O102423,C13633,P248544,Home,97.1,0.0,1,Credit Card,2024-09-01,5,Central,No,97.1,6.2,20.99,35,Male
O102424,C16131,P218050,Toys,35.29,0.1,1,Credit Card,2024-05-11,3,Central,Yes,31.76,3.14,9.56,31,Male
O102425,C16342,P240157,Electronics,221.61,0.1,2,PayPal,2025-01-17,4,North,No,392.75,8.47,39.4,22,Male
O102426,C16530,P219784,Beauty,57.21,0.15,1,Credit Card,2025-03-29,3,Central,Yes,48.63,7.06,14.82,66,Female
O102427,C14444,P211774,Sports,22.53,0.0,2,Credit Card,2024-09-04,5,East,No,45.06,5.67,7.85,28,Male
O102428,C10959,P234968,Beauty,5.42,0.0,2,UPI,2024-09-27,4,North,No,10.84,4.5,0.38,32,Female
O102429,C16059,P212142,Toys,22.97,0.0,2,UPI,2025-05-04,5,South,No,45.94,6.55,11.83,34,Male
O102430,C10692,P223007,Toys,11.71,0.0,1,COD,2024-03-31,4,South,No,11.71,4.57,0.11,59,Female
O102431,C15655,P225158,Electronics,247.69,0.0,1,Debit Card,2024-08-13,6,East,No,247.69,8.38,21.34,21,Male
O102432,C13899,P206051,Home,166.79,0.0,3,COD,2025-03-20,4,South,No,392.75,9.96,83.88,49,Male
O102433,C14473,P231576,Sports,33.75,0.1,1,Debit Card,2025-05-17,4,North,No,30.38,4.07,5.04,57,Female
O102434,C12946,P204115,Grocery,1.59,0.15,1,Debit Card,2024-11-22,5,West,No,1.35,1.78,-1.67,24,Female
O102435,C17059,P219024,Toys,13.36,0.2,1,COD,2025-07-08,8,East,No,10.69,5.43,-1.15,32,Male
O102436,C17725,P206371,Electronics,310.35749999999996,0.0,2,Debit Card,2025-01-07,3,Central,No,392.75,8.78,83.88,30,Male
O102437,C10526,P228690,Fashion,34.46,0.05,5,Credit Card,2025-02-04,7,South,Yes,163.68,7.53,49.76,44,Male
O102438,C13224,P239355,Toys,18.69,0.0,1,Credit Card,2024-03-21,6,West,No,18.69,2.97,4.51,40,Female
O102439,C16877,P232420,Home,40.77,0.05,3,COD,2024-02-27,3,North,No,116.19,8.82,23.71,18,Female
O102440,C12253,P243375,Beauty,18.28,0.0,1,PayPal,2023-09-18,6,South,No,18.28,4.19,4.04,28,Female
O102441,C16598,P248002,Beauty,19.05,0.0,1,COD,2025-01-19,6,East,No,19.05,5.24,3.33,58,Male
O102442,C13344,P246698,Electronics,137.12,0.0,1,Wallet,2024-11-07,5,West,No,137.12,8.57,7.88,19,Female
O102443,C13965,P209080,Toys,5.52,0.0,3,Debit Card,2025-06-05,7,West,No,16.56,4.32,2.3,68,Male
O102444,C15355,P201883,Toys,10.48,0.0,1,COD,2024-03-30,4,North,No,10.48,1.74,2.45,30,Male
O102445,C11875,P204821,Home,15.22,0.0,2,Credit Card,2025-02-10,5,East,No,30.44,4.67,3.85,31,Female
O102446,C11763,P236590,Beauty,7.46,0.0,1,Credit Card,2024-06-18,3,North,No,7.46,4.61,-1.25,34,Male
O102447,C10520,P208338,Sports,139.25,0.1,1,Credit Card,2024-10-29,4,Central,No,125.32,7.0,30.6,55,Female
O102448,C15797,P222007,Fashion,56.49,0.15,4,Credit Card,2024-01-22,4,West,No,192.07,8.24,58.98,62,Male
O102449,C11016,P202477,Electronics,171.91,0.15,3,Debit Card,2025-03-02,5,Central,No,392.75,6.94,45.66,38,Male
O102450,C17099,P213135,Electronics,310.35749999999996,0.05,1,Credit Card,2024-05-18,4,West,No,294.84,7.57,27.81,67,Female
O102451,C17998,P242423,Grocery,24.28,0.0,1,PayPal,2024-03-01,5,West,No,24.28,5.08,-3.14,52,Female
O102452,C16869,P210437,Fashion,94.84,0.05,2,Credit Card,2025-07-08,6,North,No,180.2,8.79,54.28,37,Male
O102453,C15109,P248100,Electronics,310.35749999999996,0.0,1,COD,2025-02-22,4,South,Yes,392.75,9.6,37.83,30,Female
O102454,C16644,P209502,Home,27.44,0.0,1,Credit Card,2024-12-31,5,West,No,27.44,5.63,2.05,56,Female
O102455,C10116,P229236,Electronics,107.79,0.15,5,UPI,2024-11-19,5,West,No,392.75,8.62,46.35,50,Female
O102456,C12433,P200368,Electronics,162.08,0.0,1,Credit Card,2025-05-15,7,West,No,162.08,9.09,10.36,49,Female
O102457,C15463,P225839,Home,156.26,0.2,1,COD,2023-11-24,3,Central,No,125.01,6.81,28.19,39,Female
O102458,C10583,P246366,Home,49.29,0.0,1,Credit Card,2025-01-04,3,Central,No,49.29,6.0,7.8,59,Female
O102459,C10394,P235515,Beauty,18.3,0.0,1,COD,2024-01-11,6,East,No,18.3,5.8,2.44,44,Other
O102460,C15183,P207562,Sports,181.69,0.0,1,UPI,2025-04-07,4,Central,No,181.69,7.07,47.44,67,Female
O102461,C13788,P207139,Sports,228.65,0.15,1,Credit Card,2024-11-10,5,West,No,194.35,6.97,51.33,25,Male
O102462,C12768,P227141,Home,250.1,0.0,3,Credit Card,2023-10-08,4,North,No,392.75,10.62,83.88,28,Male
O102463,C14167,P242778,Sports,22.17,0.0,1,Debit Card,2024-02-25,3,Central,No,22.17,4.93,1.72,41,Female
O102464,C13860,P206704,Fashion,123.8,0.05,1,COD,2025-07-15,5,North,No,117.61,7.62,33.54,58,Male
O102465,C10273,P201887,Home,161.74,0.05,2,Credit Card,2024-10-20,4,West,No,307.31,7.94,78.11,67,Male
O102466,C12013,P211975,Home,136.98,0.0,1,PayPal,2025-03-28,6,South,No,136.98,7.26,31.09,64,Female
O102467,C15439,P249211,Fashion,18.98,0.0,1,Debit Card,2024-02-21,6,South,No,18.98,5.07,1.57,41,Male
O102468,C14433,P200544,Fashion,134.52,0.0,3,Credit Card,2025-04-13,5,West,No,392.75,7.85,83.88,46,Male
O102469,C11389,P219448,Electronics,55.69,0.05,1,Wallet,2025-02-23,7,East,No,52.91,7.37,-1.02,56,Female
O102470,C13566,P222830,Home,21.29,0.0,1,Credit Card,2025-03-26,7,East,No,21.29,5.21,0.75,65,Male
O102471,C14702,P246323,Beauty,7.09,0.15,1,Credit Card,2024-02-02,5,West,No,6.03,2.83,-0.12,43,Female
O102472,C10165,P223926,Fashion,63.24,0.05,3,Credit Card,2024-04-15,6,East,No,180.23,8.77,54.31,60,Female
O102473,C11567,P231002,Grocery,13.84,0.0,1,COD,2024-02-10,7,East,No,13.84,5.52,-4.41,51,Female
O102474,C16154,P247581,Beauty,73.92,0.0,1,PayPal,2024-10-26,3,Central,No,73.92,5.46,27.8,33,Male
O102475,C15420,P213333,Grocery,6.65,0.0,2,UPI,2024-05-21,5,Central,No,13.3,2.95,-1.89,46,Male
O102476,C10728,P216942,Beauty,13.46,0.0,1,PayPal,2025-06-28,5,West,No,13.46,5.12,0.94,67,Male
O102477,C16944,P214684,Fashion,59.44,0.15,1,Credit Card,2024-02-11,3,Central,No,50.52,4.89,12.79,43,Female
O102478,C12043,P226088,Grocery,3.52,0.05,1,COD,2025-02-23,3,North,No,3.34,1.69,-1.42,57,Male
O102479,C14197,P222447,Grocery,9.21,0.05,2,Credit Card,2024-05-26,5,South,No,17.5,4.67,-3.27,54,Male
O102480,C13496,P208861,Home,12.05,0.05,1,Credit Card,2025-05-23,4,North,No,11.45,3.62,-0.41,19,Male
O102481,C15511,P224833,Fashion,49.08,0.0,1,Credit Card,2025-04-03,5,West,No,49.08,6.71,10.47,55,Male
O102482,C10778,P217454,Fashion,80.34,0.0,2,Credit Card,2024-04-16,8,West,No,160.68,7.23,49.01,58,Male
O102483,C10213,P201050,Toys,6.48,0.0,3,Wallet,2024-03-04,3,North,No,19.44,3.91,3.87,54,Male
O102484,C13762,P220422,Electronics,169.27,0.1,3,Credit Card,2025-04-08,3,Central,No,392.75,7.56,47.28,52,Female
O102485,C15207,P221530,Beauty,6.46,0.0,2,Debit Card,2025-06-10,5,North,No,12.92,3.55,2.26,37,Female
O102486,C11576,P247060,Sports,104.03,0.0,1,Credit Card,2023-10-24,6,East,No,104.03,6.8,24.41,26,Male
O102487,C12448,P215756,Fashion,45.82,0.05,1,Debit Card,2024-03-22,4,South,No,43.53,4.26,10.98,24,Female
O102488,C16731,P204022,Sports,182.18,0.0,4,Debit Card,2024-05-15,7,West,No,392.75,8.48,83.88,31,Female
O102489,C12936,P241104,Sports,310.35749999999996,0.1,2,Credit Card,2024-04-03,5,East,No,392.75,10.07,83.88,35,Female
O102490,C13117,P202634,Fashion,207.23,0.0,1,Debit Card,2024-12-03,5,South,No,207.23,6.16,66.37,57,Male
O102491,C15791,P227145,Home,24.93,0.15,1,PayPal,2025-07-29,4,West,No,21.19,5.48,0.45,58,Male
O102492,C17630,P207288,Toys,17.84,0.0,1,PayPal,2024-07-05,4,West,No,17.84,3.1,4.04,58,Male
O102493,C10591,P208992,Beauty,41.2,0.05,2,Credit Card,2024-01-16,4,West,No,78.28,5.3,29.93,68,Male
O102494,C15429,P234253,Beauty,29.36,0.0,1,Credit Card,2023-12-28,5,South,No,29.36,4.88,8.33,26,Female
O102495,C15205,P227005,Home,309.26,0.0,2,Debit Card,2024-09-15,3,Central,No,392.75,10.48,83.88,57,Female
O102496,C16235,P249824,Electronics,239.44,0.2,1,UPI,2024-08-24,8,East,No,191.55,7.78,15.21,43,Male
O102497,C17827,P212166,Grocery,8.33,0.0,1,UPI,2025-07-13,4,West,No,8.33,2.67,-2.0,18,Female
O102498,C12720,P228065,Beauty,3.65,0.0,1,Credit Card,2025-08-22,6,West,No,3.65,2.09,-0.45,27,Male
O102499,C10713,P217798,Fashion,5.78,0.05,1,Credit Card,2024-02-05,4,West,No,5.49,3.56,-1.64,66,Female
O102500,C10935,P229301,Sports,126.01,0.2,1,Wallet,2025-05-27,7,South,No,100.81,6.08,24.16,38,Male
O102501,C16047,P203894,Beauty,18.62,0.05,1,Credit Card,2024-05-31,6,South,No,17.69,4.7,3.26,49,Female
O102502,C14337,P203846,Fashion,58.07,0.0,1,Debit Card,2023-10-14,4,West,No,58.07,6.67,13.65,26,Female
O102503,C16139,P214481,Toys,7.35,0.0,5,UPI,2025-07-08,4,Central,No,36.75,6.75,7.95,37,Female
O102504,C10001,P242154,Electronics,310.35749999999996,0.15,3,UPI,2025-03-02,3,North,No,392.75,11.85,83.88,24,Female
O102505,C16368,P230221,Beauty,60.13,0.1,2,COD,2024-07-19,5,South,No,108.23,6.1,42.6,63,Male
O102506,C12848,P247764,Home,152.94,0.0,1,COD,2025-06-01,3,North,No,152.94,5.18,37.64,43,Female
O102507,C15864,P208048,Fashion,21.0,0.05,1,Credit Card,2024-11-06,4,West,No,19.95,4.66,2.32,47,Female
O102508,C14044,P227386,Toys,6.79,0.0,4,Credit Card,2025-01-10,4,West,No,27.16,5.09,5.77,46,Male
O102509,C11949,P233336,Sports,106.58,0.0,1,Debit Card,2024-03-25,5,North,No,106.58,7.35,24.62,64,Female
O102510,C16732,P239258,Sports,287.94,0.2,1,PayPal,2024-12-04,5,West,No,230.35,8.49,60.61,21,Female
O102511,C16259,P223853,Home,123.63,0.05,2,COD,2025-03-25,6,East,No,234.9,8.4,57.37,40,Female
O102512,C17833,P234713,Grocery,25.07,0.0,1,Debit Card,2024-03-12,3,North,No,25.07,6.0,-3.99,39,Male
O102513,C10917,P216791,Fashion,45.97,0.0,3,Credit Card,2024-10-18,6,West,No,137.91,5.7,42.57,22,Female
O102514,C13174,P204228,Beauty,30.51,0.05,1,Credit Card,2025-02-02,4,Central,No,28.98,4.51,8.53,46,Female
O102515,C12241,P211945,Grocery,12.04,0.15,1,PayPal,2025-03-08,4,South,No,10.23,3.42,-2.6,44,Female
O102516,C17333,P241573,Electronics,310.35749999999996,0.0,1,Debit Card,2025-06-06,3,North,Yes,328.37,8.02,31.38,30,Female
O102517,C17014,P239899,Electronics,310.35749999999996,0.0,1,PayPal,2024-11-24,3,Central,No,392.75,10.1,48.32,21,Male
O102518,C10089,P224681,Grocery,7.64,0.0,1,Wallet,2025-01-15,5,South,No,7.64,2.96,-2.35,37,Male
O102519,C11709,P234986,Grocery,31.85,0.0,1,Debit Card,2025-09-05,5,West,No,31.85,4.69,-2.14,36,Female
O102520,C12169,P214975,Toys,41.16,0.0,2,Debit Card,2024-11-27,4,South,No,82.32,6.25,26.68,42,Male
O102521,C14238,P248377,Home,180.13,0.0,1,UPI,2025-05-21,5,East,No,180.13,7.33,43.11,31,Male
O102522,C13041,P207711,Home,189.11,0.0,1,Credit Card,2024-02-06,7,West,No,189.11,6.82,46.13,53,Female
O102523,C10105,P244759,Fashion,31.21,0.0,1,UPI,2023-12-31,5,South,Yes,31.21,5.51,5.41,68,Female
O102524,C10886,P212105,Home,245.28,0.0,1,Credit Card,2024-08-09,4,South,No,245.28,8.97,59.71,36,Male
O102525,C10427,P249645,Home,310.35749999999996,0.0,1,Debit Card,2025-03-18,4,North,No,365.14,7.76,83.88,27,Female
O102526,C15424,P230146,Electronics,310.35749999999996,0.0,1,Debit Card,2023-12-27,7,East,No,392.75,9.99,57.84,63,Male
O102527,C11895,P215238,Home,28.79,0.0,2,Debit Card,2024-12-01,4,Central,No,57.58,5.35,10.77,24,Male
O102528,C16090,P203868,Home,213.38,0.0,1,COD,2025-07-26,5,South,No,213.38,9.33,50.42,20,Male
O102529,C10316,P244294,Sports,71.43,0.0,1,Debit Card,2025-07-21,4,Central,No,71.43,6.46,14.97,53,Female
O102530,C16082,P210060,Home,133.54,0.1,1,Credit Card,2025-01-12,3,North,No,120.19,8.22,25.43,53,Female
O102531,C10634,P205433,Toys,94.99,0.05,1,PayPal,2023-09-22,5,South,No,90.24,6.76,29.34,34,Female
O102532,C11925,P222612,Home,68.63,0.1,1,COD,2025-08-11,3,Central,No,61.77,5.86,11.44,65,Male
O102533,C12056,P217822,Home,66.42,0.0,2,Credit Card,2024-06-06,4,West,No,132.84,6.24,30.96,60,Male
O102534,C16917,P234120,Beauty,10.48,0.15,1,Debit Card,2025-08-29,5,North,No,8.91,1.81,2.2,59,Male
O102535,C13144,P241004,Fashion,11.68,0.1,1,PayPal,2024-01-13,5,South,No,10.51,2.95,0.73,55,Male
O102536,C17526,P221294,Home,34.24,0.05,1,UPI,2025-03-19,5,North,Yes,32.53,5.38,3.73,68,Female
O102537,C12270,P218764,Sports,81.01,0.05,2,Credit Card,2024-08-30,4,West,No,153.92,8.23,37.95,50,Other
O102538,C11439,P204560,Home,310.35749999999996,0.0,1,Wallet,2024-11-09,4,North,No,326.75,10.77,80.72,47,Female
O102539,C10552,P216583,Grocery,22.86,0.1,1,Credit Card,2024-12-24,4,West,No,20.57,6.04,-4.39,27,Female
O102540,C17537,P215560,Beauty,7.94,0.05,1,PayPal,2024-05-15,3,North,No,7.54,1.46,1.93,26,Male
O102541,C10715,P204424,Electronics,310.35749999999996,0.0,2,Credit Card,2023-12-28,4,North,No,392.75,8.77,67.57,34,Male
O102542,C15383,P240615,Home,257.12,0.0,1,Credit Card,2025-01-22,5,East,No,257.12,8.59,63.4,55,Male
O102543,C13911,P226863,Toys,17.25,0.15,3,Debit Card,2024-04-18,4,West,Yes,43.99,4.2,13.4,58,Female
O102544,C11713,P246963,Sports,248.36,0.0,1,Debit Card,2024-09-14,5,South,No,248.36,8.12,66.39,67,Female
O102545,C15979,P229469,Grocery,32.4,0.0,2,Credit Card,2025-02-20,3,North,No,64.8,5.71,-0.53,48,Female
O102546,C13389,P237565,Sports,52.1,0.1,1,Debit Card,2025-03-18,4,North,No,46.89,5.59,8.48,36,Female
O102547,C11107,P223184,Electronics,310.35749999999996,0.0,2,COD,2024-07-13,5,South,No,392.75,10.97,83.88,54,Female
O102548,C15437,P223910,Electronics,310.35749999999996,0.0,4,COD,2023-10-20,5,West,No,392.75,11.33,83.88,22,Male
O102549,C14206,P247077,Sports,74.27,0.0,1,COD,2025-04-25,7,West,No,74.27,5.4,16.88,34,Female
O102550,C10250,P222404,Fashion,78.18,0.0,1,PayPal,2024-04-05,5,North,No,78.18,5.32,22.04,34,Male
O102551,C12430,P235175,Beauty,41.19,0.3,1,Credit Card,2024-10-29,4,South,No,28.83,4.89,8.08,28,Other
O102552,C12054,P203791,Toys,24.13,0.05,1,Debit Card,2024-05-18,4,North,No,22.92,3.69,5.48,53,Female
O102553,C10458,P232208,Beauty,43.8,0.0,1,Debit Card,2024-11-07,3,North,No,43.8,4.97,14.74,67,Male
O102554,C15203,P239276,Home,310.35749999999996,0.0,1,Credit Card,2025-06-03,5,East,No,392.75,7.28,83.88,34,Male
O102555,C10207,P247175,Sports,212.99,0.05,1,Debit Card,2025-06-13,5,East,No,202.34,7.95,52.75,49,Male
O102556,C10899,P209629,Electronics,75.08,0.0,3,Credit Card,2024-02-09,4,North,No,225.24,4.66,22.37,46,Male
O102557,C13461,P232894,Sports,196.57,0.0,1,Credit Card,2025-07-22,6,North,No,196.57,7.74,51.23,51,Male
O102558,C13385,P221990,Sports,159.57,0.0,1,COD,2024-02-12,6,South,No,159.57,7.18,40.69,24,Male
O102559,C10021,P242580,Home,310.35749999999996,0.0,3,Credit Card,2025-02-18,5,South,No,392.75,9.66,83.88,59,Female
O102560,C10409,P207694,Fashion,71.15,0.15,1,Debit Card,2024-07-11,5,South,No,60.48,5.88,15.29,40,Male
O102561,C10894,P236087,Toys,43.35,0.2,1,Credit Card,2025-03-11,5,South,No,34.68,5.09,8.78,25,Male
O102562,C10514,P208673,Home,11.35,0.0,1,PayPal,2025-08-11,7,South,No,11.35,4.71,-1.53,53,Male
O102563,C17294,P238199,Electronics,310.35749999999996,0.2,5,Credit Card,2025-06-09,3,Central,Yes,392.75,12.18,83.88,24,Male
O102564,C14904,P232187,Grocery,3.79,0.05,1,Credit Card,2024-09-25,5,West,No,3.6,3.12,-2.83,48,Male
O102565,C17867,P204378,Toys,41.27,0.0,1,Credit Card,2025-03-22,5,North,No,41.27,5.89,10.62,20,Female
O102566,C14969,P223553,Beauty,68.02,0.0,1,Credit Card,2023-10-30,4,Central,No,68.02,6.7,23.91,20,Female
O102567,C14109,P243780,Home,10.29,0.0,1,Credit Card,2025-01-26,5,East,No,10.29,2.88,0.0,49,Male
O102568,C15066,P239258,Grocery,33.25,0.0,2,Debit Card,2024-09-17,3,Central,Yes,66.5,4.22,1.1,55,Female
O102569,C17121,P222524,Toys,36.76,0.0,2,Wallet,2023-11-27,5,South,No,73.52,9.54,19.87,30,Female
O102570,C17157,P243331,Beauty,65.63,0.15,1,Debit Card,2025-03-20,6,East,No,55.79,7.11,18.0,18,Female
O102571,C17179,P216622,Sports,29.14,0.2,1,Debit Card,2025-05-29,7,East,No,23.31,3.08,3.91,32,Male
O102572,C12134,P201420,Fashion,78.88,0.0,3,Credit Card,2025-02-03,5,South,No,236.64,7.31,75.51,65,Female
O102573,C13595,P247440,Fashion,37.86,0.0,1,UPI,2024-12-29,5,East,No,37.86,5.52,7.73,24,Female
O102574,C12956,P200340,Fashion,19.65,0.0,2,Wallet,2024-03-10,3,North,Yes,39.3,6.56,7.19,42,Female
O102575,C11560,P244310,Fashion,74.39,0.0,1,Credit Card,2023-12-06,7,East,No,74.39,7.65,18.39,21,Male
O102576,C15420,P240288,Sports,73.04,0.05,1,Credit Card,2025-03-17,4,South,No,69.39,5.98,14.84,30,Female
O102577,C11266,P243953,Electronics,310.35749999999996,0.0,1,Wallet,2024-03-13,5,South,No,392.75,11.06,83.88,64,Female
O102578,C12169,P204987,Toys,26.39,0.05,1,COD,2023-12-05,4,North,No,25.07,4.5,5.53,44,Female
O102579,C17314,P226062,Beauty,6.67,0.0,2,Debit Card,2024-10-12,6,South,No,13.34,4.87,1.13,47,Male
O102580,C13638,P245517,Home,48.01,0.05,1,Debit Card,2024-01-05,5,East,No,45.61,6.51,6.26,30,Male
O102581,C10749,P232456,Fashion,20.11,0.05,2,COD,2024-07-20,3,Central,No,38.21,6.41,6.96,46,Male
O102582,C13427,P238180,Home,65.52,0.0,1,Debit Card,2024-11-26,5,South,No,65.52,4.21,14.14,24,Female
O102583,C14780,P225308,Fashion,58.98,0.0,1,PayPal,2023-11-01,3,North,No,58.98,6.17,14.47,64,Other
O102584,C11927,P219862,Home,305.92,0.0,1,Credit Card,2024-11-05,5,West,No,305.92,8.93,76.73,43,Female
O102585,C13804,P207670,Sports,98.57,0.0,3,Credit Card,2024-07-01,5,South,No,295.71,9.42,79.29,52,Male
O102586,C13702,P224246,Beauty,37.14,0.1,1,Debit Card,2024-04-02,4,North,No,33.43,4.45,10.59,30,Female
O102587,C12356,P213766,Sports,47.45,0.0,1,Credit Card,2025-01-14,4,West,Yes,47.45,5.68,8.56,42,Other
O102588,C14790,P229681,Sports,82.68,0.0,1,COD,2025-03-25,4,South,No,82.68,7.16,17.64,30,Male
O102589,C12335,P208323,Toys,15.79,0.1,2,Credit Card,2024-03-08,5,East,No,28.42,5.14,6.23,27,Male
O102590,C10306,P201857,Fashion,64.37,0.15,1,Credit Card,2023-12-10,3,North,No,54.71,8.03,11.12,45,Male
O102591,C17979,P247223,Grocery,10.61,0.05,4,PayPal,2024-10-08,5,West,No,40.32,5.29,-2.06,34,Female
O102592,C13665,P230587,Home,63.57,0.0,2,Debit Card,2025-09-07,7,East,No,127.14,5.37,30.23,39,Male
O102593,C11989,P225818,Sports,37.49,0.0,3,Credit Card,2023-12-31,6,Central,No,112.47,8.12,25.62,23,Female
O102594,C17057,P225247,Sports,38.91,0.3,1,Debit Card,2024-11-05,5,South,No,27.24,4.62,3.55,35,Female
O102595,C17890,P233272,Beauty,99.95,0.0,1,Credit Card,2025-01-26,3,North,No,99.95,8.8,36.18,45,Male
O102596,C10661,P240235,Grocery,6.82,0.0,1,Debit Card,2024-10-29,4,South,No,6.82,1.84,-1.29,52,Female
O102597,C14644,P218540,Fashion,85.78,0.0,1,UPI,2025-04-04,4,West,No,85.78,5.55,24.47,22,Female
O102598,C17519,P225837,Home,19.75,0.05,1,Credit Card,2025-06-26,5,East,No,18.76,2.74,2.51,43,Female
O102599,C10311,P208484,Electronics,80.53,0.0,1,Debit Card,2025-06-23,7,West,No,80.53,5.82,3.84,65,Male
O102600,C12920,P230682,Fashion,61.98,0.15,1,Credit Card,2024-09-07,4,South,No,52.68,6.51,11.93,46,Male
O102601,C11082,P231707,Sports,70.08,0.15,1,Debit Card,2025-04-19,6,West,No,59.57,6.54,11.33,47,Male
O102602,C17810,P244610,Electronics,310.35749999999996,0.0,1,Credit Card,2024-01-13,6,East,No,392.75,9.85,79.0,63,Male
O102603,C12971,P204923,Grocery,27.1,0.1,2,Debit Card,2024-10-26,7,East,No,48.78,4.04,-0.14,31,Female
O102604,C15833,P242019,Beauty,37.52,0.0,1,Credit Card,2025-06-06,5,North,No,37.52,3.78,13.1,55,Male
O102605,C10754,P215920,Home,232.4,0.0,2,COD,2023-11-12,7,West,No,392.75,10.61,83.88,42,Male
O102606,C14130,P243263,Fashion,105.5,0.0,1,UPI,2024-01-13,6,North,No,105.5,7.42,29.5,27,Male
O102607,C14540,P221938,Electronics,310.35749999999996,0.2,4,Credit Card,2024-08-26,6,East,No,392.75,12.900000000000002,83.88,25,Male
O102608,C16236,P213319,Grocery,10.85,0.0,1,UPI,2025-08-04,4,North,No,10.85,3.5,-2.63,65,Female
O102609,C16078,P242161,Sports,40.24,0.0,1,Credit Card,2025-04-08,5,West,No,40.24,6.25,5.82,40,Female
O102610,C15326,P206900,Fashion,81.12,0.0,1,Credit Card,2024-09-23,5,East,No,81.12,4.46,23.93,19,Female
O102611,C10352,P202160,Electronics,174.25,0.0,1,Wallet,2025-08-21,4,West,No,174.25,6.54,14.37,69,Male
O102612,C10902,P216236,Fashion,18.81,0.2,1,PayPal,2024-09-01,4,West,No,15.05,4.78,0.49,47,Male
O102613,C15451,P206221,Fashion,14.26,0.2,1,Debit Card,2025-04-12,5,North,No,11.41,1.64,2.35,23,Female
O102614,C13888,P225294,Toys,21.4,0.05,2,Credit Card,2024-09-08,6,East,No,40.66,6.11,10.15,58,Other
O102615,C17005,P210038,Sports,37.31,0.0,3,COD,2024-09-27,6,Central,No,111.93,6.55,27.03,69,Female
O102616,C15844,P219651,Home,71.85,0.0,1,Debit Card,2024-02-14,6,East,No,71.85,6.3,13.82,37,Female
O102617,C10158,P223360,Grocery,17.26,0.0,3,Wallet,2024-04-30,6,West,No,51.78,7.52,-3.38,45,Female
O102618,C11977,P208255,Fashion,82.64,0.3,1,Debit Card,2023-11-10,5,West,Yes,57.85,5.5,14.75,28,Female
O102619,C10956,P202699,Home,59.77,0.0,1,Credit Card,2023-11-14,4,South,No,59.77,7.88,8.86,46,Other
O102620,C12071,P243893,Sports,191.94,0.0,1,Credit Card,2025-05-08,5,East,No,191.94,7.73,49.85,52,Male
O102621,C10403,P221928,Electronics,69.4,0.0,2,Debit Card,2025-01-22,6,North,No,138.8,6.76,9.9,64,Female
O102622,C16948,P248169,Home,310.35749999999996,0.1,1,Debit Card,2024-01-14,4,North,No,392.75,9.22,83.88,63,Female
O102623,C14611,P200372,Beauty,16.21,0.05,1,COD,2024-11-17,7,East,No,15.4,3.26,3.67,40,Female
O102624,C12779,P247312,Home,61.73,0.2,1,COD,2024-02-13,6,South,No,49.38,7.21,6.62,49,Female
O102625,C11387,P218898,Home,310.35749999999996,0.0,1,COD,2025-07-22,3,Central,No,348.75,7.31,83.88,57,Female
O102626,C13453,P223855,Beauty,6.48,0.0,5,Credit Card,2024-11-17,5,South,No,32.4,6.95,7.63,45,Female
O102627,C16675,P234758,Home,68.31,0.05,1,Credit Card,2025-05-17,6,East,No,64.89,5.87,12.3,22,Other
O102628,C10955,P209607,Electronics,194.49,0.0,3,Credit Card,2024-03-02,6,East,No,392.75,10.01,60.01,52,Female
O102629,C16295,P239558,Electronics,229.49,0.0,1,Credit Card,2025-03-13,4,North,No,229.49,9.27,18.27,46,Female
O102630,C17729,P208553,Beauty,49.21,0.1,1,Credit Card,2024-08-21,5,West,No,44.29,5.21,14.72,51,Male
O102631,C11712,P205383,Electronics,310.35749999999996,0.0,2,Wallet,2023-12-26,5,Central,No,392.75,10.75,83.88,46,Male
O102632,C17090,P248343,Grocery,12.79,0.0,3,COD,2024-02-25,7,East,No,38.37,6.06,-2.99,69,Female
O102633,C14703,P200715,Toys,96.37,0.0,1,Credit Card,2024-12-29,4,North,No,96.37,8.3,30.25,30,Male
O102634,C17784,P209837,Fashion,96.4,0.2,2,Credit Card,2024-10-20,4,Central,No,154.24,9.26,44.72,51,Male
O102635,C16563,P213950,Toys,24.47,0.0,1,Debit Card,2023-12-09,5,South,No,24.47,4.13,5.66,68,Female
O102636,C11273,P207992,Beauty,8.45,0.0,1,Wallet,2024-05-05,3,Central,No,8.45,3.37,0.43,43,Female
O102637,C17284,P226817,Electronics,309.32,0.0,1,COD,2024-01-30,4,Central,Yes,309.32,8.46,28.66,34,Male
O102638,C17009,P249803,Beauty,8.9,0.05,2,PayPal,2025-02-25,4,West,No,16.91,3.69,3.92,47,Male
O102639,C15631,P233818,Sports,45.31,0.15,4,Debit Card,2025-03-01,3,Central,No,154.05,7.53,38.68,67,Female
O102640,C13811,P213357,Electronics,310.35749999999996,0.05,2,UPI,2024-06-24,4,North,Yes,392.75,11.18,83.88,23,Female
O102641,C12625,P204742,Fashion,15.02,0.0,1,Credit Card,2025-08-23,5,Central,Yes,15.02,5.17,0.09,46,Male
O102642,C12382,P213369,Electronics,80.95,0.0,1,UPI,2024-12-12,4,South,No,80.95,5.24,4.47,38,Female
O102643,C11441,P205044,Fashion,42.28,0.0,1,Debit Card,2025-04-19,6,West,No,42.28,6.16,8.64,43,Female
O102644,C12979,P210288,Fashion,5.05,0.1,1,Credit Card,2024-03-16,7,East,No,4.54,1.11,0.48,67,Female
O102645,C11797,P225378,Beauty,26.0,0.0,2,PayPal,2024-01-26,5,West,No,52.0,5.69,17.71,24,Female
O102646,C14390,P207261,Fashion,118.87,0.0,1,Debit Card,2024-11-18,4,South,No,118.87,7.14,34.46,47,Female
O102647,C14009,P243614,Electronics,118.58,0.0,1,Credit Card,2025-04-13,4,South,No,118.58,7.19,7.04,25,Female
O102648,C14850,P218064,Fashion,28.72,0.0,3,Credit Card,2025-06-30,3,North,No,86.16,6.97,23.19,30,Other
O102649,C11394,P209799,Toys,50.8,0.0,1,Credit Card,2024-11-05,5,East,No,50.8,6.77,13.55,35,Male
O102650,C14281,P203522,Home,170.23,0.1,1,COD,2025-09-06,5,South,No,153.21,6.58,36.32,44,Male
O102651,C11269,P213690,Home,29.14,0.05,1,PayPal,2025-04-08,5,East,No,27.68,3.27,4.48,20,Female
O102652,C14732,P202057,Home,73.37,0.0,5,PayPal,2024-01-24,4,South,No,366.85,8.06,83.88,19,Female
O102653,C15387,P235489,Sports,148.71,0.05,4,Credit Card,2025-05-14,3,Central,No,392.75,12.35,83.88,30,Female
O102654,C13714,P237589,Home,153.91,0.05,1,UPI,2024-07-18,4,West,No,146.21,5.79,35.15,28,Male
O102655,C17404,P235331,Electronics,104.99,0.05,1,Debit Card,2024-03-03,9,East,No,99.74,7.08,4.89,59,Male
O102656,C10529,P214559,Fashion,8.17,0.1,2,Credit Card,2024-02-14,5,East,No,14.71,5.1,0.05,60,Female
O102657,C13623,P213692,Fashion,61.28,0.0,1,COD,2024-07-09,4,Central,No,61.28,6.65,14.8,66,Male
O102658,C16164,P248429,Home,133.65,0.1,1,COD,2024-05-21,3,North,No,120.29,6.45,27.23,51,Female
O102659,C12958,P200202,Electronics,69.88,0.0,2,Debit Card,2024-10-31,4,West,No,139.76,9.33,7.44,43,Female
O102660,C17904,P233709,Fashion,186.0,0.0,1,PayPal,2025-07-06,3,North,No,186.0,9.09,56.01,35,Male
O102661,C12914,P216972,Beauty,10.13,0.0,1,Debit Card,2025-05-16,5,Central,No,10.13,4.6,-0.04,39,Female
O102662,C14889,P241530,Fashion,28.98,0.1,1,COD,2024-09-09,4,Central,No,26.08,5.53,3.6,57,Male
O102663,C13591,P209537,Sports,29.23,0.15,1,Credit Card,2023-12-04,6,East,No,24.85,5.77,1.69,52,Other
O102664,C12147,P201642,Home,242.17,0.0,1,Credit Card,2024-08-02,3,North,No,242.17,9.51,58.3,19,Male
O102665,C16895,P201365,Grocery,44.26,0.0,1,Debit Card,2023-12-07,3,North,No,44.26,3.78,-0.24,36,Female
O102666,C14573,P240324,Grocery,4.16,0.0,1,Credit Card,2024-04-10,5,Central,No,4.16,0.25,0.08,41,Male
O102667,C15718,P200008,Toys,8.55,0.0,4,UPI,2024-10-04,5,Central,No,34.2,5.7,7.98,57,Female
O102668,C13369,P249683,Grocery,17.14,0.05,1,Credit Card,2025-02-24,3,North,No,16.28,5.4,-4.1,66,Male
O102669,C10939,P228820,Fashion,41.9,0.0,1,Credit Card,2025-06-16,5,East,No,41.9,3.61,11.06,41,Male
O102670,C10525,P233803,Sports,20.92,0.05,3,Credit Card,2023-10-03,6,West,No,59.62,6.05,11.84,19,Male
O102671,C16477,P245531,Fashion,134.79,0.1,1,COD,2025-05-16,4,West,No,121.31,6.61,35.85,27,Female
O102672,C10001,P218001,Sports,102.88,0.0,2,Credit Card,2024-03-24,6,South,No,205.76,8.47,53.26,40,Female
O102673,C10374,P206722,Home,57.2,0.0,1,Credit Card,2024-09-03,5,South,No,57.2,3.88,12.14,58,Other
O102674,C12340,P220100,Fashion,38.09,0.05,1,Debit Card,2024-02-16,6,East,No,36.19,5.71,6.96,20,Male
O102675,C16980,P217460,Grocery,10.13,0.0,1,Credit Card,2025-08-20,5,Central,No,10.13,4.62,-3.81,31,Male
O102676,C14005,P223987,Fashion,41.64,0.1,1,Credit Card,2024-06-30,5,West,No,37.48,6.07,7.05,34,Male
O102677,C13052,P204015,Sports,77.63,0.15,1,Debit Card,2024-06-03,8,South,No,65.99,5.05,14.75,48,Male
O102678,C14648,P239897,Sports,91.13,0.1,2,Credit Card,2025-07-23,3,North,No,164.03,7.63,41.58,36,Male
O102679,C12365,P202962,Fashion,29.57,0.0,1,PayPal,2024-02-03,6,West,No,29.57,3.97,6.38,46,Female
O102680,C11525,P204840,Home,30.81,0.0,4,Debit Card,2025-06-10,5,West,No,123.24,4.9,29.61,30,Female
O102681,C15947,P220533,Electronics,310.35749999999996,0.0,1,Debit Card,2023-12-05,6,South,No,392.75,10.09,38.51,27,Male
O102682,C14476,P220454,Grocery,21.71,0.05,1,Debit Card,2024-09-25,6,East,No,20.62,6.94,-5.29,19,Female
O102683,C11646,P248105,Grocery,25.21,0.0,2,PayPal,2025-02-24,4,South,No,50.42,6.43,-2.4,52,Other
O102684,C10013,P205699,Sports,12.18,0.1,1,Credit Card,2024-01-29,5,North,No,10.96,3.58,-0.29,29,Female
O102685,C14599,P205922,Toys,12.2,0.05,2,Credit Card,2025-07-17,6,South,No,23.18,4.83,4.44,66,Female
O102686,C12278,P224919,Electronics,310.35749999999996,0.0,1,Debit Card,2024-08-27,4,Central,No,392.75,9.5,83.88,56,Male
O102687,C16104,P226508,Home,18.51,0.1,1,Debit Card,2025-06-27,3,Central,Yes,16.66,3.94,0.72,20,Female
O102688,C13155,P221664,Fashion,80.7,0.05,1,Credit Card,2025-04-17,6,South,No,76.66,5.62,21.21,50,Male
O102689,C10129,P232270,Beauty,6.3,0.0,1,Debit Card,2023-12-15,5,North,No,6.3,4.73,-1.9,52,Female
O102690,C13814,P225278,Fashion,90.59,0.0,3,Debit Card,2025-06-16,5,South,Yes,271.77,7.96,83.88,45,Male
O102691,C14933,P214862,Beauty,30.33,0.0,1,Debit Card,2024-03-03,3,Central,No,30.33,5.76,7.89,48,Female
O102692,C13216,P213598,Sports,136.96,0.3,1,Credit Card,2024-03-18,7,East,No,95.87,6.51,22.25,29,Female
O102693,C12938,P201898,Electronics,310.35749999999996,0.15,1,COD,2024-05-17,6,West,No,392.75,11.48,83.88,36,Female
O102694,C13928,P222939,Electronics,310.35749999999996,0.05,1,Credit Card,2024-01-26,3,Central,No,392.75,11.73,83.88,51,Female
O102695,C12040,P231288,Electronics,167.96,0.0,1,Credit Card,2024-02-01,5,South,No,167.96,8.74,11.42,48,Male
O102696,C10027,P224774,Toys,11.25,0.1,3,Wallet,2025-05-28,5,East,No,30.38,4.38,7.77,48,Female
O102697,C12113,P202822,Fashion,30.71,0.05,2,Credit Card,2024-04-12,3,Central,No,58.35,5.04,15.38,67,Male
O102698,C17330,P237252,Fashion,14.79,0.05,3,Wallet,2025-03-06,4,Central,No,42.15,5.18,9.57,18,Male
O102699,C11252,P225049,Toys,11.44,0.1,1,Credit Card,2025-04-04,5,West,No,10.3,2.49,1.63,52,Male
O102700,C14356,P221884,Electronics,310.35749999999996,0.0,1,Debit Card,2023-10-10,5,South,No,392.75,11.53,83.88,41,Female
O102701,C12046,P213052,Home,98.54,0.15,1,PayPal,2025-03-13,4,South,No,83.76,8.2,15.25,21,Female
O102702,C15568,P218038,Sports,309.83,0.0,2,Credit Card,2023-09-27,4,South,No,392.75,10.28,83.88,59,Other
O102703,C15543,P216975,Beauty,4.82,0.15,1,UPI,2023-11-01,4,South,No,4.1,3.71,-1.86,47,Female
O102704,C14555,P234616,Beauty,3.98,0.0,1,Wallet,2024-05-02,3,Central,No,3.98,2.12,-0.33,20,Male
O102705,C14023,P213269,Electronics,310.35749999999996,0.0,2,PayPal,2024-01-25,3,North,Yes,392.75,8.86,69.94,35,Female
O102706,C17843,P203041,Fashion,70.53,0.1,1,COD,2025-09-11,5,South,No,63.48,5.19,17.03,67,Male
O102707,C14396,P216551,Beauty,9.01,0.0,2,Credit Card,2024-09-06,6,West,No,18.02,3.78,4.33,62,Other
O102708,C17062,P204379,Electronics,277.46,0.2,4,PayPal,2025-07-02,3,Central,No,392.75,8.71,83.88,67,Female
O102709,C13374,P207661,Toys,42.57,0.1,1,COD,2024-11-19,6,West,No,38.31,5.2,10.12,46,Male
O102710,C16430,P206967,Fashion,75.52,0.0,4,Credit Card,2024-03-11,5,South,No,302.08,8.69,83.88,25,Male
O102711,C13466,P229870,Home,44.72,0.15,1,Debit Card,2025-07-11,5,East,No,38.01,5.98,4.66,27,Female
O102712,C13081,P244967,Fashion,25.02,0.0,2,Wallet,2024-06-17,5,East,No,50.04,7.18,10.33,64,Male
O102713,C13778,P215674,Toys,9.18,0.0,1,UPI,2024-10-26,4,West,No,9.18,2.79,0.88,36,Male
O102714,C10629,P220394,Sports,135.0,0.0,2,Credit Card,2023-11-08,4,North,No,270.0,10.04,70.96,56,Female
O102715,C10269,P213531,Home,310.35749999999996,0.0,1,PayPal,2025-08-25,6,East,No,392.75,9.8,83.88,64,Female
O102716,C12639,P221370,Beauty,11.05,0.1,2,Credit Card,2024-03-23,6,South,No,19.89,5.09,3.86,19,Male
O102717,C11993,P218565,Home,126.85,0.0,2,Credit Card,2024-09-16,5,West,No,253.7,9.66,61.38,52,Male
O102718,C15724,P200832,Home,310.35749999999996,0.05,1,Debit Card,2025-03-13,6,East,No,392.75,9.13,83.88,61,Female
O102719,C15897,P246978,Fashion,13.43,0.1,1,Credit Card,2024-08-22,4,South,No,12.09,4.85,-0.62,18,Female
O102720,C12891,P217405,Home,151.69,0.0,1,Credit Card,2024-03-27,6,West,No,151.69,7.45,35.02,25,Female
O102721,C14957,P210185,Fashion,24.84,0.2,3,Debit Card,2024-05-02,6,South,Yes,59.62,5.17,15.7,34,Female
O102722,C13432,P203492,Electronics,310.35749999999996,0.05,1,PayPal,2024-11-28,6,South,No,392.75,11.57,83.88,48,Male
O102723,C11280,P244630,Electronics,87.43,0.0,1,Credit Card,2025-02-17,3,Central,No,87.43,4.62,5.87,49,Female
O102724,C16276,P200288,Electronics,245.04,0.0,1,Debit Card,2025-02-04,6,East,No,245.04,8.01,21.39,29,Female
O102725,C17443,P240584,Fashion,19.47,0.15,1,Credit Card,2025-07-20,6,South,No,16.55,6.09,-0.3,58,Male
O102726,C15895,P201076,Grocery,1.42,0.15,1,Credit Card,2024-06-10,3,Central,No,1.21,0.08,0.02,20,Male
O102727,C15802,P248332,Beauty,84.17,0.1,1,Wallet,2025-02-14,5,North,No,75.75,5.44,28.65,23,Male
O102728,C17115,P234139,Grocery,12.06,0.2,1,Debit Card,2024-04-02,6,West,No,9.65,4.35,-3.58,47,Male
O102729,C16656,P201074,Fashion,64.32,0.0,1,Wallet,2024-09-11,3,North,Yes,64.32,4.96,17.55,62,Male
O102730,C12360,P237702,Home,137.49,0.0,3,Wallet,2024-05-07,5,Central,No,392.75,10.45,83.88,63,Male
O102731,C10575,P227535,Sports,25.8,0.0,1,PayPal,2024-02-21,6,East,No,25.8,4.05,3.69,54,Male
O102732,C17029,P232807,Beauty,7.58,0.0,1,Credit Card,2024-10-16,5,Central,No,7.58,2.3,1.11,60,Female
O102733,C16099,P204274,Beauty,27.12,0.15,1,Debit Card,2024-03-26,4,South,No,23.05,2.33,8.04,59,Female
O102734,C11307,P228198,Beauty,40.07,0.0,5,COD,2024-09-13,4,North,No,200.35,9.2,80.96,46,Female
O102735,C13192,P249334,Beauty,26.14,0.0,1,PayPal,2024-12-15,6,East,Yes,26.14,3.91,7.85,51,Male
O102736,C13178,P229859,Toys,18.62,0.2,1,COD,2024-01-18,3,North,No,14.9,5.59,0.37,45,Other
O102737,C16052,P238264,Sports,144.74,0.1,1,Credit Card,2025-09-10,5,West,No,130.27,7.0,32.08,65,Male
O102738,C12734,P245760,Grocery,4.68,0.0,1,PayPal,2024-01-12,5,East,No,4.68,1.66,-1.29,24,Female
O102739,C16116,P235276,Grocery,18.32,0.1,1,UPI,2025-07-31,4,North,No,16.49,3.19,-1.87,63,Female
O102740,C17371,P212018,Home,79.74,0.0,1,Wallet,2025-09-08,3,Central,No,79.74,5.94,16.39,24,Male
O102741,C12212,P208072,Electronics,310.35749999999996,0.05,1,Debit Card,2024-10-03,6,East,No,392.75,11.7,35.53,46,Female
O102742,C12352,P213348,Electronics,154.39,0.0,2,Debit Card,2023-12-30,4,South,No,308.78,7.82,29.23,20,Female
O102743,C13568,P246678,Electronics,98.06,0.0,1,PayPal,2024-09-21,6,Central,No,98.06,8.68,3.09,29,Female
O102744,C11655,P213952,Electronics,59.62,0.05,1,Credit Card,2024-02-11,4,Central,No,56.64,7.28,-0.48,41,Male
O102745,C11579,P248833,Home,224.22,0.1,1,COD,2025-05-26,5,East,No,201.8,8.42,48.08,28,Female
O102746,C15943,P200318,Electronics,121.29,0.15,1,Debit Card,2024-06-22,3,North,No,103.1,7.62,4.75,58,Male
O102747,C12203,P211818,Beauty,14.07,0.1,1,Credit Card,2024-02-17,6,West,No,12.66,5.16,0.54,19,Female
O102748,C11390,P226011,Fashion,77.01,0.0,2,PayPal,2024-05-07,5,South,Yes,154.02,5.78,48.13,46,Female
O102749,C11742,P218787,Home,88.76,0.1,2,COD,2024-10-12,6,West,No,159.77,7.25,37.49,64,Female
O102750,C11925,P246750,Electronics,129.73,0.0,5,Credit Card,2024-09-09,4,Central,No,392.75,9.88,67.96,27,Male
O102751,C10619,P243624,Toys,6.26,0.1,1,Credit Card,2024-07-02,6,West,No,5.63,3.52,-1.27,47,Female
O102752,C11274,P212516,Toys,12.31,0.0,2,Credit Card,2024-05-11,4,North,No,24.62,6.41,3.44,37,Male
O102753,C10956,P233496,Home,119.65,0.0,3,Debit Card,2023-12-10,4,West,No,358.95,11.53,83.88,51,Female
O102754,C11939,P234055,Grocery,7.56,0.05,3,Credit Card,2025-06-28,3,North,No,21.55,2.87,-1.15,36,Female
O102755,C13953,P236769,Fashion,120.51,0.0,1,PayPal,2025-09-08,6,East,Yes,120.51,5.72,36.46,42,Male
O102756,C12381,P208752,Toys,2.08,0.15,1,Credit Card,2024-08-26,4,Central,No,1.77,0.9,-0.19,48,Female
O102757,C17809,P201375,Beauty,15.6,0.0,2,UPI,2024-01-01,5,South,No,31.2,4.57,9.47,51,Male
O102758,C10968,P214970,Fashion,71.77,0.1,1,UPI,2025-01-14,3,North,No,64.59,6.01,16.6,53,Male
O102759,C16654,P244846,Electronics,310.35749999999996,0.0,1,Credit Card,2024-09-16,4,Central,No,392.75,11.41,80.99,35,Male
O102760,C11316,P232792,Electronics,194.23,0.1,1,UPI,2025-03-15,4,North,No,174.81,9.34,11.64,31,Female
O102761,C11043,P217538,Toys,24.02,0.15,1,Credit Card,2023-10-07,7,South,No,20.42,4.82,3.35,30,Male
O102762,C10281,P212657,Beauty,24.27,0.05,1,Credit Card,2025-04-03,7,East,No,23.06,4.16,6.22,23,Female
O102763,C12844,P217843,Fashion,16.07,0.0,1,Credit Card,2025-02-02,7,East,Yes,16.07,4.66,0.96,21,Female
O102764,C17168,P215583,Home,160.41,0.05,2,COD,2025-01-17,7,South,No,304.78,8.86,76.48,55,Male
O102765,C16262,P221491,Electronics,143.31,0.05,2,Wallet,2025-07-31,6,West,No,272.29,7.52,25.15,62,Male
O102766,C11058,P237474,Electronics,310.35749999999996,0.15,1,Credit Card,2024-01-04,6,West,No,392.75,8.24,47.65,64,Female
O102767,C14293,P246431,Grocery,27.45,0.0,1,Debit Card,2025-06-09,3,Central,No,27.45,5.77,-3.57,41,Male
O102768,C12532,P248612,Home,95.7,0.2,1,Credit Card,2023-11-20,5,East,No,76.56,7.97,13.47,40,Male
O102769,C13828,P242180,Home,17.33,0.05,3,Credit Card,2024-11-19,6,East,No,49.39,7.66,6.17,56,Female
O102770,C15178,P218540,Grocery,18.6,0.0,1,Credit Card,2024-08-29,5,East,No,18.6,5.07,-3.58,68,Male
O102771,C16980,P205979,Home,92.9,0.0,1,Credit Card,2023-09-29,7,South,No,92.9,6.57,19.44,60,Female
O102772,C15280,P207943,Fashion,9.88,0.1,1,Debit Card,2025-07-07,3,North,No,8.89,2.03,1.08,59,Male
O102773,C11008,P208911,Fashion,24.77,0.0,2,Debit Card,2024-06-03,4,North,No,49.54,5.45,11.89,34,Male
O102774,C16834,P240254,Beauty,11.41,0.0,1,Credit Card,2024-01-05,7,South,No,11.41,3.16,1.97,37,Female
O102775,C11229,P233873,Beauty,34.75,0.15,1,PayPal,2025-07-09,4,North,No,29.54,4.09,9.2,51,Male
O102776,C11035,P203769,Electronics,229.32,0.0,1,UPI,2024-06-30,5,South,No,229.32,9.69,17.83,44,Male
O102777,C14585,P202479,Sports,96.97,0.0,1,Debit Card,2023-10-27,5,West,No,96.97,4.63,24.46,44,Female
O102778,C10275,P210112,Toys,15.68,0.05,1,COD,2024-03-26,4,West,No,14.9,4.32,1.64,61,Female
O102779,C12740,P244039,Beauty,34.56,0.0,2,Debit Card,2025-05-26,5,West,No,69.12,5.86,25.24,62,Female
O102780,C12289,P204731,Toys,26.9,0.0,2,Credit Card,2024-11-04,4,South,No,53.8,5.25,16.27,32,Female
O102781,C11239,P211361,Fashion,34.29,0.15,1,COD,2025-01-06,4,South,No,29.15,4.8,5.4,66,Male
O102782,C15370,P248855,Fashion,12.13,0.0,1,Debit Card,2025-01-29,4,Central,No,12.13,4.01,0.24,69,Male
O102783,C17978,P235940,Sports,61.53,0.0,1,Debit Card,2024-03-05,6,East,No,61.53,5.75,12.71,19,Female
O102784,C10125,P246809,Fashion,13.58,0.15,1,COD,2025-08-17,5,East,No,11.54,2.44,1.6,38,Male
O102785,C14065,P232205,Electronics,310.35749999999996,0.0,1,PayPal,2024-08-07,3,North,No,392.75,10.13,83.88,42,Other
O102786,C14312,P224569,Electronics,310.35749999999996,0.0,2,Credit Card,2024-07-19,6,South,No,392.75,9.69,83.88,36,Male
O102787,C17473,P207068,Toys,14.0,0.05,1,Credit Card,2025-04-29,5,North,No,13.3,4.11,1.21,41,Male
O102788,C13868,P206557,Electronics,59.11,0.3,2,Credit Card,2024-04-22,8,East,No,82.75,6.2,3.73,18,Male
O102789,C11208,P236098,Fashion,28.08,0.0,3,Credit Card,2023-09-19,4,Central,Yes,84.24,7.05,22.43,56,Female
O102790,C17206,P238790,Electronics,310.35749999999996,0.0,1,Credit Card,2024-06-10,5,West,No,392.75,9.59,83.88,53,Male
O102791,C15342,P245411,Sports,43.4,0.1,1,Debit Card,2025-04-21,3,North,No,39.06,5.05,6.67,42,Male
O102792,C17351,P234826,Home,138.09,0.05,3,UPI,2025-07-07,4,South,No,392.75,7.93,83.88,18,Other
O102793,C16638,P222074,Fashion,14.99,0.3,1,Credit Card,2025-01-26,5,West,No,10.49,2.5,1.17,33,Female
O102794,C16570,P222155,Sports,181.48,0.05,1,Debit Card,2025-07-28,4,North,No,172.41,7.79,43.93,52,Male
O102795,C13249,P236389,Sports,228.76,0.0,1,UPI,2024-06-27,5,Central,No,228.76,7.81,60.82,24,Male
O102796,C10918,P242105,Beauty,26.39,0.0,1,Debit Card,2024-06-08,5,West,No,26.39,5.08,6.8,67,Female
O102797,C17595,P236759,Fashion,53.06,0.3,1,Debit Card,2023-10-25,4,South,No,37.14,6.73,6.27,65,Other
O102798,C15413,P230784,Beauty,14.66,0.1,4,Credit Card,2024-04-26,3,North,No,52.78,5.41,18.34,27,Female
O102799,C13923,P232401,Grocery,17.17,0.1,1,PayPal,2025-02-04,7,South,No,15.45,3.45,-2.21,68,Male
O102800,C16294,P211565,Electronics,261.57,0.0,1,Debit Card,2024-12-24,4,South,No,261.57,8.42,22.97,45,Male
O102801,C16527,P224700,Fashion,72.28,0.0,1,COD,2024-02-17,6,East,No,72.28,6.44,18.86,26,Female
O102802,C15757,P241271,Fashion,175.03,0.0,1,Debit Card,2025-01-14,6,Central,No,175.03,7.03,54.23,57,Male
O102803,C17980,P249926,Beauty,45.34,0.0,1,Debit Card,2024-08-28,4,North,No,45.34,4.65,15.75,19,Female
O102804,C14403,P215337,Sports,81.63,0.0,3,Credit Card,2025-08-21,5,North,No,244.89,7.84,65.63,23,Male
O102805,C15455,P211112,Fashion,194.68,0.0,2,Debit Card,2024-04-28,4,South,No,389.36,8.23,83.88,45,Other
O102806,C11969,P213761,Fashion,50.93,0.0,1,Credit Card,2024-10-18,5,South,No,50.93,7.07,10.76,41,Male
O102807,C12793,P242791,Grocery,1.88,0.1,1,Credit Card,2025-07-18,7,South,No,1.69,0.26,-0.12,37,Male
O102808,C10891,P208885,Sports,138.89,0.0,2,COD,2023-11-13,6,East,No,277.78,7.65,75.68,50,Female
O102809,C14470,P201376,Grocery,23.58,0.15,1,Debit Card,2025-05-02,4,West,No,20.04,4.27,-2.67,58,Female
O102810,C17175,P205939,Toys,4.85,0.05,1,COD,2025-01-22,5,South,No,4.61,3.23,-1.39,34,Male
O102811,C12033,P241949,Home,159.73,0.0,1,COD,2025-03-30,4,South,No,159.73,9.08,35.64,45,Male
O102812,C11364,P202846,Electronics,310.35749999999996,0.3,1,PayPal,2024-11-06,5,Central,No,392.75,9.46,64.01,32,Male
O102813,C10128,P206817,Beauty,10.09,0.0,2,UPI,2024-09-07,4,Central,No,20.18,4.79,4.29,38,Male
O102814,C11014,P207430,Fashion,48.24,0.0,1,Debit Card,2025-03-04,5,East,No,48.24,8.19,8.69,29,Female
O102815,C11799,P226328,Home,52.27,0.0,1,Debit Card,2025-06-29,8,South,No,52.27,5.93,8.71,58,Other
O102816,C16812,P211151,Home,206.05,0.15,1,Wallet,2025-06-02,6,West,No,175.14,8.25,40.79,54,Male
O102817,C17519,P227619,Grocery,12.44,0.0,1,Credit Card,2024-10-21,5,West,No,12.44,3.22,-2.22,25,Male
O102818,C15477,P234484,Electronics,231.59,0.1,1,UPI,2024-09-21,3,North,No,208.43,9.52,15.49,69,Male
O102819,C14612,P227664,Fashion,6.45,0.0,2,PayPal,2024-10-10,4,South,No,12.9,3.01,1.5,40,Female
O102820,C11518,P206780,Beauty,73.97,0.2,1,Credit Card,2025-02-14,4,South,No,59.18,5.87,20.76,60,Female
O102821,C14181,P203331,Grocery,10.07,0.15,2,Debit Card,2024-06-17,5,South,No,17.12,4.48,-3.11,60,Female
O102822,C11198,P228604,Grocery,22.46,0.0,1,Credit Card,2024-08-18,4,South,No,22.46,5.48,-3.68,45,Male
O102823,C13873,P241849,Beauty,15.19,0.0,2,Debit Card,2024-05-30,6,East,No,30.38,5.76,7.91,43,Male
O102824,C17360,P217762,Electronics,310.35749999999996,0.0,1,Debit Card,2025-02-28,3,Central,No,392.75,9.7,70.06,36,Female
O102825,C16454,P223765,Home,32.96,0.0,1,Credit Card,2025-08-08,6,East,Yes,32.96,4.6,4.63,19,Female
O102826,C15238,P237043,Grocery,4.47,0.05,1,Debit Card,2024-10-30,4,Central,No,4.25,1.9,-1.56,55,Male
O102827,C17385,P221922,Home,63.4,0.0,1,Credit Card,2023-12-03,5,North,No,63.4,4.35,13.4,62,Male
O102828,C12474,P223694,Sports,19.12,0.0,2,COD,2025-07-07,3,Central,No,38.24,4.5,6.97,66,Other
O102829,C16089,P210556,Fashion,33.85,0.0,4,Wallet,2024-11-18,5,Central,No,135.4,8.81,38.58,60,Female
O102830,C13485,P213555,Electronics,266.25,0.05,1,Wallet,2024-03-15,6,East,No,252.94,8.98,21.37,45,Female
O102831,C16257,P249383,Beauty,5.99,0.0,1,Debit Card,2025-05-01,4,West,No,5.99,2.88,-0.18,40,Male
O102832,C14049,P210004,Toys,12.96,0.05,3,COD,2025-06-08,3,North,No,36.94,4.38,10.4,46,Female
O102833,C17312,P238190,Grocery,3.89,0.1,1,Debit Card,2025-04-20,6,East,No,3.5,3.91,-3.63,42,Female
O102834,C17705,P220810,Toys,42.93,0.05,2,COD,2025-03-02,6,East,No,81.57,7.35,25.28,28,Female
O102835,C13719,P211188,Beauty,20.44,0.0,1,Debit Card,2025-08-05,4,West,No,20.44,4.88,4.32,34,Male
O102836,C10302,P200247,Beauty,77.38,0.0,1,Wallet,2024-05-12,5,Central,Yes,77.38,5.7,29.12,29,Female
O102837,C16887,P220762,Toys,10.21,0.0,1,Wallet,2024-05-17,3,North,No,10.21,3.92,0.16,53,Male
O102838,C13952,P246366,Electronics,185.73,0.1,1,COD,2023-12-25,6,East,No,167.16,9.64,10.42,27,Male
O102839,C14683,P245995,Grocery,6.45,0.0,4,Debit Card,2024-02-18,4,South,No,25.8,5.52,-3.46,48,Male
O102840,C10986,P213811,Beauty,10.65,0.0,1,PayPal,2025-07-06,7,East,No,10.65,3.54,1.25,45,Female
O102841,C11863,P203741,Grocery,21.19,0.2,1,Credit Card,2025-08-27,3,North,No,16.95,1.67,-0.31,60,Male
O102842,C14440,P229052,Toys,8.54,0.1,1,COD,2024-08-08,5,East,No,7.69,2.37,0.71,65,Male
O102843,C14909,P249214,Electronics,160.4,0.0,4,UPI,2024-12-03,6,East,No,392.75,8.07,68.92,23,Female
O102844,C16083,P234319,Electronics,65.61,0.0,1,Debit Card,2025-07-24,5,North,Yes,65.61,5.12,2.75,25,Male
O102845,C16944,P206306,Fashion,170.34,0.0,1,Wallet,2023-11-21,5,East,No,170.34,7.63,51.99,54,Female
O102846,C13072,P203005,Fashion,111.9,0.05,1,Credit Card,2025-07-20,5,Central,No,106.3,5.98,31.22,49,Female
O102847,C17314,P203322,Home,55.56,0.0,1,COD,2024-06-19,6,South,No,55.56,6.29,9.27,32,Male
O102848,C15406,P216008,Beauty,21.02,0.0,1,Credit Card,2024-03-10,6,West,No,21.02,4.74,4.72,52,Male
O102849,C16095,P240765,Home,96.8,0.15,1,PayPal,2025-05-24,6,East,No,82.28,5.98,17.06,18,Male
O102850,C15773,P224870,Electronics,79.83,0.0,1,Wallet,2024-08-25,5,East,Yes,79.83,6.63,2.95,22,Male
O102851,C13124,P212466,Grocery,10.97,0.0,5,Debit Card,2024-02-23,3,Central,No,54.85,7.34,-2.95,41,Female
O102852,C11327,P245284,Home,25.84,0.1,1,COD,2025-04-22,7,East,No,23.26,3.76,2.75,23,Female
O102853,C15188,P233161,Toys,13.2,0.05,1,Wallet,2024-08-26,4,North,No,12.54,3.33,1.69,35,Male
O102854,C12408,P202739,Electronics,79.87,0.1,4,COD,2025-08-13,4,West,No,287.53,8.42,26.08,31,Female
O102855,C13673,P236935,Toys,19.48,0.2,1,Debit Card,2025-01-30,5,West,No,15.58,4.83,1.4,66,Male
O102856,C13291,P213194,Electronics,66.33,0.15,1,PayPal,2023-09-17,6,West,No,56.38,6.4,0.37,52,Male
O102857,C14033,P204231,Sports,107.35,0.0,1,Wallet,2024-06-06,4,South,Yes,107.35,5.71,26.49,27,Other
O102858,C15105,P228268,Sports,130.79,0.0,1,Credit Card,2025-03-20,5,North,No,130.79,8.48,30.76,34,Female
O102859,C10703,P201401,Grocery,12.14,0.0,2,Debit Card,2024-07-16,5,Central,No,24.28,7.21,-5.27,65,Female
O102860,C10574,P208086,Fashion,36.17,0.0,1,Credit Card,2023-11-28,6,East,No,36.17,5.55,7.11,20,Male
O102861,C15704,P233673,Electronics,70.38,0.1,1,UPI,2024-03-01,5,Central,No,63.34,5.09,2.51,25,Male
O102862,C13232,P200529,Toys,2.22,0.0,2,Wallet,2025-08-10,5,North,No,4.44,2.45,-0.67,69,Male
O102863,C17848,P240779,Fashion,25.61,0.1,1,Credit Card,2023-10-03,5,East,Yes,23.05,5.11,2.96,36,Male
O102864,C15208,P223462,Fashion,77.53,0.05,1,COD,2024-05-19,3,North,No,73.65,5.47,20.31,49,Female
O102865,C14783,P247769,Home,147.21,0.0,1,Debit Card,2024-01-30,5,South,No,147.21,6.73,34.49,48,Male
O102866,C16924,P237386,Electronics,93.5,0.0,1,Debit Card,2025-02-07,6,East,No,93.5,6.81,4.41,57,Male
O102867,C12632,P216956,Fashion,62.26,0.1,3,PayPal,2024-07-26,8,South,No,168.1,7.94,50.9,37,Female
O102868,C13828,P217027,Home,122.64,0.0,3,COD,2025-05-11,4,West,No,367.92,7.99,83.88,50,Male
O102869,C16732,P247676,Fashion,13.97,0.05,1,UPI,2024-02-01,7,East,No,13.27,4.11,0.53,35,Male
O102870,C13230,P220455,Home,195.35,0.0,1,Credit Card,2024-07-21,3,North,No,195.35,9.15,45.55,55,Female
O102871,C10488,P239781,Home,243.54,0.1,2,COD,2025-07-01,4,Central,No,392.75,8.94,83.88,36,Female
O102872,C17114,P242252,Toys,7.21,0.0,1,COD,2024-08-08,4,North,No,7.21,2.66,0.22,66,Female
O102873,C11347,P244555,Grocery,14.3,0.0,4,Credit Card,2024-12-24,6,East,No,57.2,5.28,-0.7,24,Female
O102874,C13681,P245602,Electronics,204.38,0.0,2,UPI,2024-02-19,6,North,No,392.75,8.9,40.15,61,Male
O102875,C17548,P205605,Toys,3.18,0.1,1,COD,2024-09-12,6,East,No,2.86,3.13,-1.99,23,Male
O102876,C13173,P210677,Grocery,27.02,0.0,2,Credit Card,2025-05-13,3,North,No,54.04,5.39,-1.07,59,Female
O102877,C14589,P216938,Sports,179.03,0.15,2,Debit Card,2023-12-18,4,West,No,304.35,7.62,83.68,45,Female
O102878,C11667,P246819,Grocery,6.04,0.0,1,Credit Card,2023-11-08,4,West,No,6.04,1.53,-1.05,38,Male
O102879,C11637,P243534,Fashion,42.28,0.0,1,Debit Card,2025-04-16,4,Central,No,42.28,6.51,8.29,25,Female
O102880,C14114,P243184,Toys,16.12,0.0,1,Debit Card,2024-04-20,4,North,No,16.12,4.49,1.96,50,Male
O102881,C17621,P215009,Sports,29.21,0.1,2,COD,2025-05-26,6,East,No,52.58,5.16,10.61,37,Male
O102882,C13553,P230246,Fashion,12.74,0.0,5,Credit Card,2024-07-28,6,East,No,63.7,6.21,16.08,61,Female
O102883,C17761,P228185,Sports,192.86,0.0,3,Debit Card,2025-01-03,4,Central,No,392.75,10.36,83.88,64,Male
O102884,C16540,P229295,Home,275.98,0.0,3,Credit Card,2023-11-08,3,Central,No,392.75,9.58,83.88,69,Female
O102885,C11000,P225519,Fashion,68.51,0.1,2,UPI,2024-05-14,5,North,Yes,123.32,7.63,35.53,68,Male
O102886,C17446,P220952,Electronics,74.55,0.0,2,Credit Card,2025-05-24,4,North,No,149.1,8.81,9.08,25,Male
O102887,C10850,P246642,Sports,245.85,0.05,1,Debit Card,2025-04-06,5,West,No,233.56,8.18,61.89,52,Male
O102888,C11388,P209185,Sports,310.35749999999996,0.15,1,PayPal,2025-09-10,4,Central,No,338.68,8.98,83.88,35,Male
O102889,C15450,P219843,Beauty,39.61,0.0,5,Credit Card,2025-04-02,4,South,No,198.05,7.58,81.54,47,Female
O102890,C13712,P217505,Home,67.41,0.15,1,Debit Card,2024-07-16,6,South,No,57.3,6.56,9.48,45,Female
O102891,C11367,P228022,Fashion,30.59,0.0,1,Debit Card,2024-04-02,4,West,No,30.59,5.82,4.89,24,Female
O102892,C10821,P216439,Home,278.26,0.0,1,Debit Card,2024-05-12,4,Central,No,278.26,8.08,69.83,57,Male
O102893,C10454,P214660,Toys,8.47,0.0,1,Debit Card,2024-12-08,3,North,No,8.47,2.5,0.89,30,Male
O102894,C11624,P208849,Toys,5.01,0.0,1,Credit Card,2023-10-01,4,West,No,5.01,1.97,0.03,52,Female
O102895,C12772,P229628,Sports,180.17,0.0,1,Credit Card,2024-09-07,4,South,No,180.17,7.32,46.73,39,Male
O102896,C13726,P224835,Grocery,3.83,0.0,1,Credit Card,2024-02-17,5,West,No,3.83,1.85,-1.54,35,Female
O102897,C17232,P204736,Grocery,32.32,0.0,1,Wallet,2025-08-22,3,North,No,32.32,5.39,-2.8,48,Male
O102898,C13147,P235377,Electronics,310.35749999999996,0.0,1,Wallet,2024-10-25,7,East,No,344.31,9.07,32.25,57,Male
O102899,C14089,P247443,Home,116.72,0.0,1,Credit Card,2025-05-18,5,South,No,116.72,7.08,25.6,55,Female
O102900,C14806,P203909,Electronics,310.35749999999996,0.1,1,Credit Card,2025-08-14,3,North,No,392.75,8.2,49.67,24,Male
O102901,C12190,P249555,Home,12.19,0.05,4,COD,2024-07-20,4,North,No,46.32,4.99,7.98,38,Male
O102902,C10916,P214867,Toys,26.59,0.0,1,Credit Card,2024-02-12,3,North,No,26.59,5.22,5.42,18,Female
O102903,C13986,P200794,Electronics,310.35749999999996,0.0,4,Debit Card,2025-01-11,7,East,No,392.75,10.84,83.88,42,Female
O102904,C12875,P217945,Grocery,10.77,0.0,1,Credit Card,2023-12-03,7,East,No,10.77,4.65,-3.79,64,Female
O102905,C16748,P215369,Beauty,9.0,0.0,1,Credit Card,2024-01-27,7,West,No,9.0,3.12,0.93,34,Male
O102906,C15592,P243601,Sports,183.92,0.05,1,UPI,2024-01-06,6,East,No,174.72,7.51,44.91,40,Male
O102907,C11440,P223807,Electronics,143.78,0.0,3,PayPal,2023-09-19,5,North,No,392.75,9.13,42.63,43,Female
O102908,C14400,P210856,Electronics,268.69,0.05,1,Credit Card,2024-11-02,4,North,No,255.26,8.0,22.63,29,Female
O102909,C10735,P206795,Beauty,7.22,0.0,1,Debit Card,2024-04-03,3,North,Yes,7.22,3.37,-0.12,60,Female
O102910,C13568,P229385,Toys,73.56,0.0,3,UPI,2024-08-13,3,North,No,220.68,6.61,81.66,36,Female
O102911,C16434,P231063,Toys,6.25,0.0,1,Wallet,2025-07-10,4,West,No,6.25,3.49,-0.99,57,Male
O102912,C16059,P238260,Sports,169.86,0.0,1,Wallet,2024-09-06,3,North,No,169.86,6.95,44.01,66,Female
O102913,C16245,P248562,Fashion,20.01,0.0,4,Credit Card,2024-10-11,3,Central,No,80.04,5.6,22.41,21,Female
O102914,C16105,P210149,Fashion,19.54,0.05,1,Credit Card,2025-03-28,6,North,No,18.56,2.47,4.03,42,Female
O102915,C13338,P226669,Grocery,8.21,0.0,4,UPI,2024-07-10,5,Central,No,32.84,5.18,-2.55,59,Male
O102916,C17010,P226328,Electronics,310.35749999999996,0.1,1,Credit Card,2024-10-01,4,Central,No,392.75,8.09,62.94,55,Female
O102917,C13015,P237767,Sports,124.39,0.1,1,Credit Card,2025-03-17,4,Central,No,111.95,6.89,26.7,52,Male
O102918,C17789,P237965,Beauty,53.3,0.0,1,Debit Card,2024-07-08,5,South,No,53.3,7.36,16.62,37,Male
O102919,C17117,P203562,Home,16.37,0.0,5,Credit Card,2024-02-01,4,South,No,81.85,6.42,16.5,56,Male
O102920,C12889,P233623,Home,310.35749999999996,0.05,1,Debit Card,2025-03-03,3,North,No,392.75,7.98,83.88,19,Female
O102921,C10961,P242255,Grocery,2.06,0.0,2,Credit Card,2024-12-18,5,West,No,4.12,3.37,-3.04,42,Female
O102922,C12989,P236389,Toys,27.11,0.0,1,Credit Card,2025-06-07,6,East,No,27.11,6.26,4.58,35,Female
O102923,C13848,P204206,Toys,6.57,0.0,2,Credit Card,2024-08-09,4,South,No,13.14,2.61,2.65,42,Female
O102924,C11026,P233806,Home,251.99,0.0,1,Credit Card,2024-08-08,4,West,Yes,251.99,10.25,60.31,65,Male
O102925,C16228,P237364,Electronics,310.35749999999996,0.1,1,Credit Card,2024-07-01,5,South,No,392.75,10.24,64.77,64,Male
O102926,C13865,P220897,Grocery,11.55,0.0,1,UPI,2025-03-01,3,North,No,11.55,2.03,-1.11,49,Female
O102927,C16471,P214151,Electronics,217.58,0.0,1,Credit Card,2024-12-11,6,East,No,217.58,8.81,17.3,22,Male
O102928,C12863,P204370,Home,217.62,0.2,1,Credit Card,2024-08-23,6,West,No,174.1,8.46,40.29,56,Female
O102929,C15569,P224045,Fashion,106.86,0.0,4,Debit Card,2025-01-03,5,West,No,392.75,10.86,83.88,62,Other
O102930,C12501,P221700,Home,186.49,0.0,1,PayPal,2024-08-12,4,Central,No,186.49,8.18,44.04,26,Male
O102931,C11947,P236215,Fashion,121.73,0.05,1,Debit Card,2023-12-22,4,North,No,115.64,6.94,33.53,45,Female
O102932,C16772,P222234,Grocery,13.97,0.0,1,UPI,2024-05-31,4,North,No,13.97,3.55,-2.43,41,Male
O102933,C17388,P248671,Grocery,15.62,0.0,4,Debit Card,2024-06-25,5,South,No,62.48,5.97,-0.97,19,Male
O102934,C11177,P215326,Home,121.69,0.2,3,Credit Card,2024-05-07,5,South,No,292.06,7.09,74.69,25,Female
O102935,C14760,P246824,Electronics,267.67,0.0,1,PayPal,2024-07-26,5,South,No,267.67,7.03,25.09,54,Male
O102936,C10011,P237997,Sports,114.61,0.0,1,Debit Card,2025-07-06,4,South,No,114.61,8.06,26.32,68,Male
O102937,C15252,P202241,Home,118.44,0.1,2,UPI,2024-03-06,4,Central,No,213.19,7.08,52.61,65,Female
O102938,C14399,P230639,Grocery,18.3,0.0,1,Debit Card,2023-09-25,5,West,No,18.3,5.11,-3.65,22,Female
O102939,C13364,P240586,Electronics,310.35749999999996,0.15,1,Wallet,2025-07-31,5,East,No,392.75,11.11,83.88,35,Female
O102940,C13022,P239766,Electronics,201.74,0.1,5,Credit Card,2025-02-28,4,South,No,392.75,11.72,83.88,47,Female
O102941,C13371,P221278,Sports,62.08,0.0,1,Credit Card,2024-11-19,3,Central,No,62.08,6.52,12.1,50,Female
O102942,C15859,P242923,Sports,11.49,0.0,2,Debit Card,2024-04-02,6,East,No,22.98,6.54,0.35,26,Male
O102943,C12830,P206444,Home,108.58,0.15,1,Credit Card,2023-09-29,6,West,No,92.29,8.03,17.81,29,Male
O102944,C10042,P203015,Fashion,11.93,0.2,1,Wallet,2025-09-09,3,Central,No,9.54,4.67,-1.33,62,Male
O102945,C10943,P214903,Fashion,66.89,0.0,1,PayPal,2023-11-04,4,West,No,66.89,6.25,17.16,68,Female
O102946,C12390,P239583,Fashion,79.35,0.3,1,Credit Card,2025-01-14,5,West,No,55.54,5.98,13.46,63,Female
O102947,C15445,P228143,Fashion,68.07,0.0,1,Debit Card,2025-01-04,4,West,No,68.07,5.33,18.49,26,Male
O102948,C17981,P204864,Toys,17.56,0.1,2,Credit Card,2025-04-22,5,East,No,31.61,4.2,8.44,62,Male
O102949,C12545,P209676,Electronics,298.31,0.0,3,COD,2025-06-16,9,South,No,392.75,12.23,83.88,28,Female
O102950,C12411,P204234,Home,146.94,0.0,4,Credit Card,2025-06-22,4,West,No,392.75,7.73,83.88,54,Male
O102951,C14986,P221340,Sports,89.55,0.0,1,COD,2023-10-23,4,West,No,89.55,6.12,20.74,58,Female
O102952,C16570,P246915,Electronics,310.35749999999996,0.2,1,Debit Card,2024-12-15,6,South,No,392.75,8.99,39.1,35,Female
O102953,C11004,P218723,Toys,46.24,0.05,2,Credit Card,2025-02-16,5,West,No,87.86,6.51,28.63,29,Male
O102954,C10020,P208526,Sports,85.53,0.0,1,Credit Card,2023-11-14,5,North,No,85.53,7.23,18.43,65,Female
O102955,C10406,P206842,Electronics,88.0,0.05,2,PayPal,2025-09-09,3,North,No,167.2,8.0,12.06,59,Male
O102956,C16762,P234626,Grocery,2.85,0.0,2,UPI,2025-06-11,4,North,No,5.7,1.16,-0.7,20,Female
O102957,C11014,P201207,Home,72.08,0.0,4,PayPal,2024-02-17,4,West,No,288.32,8.26,72.47,62,Female
O102958,C14431,P217308,Sports,77.43,0.0,1,UPI,2023-10-15,4,South,No,77.43,8.6,14.63,29,Male
O102959,C11838,P205429,Grocery,4.36,0.05,1,UPI,2024-09-13,5,East,No,4.14,3.29,-2.96,52,Other
O102960,C13188,P207591,Grocery,8.94,0.0,1,Credit Card,2024-01-18,6,South,No,8.94,3.74,-3.02,43,Male
O102961,C15243,P245712,Home,29.21,0.05,1,UPI,2024-06-22,3,North,No,27.75,5.51,2.26,35,Male
O102962,C16542,P238660,Fashion,18.55,0.0,4,COD,2023-11-09,4,West,No,74.2,7.04,18.93,60,Female
O102963,C16936,P211777,Fashion,70.1,0.3,1,PayPal,2024-11-22,5,East,No,49.07,5.04,12.13,42,Male
O102964,C15923,P238713,Toys,85.36,0.0,2,Credit Card,2024-09-03,5,South,No,170.72,7.93,60.36,60,Female
O102965,C10714,P240459,Grocery,3.71,0.0,1,Debit Card,2025-03-05,6,Central,No,3.71,3.23,-2.93,41,Male
O102966,C14146,P212548,Electronics,184.6,0.0,1,PayPal,2025-08-28,5,West,No,184.6,7.24,14.91,26,Female
O102967,C13854,P246441,Electronics,190.35,0.05,1,Credit Card,2025-02-01,4,North,Yes,180.83,9.16,12.54,50,Male
O102968,C14419,P236795,Toys,6.97,0.1,1,Credit Card,2024-09-19,6,Central,No,6.27,3.16,-0.65,37,Male
O102969,C14884,P245224,Home,40.05,0.0,1,Credit Card,2024-02-16,6,West,No,40.05,6.46,4.75,31,Female
O102970,C10140,P237063,Fashion,11.94,0.1,1,Credit Card,2024-12-01,5,North,No,10.75,3.1,0.66,19,Male
O102971,C14565,P232055,Fashion,122.05,0.0,1,Debit Card,2024-09-21,5,South,No,122.05,8.3,34.42,26,Male
O102972,C14882,P212869,Fashion,56.53,0.0,2,UPI,2023-09-20,3,Central,No,113.06,7.69,31.88,20,Male
O102973,C15921,P223863,Grocery,5.52,0.0,4,Credit Card,2024-06-20,6,South,No,22.08,5.13,-3.36,24,Male
O102974,C15453,P204661,Grocery,4.93,0.1,3,Credit Card,2023-11-25,5,South,No,13.31,5.52,-4.46,42,Female
O102975,C16012,P247498,Fashion,48.8,0.0,1,Credit Card,2024-02-20,4,Central,No,48.8,6.46,10.62,25,Other
O102976,C10963,P244802,Grocery,16.73,0.0,1,Credit Card,2024-03-08,6,East,No,16.73,4.66,-3.32,37,Female
O102977,C17151,P218782,Fashion,19.34,0.15,2,UPI,2025-03-10,5,South,No,32.88,6.05,5.46,43,Female
O102978,C10372,P249179,Toys,10.39,0.0,1,Debit Card,2024-09-27,4,Central,No,10.39,2.15,2.01,65,Male
O102979,C13635,P244910,Fashion,21.88,0.3,1,Credit Card,2023-12-26,5,South,No,15.32,3.09,2.27,63,Male
O102980,C12541,P201898,Toys,3.81,0.0,3,Debit Card,2024-06-24,7,East,No,11.43,4.88,-0.31,30,Male
O102981,C13610,P212919,Fashion,29.02,0.05,1,Debit Card,2024-10-28,4,South,No,27.57,5.1,4.55,63,Male
O102982,C11692,P240068,Fashion,42.5,0.0,1,Credit Card,2023-11-01,5,East,No,42.5,5.36,9.51,36,Female
O102983,C16894,P202427,Grocery,15.03,0.0,1,Credit Card,2024-03-24,7,East,No,15.03,2.27,-1.07,57,Female
O102984,C15275,P234393,Fashion,31.51,0.1,1,COD,2025-05-17,3,Central,No,28.36,4.84,5.09,26,Female
O102985,C16434,P210767,Grocery,54.94,0.15,1,Credit Card,2024-11-25,4,West,No,46.7,6.2,-2.46,68,Female
O102986,C15767,P218420,Electronics,310.35749999999996,0.15,1,Debit Card,2024-08-27,6,East,No,314.08,8.95,28.74,28,Female
O102987,C17311,P236123,Electronics,310.35749999999996,0.1,1,Wallet,2024-04-04,5,East,Yes,392.75,9.93,71.87,44,Male
O102988,C10105,P246821,Toys,50.71,0.05,1,Debit Card,2025-05-01,7,East,No,48.17,6.17,13.1,69,Male
O102989,C15539,P204902,Beauty,45.2,0.0,1,Debit Card,2024-09-20,5,Central,No,45.2,4.63,15.71,51,Male
O102990,C16813,P226850,Home,51.43,0.0,2,Credit Card,2025-02-15,4,Central,Yes,102.86,7.71,21.09,56,Female
O102991,C11681,P248554,Electronics,233.42,0.0,5,Credit Card,2024-12-21,4,Central,No,392.75,8.91,83.88,67,Female
O102992,C14097,P243034,Beauty,3.01,0.0,2,UPI,2024-06-30,3,North,No,6.02,5.37,-2.66,44,Male
O102993,C14016,P221620,Home,89.05,0.2,1,PayPal,2025-05-23,6,West,No,71.24,5.69,14.26,29,Male
O102994,C12636,P208280,Home,55.79,0.0,1,Credit Card,2024-04-20,4,West,No,55.79,5.46,10.16,66,Female
O102995,C16787,P214954,Beauty,5.91,0.0,1,Debit Card,2024-06-29,4,North,No,5.91,1.66,1.0,57,Female
O102996,C12137,P244764,Beauty,47.68,0.15,2,PayPal,2024-04-13,6,Central,No,81.06,7.63,28.85,39,Female
O102997,C13416,P246814,Grocery,15.74,0.0,2,Debit Card,2025-01-28,5,West,No,31.48,4.16,-1.64,66,Other
O102998,C14445,P246973,Sports,310.35749999999996,0.1,1,Wallet,2024-07-15,5,Central,No,392.75,10.66,83.88,52,Male
O102999,C13530,P237729,Fashion,38.92,0.05,4,Debit Card,2025-07-10,4,North,No,147.9,7.82,43.94,19,Female
O103000,C11286,P232800,Fashion,24.74,0.0,1,Credit Card,2024-01-31,5,Central,No,24.74,5.36,3.3,49,Male
O103001,C17518,P237466,Home,50.33,0.2,1,Wallet,2023-10-18,3,North,No,40.26,4.7,6.57,21,Female
O103002,C13179,P208887,Fashion,33.1,0.0,4,PayPal,2024-08-26,4,North,No,132.4,7.45,38.89,22,Female
O103003,C17753,P231607,Home,58.83,0.0,1,PayPal,2025-07-17,6,South,No,58.83,8.39,8.08,48,Male
O103004,C15158,P232141,Toys,94.12,0.05,1,Debit Card,2024-04-21,7,West,No,89.41,4.88,30.88,68,Female
O103005,C17052,P241484,Toys,5.97,0.0,1,Credit Card,2025-04-11,6,East,No,5.97,4.59,-2.2,64,Female
O103006,C16302,P213335,Beauty,3.47,0.0,1,Wallet,2024-06-15,5,East,No,3.47,1.84,-0.28,56,Other
O103007,C13654,P206177,Beauty,6.41,0.2,1,PayPal,2025-02-07,4,North,No,5.13,3.54,-1.23,64,Male
O103008,C17102,P241206,Home,302.47,0.0,1,Credit Card,2024-05-03,6,East,No,302.47,8.52,76.17,68,Male
O103009,C12359,P203926,Beauty,32.01,0.05,1,Debit Card,2023-11-13,7,West,No,30.41,5.0,8.68,43,Female
O103010,C17408,P248146,Toys,32.14,0.05,1,COD,2024-08-26,4,South,No,30.53,5.08,7.13,52,Male
O103011,C10444,P243056,Sports,47.99,0.0,2,Debit Card,2024-11-16,8,East,No,95.98,7.24,21.55,37,Female
O103012,C16441,P210154,Electronics,310.35749999999996,0.0,1,Credit Card,2025-07-25,7,South,No,366.79,9.01,35.0,45,Female
O103013,C15047,P202959,Sports,131.01,0.0,1,Credit Card,2024-05-27,6,East,No,131.01,4.67,34.63,53,Male
O103014,C10035,P218611,Sports,48.86,0.0,2,Credit Card,2025-02-15,5,South,No,97.72,7.9,21.42,43,Female
O103015,C15203,P234161,Electronics,310.35749999999996,0.0,1,Credit Card,2025-09-01,3,Central,No,392.75,8.37,47.91,34,Male
O103016,C11475,P218407,Electronics,310.35749999999996,0.0,1,Debit Card,2024-03-06,5,North,No,372.83,7.17,37.57,26,Female
O103017,C13957,P213025,Toys,8.91,0.05,1,UPI,2025-08-12,4,South,No,8.46,2.33,1.05,68,Male
O103018,C11798,P206064,Beauty,4.33,0.0,2,Debit Card,2025-04-05,6,East,No,8.66,4.0,-0.1,43,Female
O103019,C11845,P206639,Toys,7.34,0.05,1,Debit Card,2025-09-06,5,North,Yes,6.97,1.15,1.64,34,Female
O103020,C11408,P202478,Fashion,52.51,0.0,2,Credit Card,2025-05-02,7,East,No,105.02,8.74,28.02,56,Female
O103021,C15291,P207929,Electronics,310.35749999999996,0.05,2,Credit Card,2024-01-04,5,South,No,392.75,9.26,69.86,68,Male
O103022,C15495,P232326,Electronics,280.28,0.0,2,UPI,2024-04-12,4,South,No,392.75,11.53,55.74,31,Female
O103023,C11708,P222837,Home,48.14,0.1,1,Debit Card,2024-05-02,6,West,No,43.33,6.97,5.16,56,Male
O103024,C15481,P241941,Beauty,17.4,0.15,1,Credit Card,2023-12-27,4,Central,No,14.79,3.87,2.79,58,Female
O103025,C16702,P229974,Toys,5.06,0.05,1,Debit Card,2025-05-23,5,South,No,4.81,2.22,-0.3,57,Female
O103026,C12938,P244183,Sports,116.77,0.0,1,Credit Card,2025-05-23,5,Central,No,116.77,7.78,27.25,29,Female
O103027,C16284,P208418,Grocery,27.78,0.15,1,Debit Card,2025-06-12,4,West,No,23.61,4.85,-2.96,57,Male
O103028,C17030,P217650,Electronics,252.49,0.05,3,Debit Card,2024-07-06,5,South,No,392.75,11.79,74.56,59,Male
O103029,C17285,P234825,Electronics,127.85,0.15,1,Credit Card,2024-04-16,3,North,No,108.67,6.59,6.45,67,Male
O103030,C11300,P246471,Electronics,310.35749999999996,0.0,1,COD,2023-11-06,4,South,No,392.75,8.6,66.02,42,Male
O103031,C16869,P214383,Beauty,12.2,0.0,1,Debit Card,2024-09-16,4,South,No,12.2,3.35,2.14,30,Female
O103032,C11243,P246703,Fashion,49.32,0.05,1,Credit Card,2024-07-27,5,West,No,46.85,4.6,11.8,48,Female
O103033,C13976,P243211,Sports,17.71,0.0,1,Credit Card,2024-12-14,3,North,No,17.71,4.55,0.76,56,Male
O103034,C13097,P231708,Electronics,310.35749999999996,0.0,3,PayPal,2024-09-19,3,North,No,392.75,11.85,83.88,55,Female
O103035,C14616,P235709,Electronics,250.67,0.1,1,Wallet,2025-03-24,4,West,No,225.6,8.84,18.23,48,Female
O103036,C15902,P232924,Home,82.48,0.0,1,Credit Card,2024-11-04,5,West,No,82.48,4.86,18.23,34,Female
O103037,C10009,P223382,Home,310.35749999999996,0.1,1,Credit Card,2024-10-21,5,South,No,332.6,9.47,83.66,61,Other
O103038,C15079,P226649,Toys,15.3,0.15,1,PayPal,2025-06-02,3,Central,No,13.0,3.5,1.7,55,Female
O103039,C12425,P231140,Toys,2.33,0.0,1,Credit Card,2025-03-24,5,Central,No,2.33,0.0,0.93,28,Male
O103040,C15752,P245023,Electronics,310.35749999999996,0.0,3,PayPal,2023-12-15,4,South,No,392.75,10.91,83.88,67,Other
O103041,C11660,P232563,Toys,2.24,0.0,2,UPI,2024-05-09,5,East,No,4.48,1.04,0.75,48,Female
O103042,C16825,P230373,Beauty,21.81,0.05,3,Debit Card,2025-04-14,6,East,No,62.16,4.73,23.24,34,Male
O103043,C12631,P217144,Home,142.2,0.05,4,Credit Card,2023-12-04,6,South,Yes,392.75,10.36,83.88,48,Male
O103044,C16295,P208965,Electronics,310.35749999999996,0.05,1,Credit Card,2025-01-05,4,Central,No,392.75,8.43,80.59,31,Female
O103045,C14815,P222791,Sports,121.8,0.2,1,Credit Card,2024-11-21,6,East,No,97.44,7.72,21.51,43,Male
O103046,C11072,P223115,Electronics,310.35749999999996,0.0,1,Wallet,2025-05-14,5,North,No,392.75,8.87,62.13,65,Female
O103047,C13225,P217341,Fashion,77.24,0.05,1,COD,2024-11-22,6,South,No,73.38,7.39,18.29,54,Male
O103048,C14954,P247573,Electronics,128.07,0.0,1,Credit Card,2025-08-16,6,Central,No,128.07,6.86,8.51,20,Female
O103049,C11316,P216637,Beauty,32.54,0.0,2,COD,2025-03-25,6,North,No,65.08,6.18,23.11,25,Male
O103050,C15699,P224269,Sports,109.8,0.0,1,Debit Card,2024-07-07,5,North,No,109.8,6.02,26.92,22,Female
O103051,C14145,P217953,Grocery,4.68,0.05,1,Debit Card,2024-04-14,6,South,No,4.45,1.33,-0.97,58,Male
O103052,C16807,P227794,Sports,23.51,0.3,1,UPI,2024-08-31,5,North,No,16.46,4.16,0.78,40,Male
O103053,C16674,P223877,Grocery,19.34,0.05,1,COD,2025-06-28,5,West,No,18.37,3.92,-2.45,40,Male
O103054,C13683,P240273,Toys,71.71,0.15,1,COD,2025-03-31,6,West,No,60.95,6.96,17.42,48,Female
O103055,C17227,P212405,Fashion,70.94,0.1,1,UPI,2024-01-25,9,East,No,63.85,6.0,16.35,64,Female
O103056,C17334,P227812,Beauty,36.91,0.15,1,UPI,2025-07-02,3,North,No,31.37,5.87,8.25,18,Female
O103057,C13273,P245605,Home,34.01,0.15,1,Credit Card,2025-02-22,4,North,No,28.91,5.12,2.97,47,Male
O103058,C17000,P241767,Beauty,9.95,0.0,1,Credit Card,2023-11-11,7,East,No,9.95,3.18,1.3,34,Male
O103059,C10145,P209973,Beauty,24.59,0.0,1,PayPal,2025-08-02,3,North,No,24.59,5.66,5.41,42,Female
O103060,C15010,P223925,Sports,13.14,0.0,1,Credit Card,2025-04-29,4,South,No,13.14,3.47,0.47,27,Female
O103061,C17843,P244623,Electronics,310.35749999999996,0.0,2,Debit Card,2024-01-15,7,South,No,392.75,11.67,83.88,68,Female
O103062,C13040,P223091,Sports,25.38,0.05,1,COD,2025-03-13,3,North,No,24.11,4.69,2.54,60,Female
O103063,C11462,P219584,Electronics,223.36,0.0,2,COD,2024-06-30,3,North,No,392.75,8.61,45.0,43,Female
O103064,C16385,P239325,Electronics,175.43,0.0,2,UPI,2025-09-03,6,East,No,350.86,9.65,32.45,69,Other
O103065,C14676,P209071,Home,24.82,0.0,1,Credit Card,2024-11-23,5,South,No,24.82,5.45,1.5,62,Female
O103066,C16830,P205088,Beauty,24.18,0.0,2,Debit Card,2025-03-19,7,East,No,48.36,5.55,16.21,56,Female
O103067,C11584,P249152,Electronics,195.68,0.0,1,Debit Card,2024-09-28,5,West,No,195.68,8.6,14.88,27,Female
O103068,C10482,P216550,Home,15.92,0.1,1,Credit Card,2023-10-22,5,Central,No,14.33,4.61,-0.6,64,Female
O103069,C13179,P202063,Beauty,17.4,0.05,1,Wallet,2023-10-15,4,West,No,16.53,5.09,2.35,49,Male
O103070,C11249,P227280,Electronics,310.35749999999996,0.0,1,Credit Card,2024-02-01,7,South,No,339.97,9.09,31.71,50,Male
O103071,C14768,P208303,Sports,23.74,0.0,1,Debit Card,2024-01-15,4,North,No,23.74,3.65,3.47,44,Male
O103072,C10630,P211631,Fashion,48.24,0.0,1,PayPal,2024-06-26,5,West,No,48.24,5.67,11.21,18,Female
O103073,C16804,P201125,Toys,9.07,0.0,1,Debit Card,2023-11-18,5,South,No,9.07,4.6,-0.97,49,Male
O103074,C10661,P235409,Fashion,19.78,0.2,1,Credit Card,2025-06-07,5,East,No,15.82,4.85,0.69,36,Other
O103075,C13503,P222485,Home,218.97,0.05,1,Credit Card,2024-06-06,5,East,No,208.02,7.89,50.36,37,Female
O103076,C12852,P243003,Grocery,9.3,0.0,2,COD,2023-10-11,5,West,No,18.6,4.32,-2.83,44,Female
O103077,C17822,P212794,Toys,11.34,0.1,1,Debit Card,2023-09-13,3,North,No,10.21,2.4,1.68,40,Male
O103078,C12466,P218018,Toys,34.98,0.05,2,Credit Card,2023-12-07,4,West,No,66.46,6.14,20.44,60,Female
O103079,C10987,P208862,Electronics,310.35749999999996,0.15,3,Debit Card,2024-11-15,7,West,No,392.75,12.09,83.88,27,Male
O103080,C17622,P235879,Electronics,173.0,0.05,1,Credit Card,2024-11-27,5,North,No,164.35,8.69,11.03,34,Male
O103081,C17327,P201690,Beauty,4.27,0.0,1,Credit Card,2025-06-10,5,West,No,4.27,2.84,-0.92,33,Male
O103082,C11546,P215740,Home,112.45,0.1,1,PayPal,2023-10-28,5,West,No,101.2,6.14,22.2,21,Female
O103083,C10649,P247862,Grocery,17.53,0.05,1,PayPal,2024-11-19,5,South,No,16.65,3.62,-2.29,27,Female
O103084,C10968,P248643,Fashion,48.57,0.05,1,Credit Card,2024-09-27,4,South,No,46.14,6.8,9.35,47,Male
O103085,C12637,P223024,Home,163.38,0.0,2,Credit Card,2024-12-11,5,Central,No,326.76,10.17,81.32,42,Male
O103086,C11100,P220341,Beauty,28.49,0.1,1,Debit Card,2024-12-28,5,East,No,25.64,5.9,5.64,61,Male
O103087,C16652,P209156,Toys,63.43,0.05,1,UPI,2025-06-26,5,South,No,60.26,7.94,16.16,59,Female
O103088,C10440,P249432,Fashion,103.79,0.15,2,COD,2024-02-16,5,South,No,176.44,5.8,55.95,48,Female
O103089,C17421,P237214,Grocery,2.86,0.0,1,PayPal,2024-11-17,4,Central,No,2.86,1.58,-1.35,67,Female
O103090,C15016,P231053,Beauty,17.76,0.1,2,Credit Card,2024-07-16,6,East,No,31.97,2.93,11.46,56,Male
O103091,C10769,P210158,Toys,13.93,0.1,4,Debit Card,2025-03-20,4,Central,No,50.15,7.53,12.53,31,Female
O103092,C11343,P202808,Beauty,17.93,0.0,1,Credit Card,2024-02-17,4,West,No,17.93,4.94,3.13,60,Male
O103093,C15922,P205402,Toys,54.5,0.15,2,UPI,2024-02-15,4,South,No,92.65,5.87,31.19,35,Male
O103094,C14358,P201964,Electronics,178.8,0.05,1,Wallet,2025-06-28,3,Central,No,169.86,7.14,13.24,52,Male
O103095,C17764,P217206,Toys,20.73,0.0,1,Credit Card,2023-12-12,3,Central,No,20.73,4.25,4.04,28,Female
O103096,C13729,P209629,Beauty,58.53,0.0,1,Credit Card,2025-08-08,4,Central,No,58.53,5.82,20.52,20,Female
O103097,C13906,P232337,Home,16.83,0.0,2,Debit Card,2023-11-15,4,North,No,33.66,3.23,6.19,27,Female
O103098,C11577,P234829,Electronics,310.35749999999996,0.0,2,Credit Card,2025-01-08,6,West,No,392.75,12.15,83.88,31,Female
O103099,C17541,P221559,Sports,152.39,0.1,1,Debit Card,2024-08-31,7,East,No,137.15,6.53,34.62,45,Other
O103100,C16780,P203865,Electronics,125.74,0.0,1,PayPal,2024-04-21,5,East,No,125.74,5.97,9.12,50,Male
O103101,C17334,P204294,Fashion,24.36,0.0,1,Credit Card,2024-03-15,5,West,No,24.36,5.47,3.06,69,Female
O103102,C14008,P246939,Electronics,170.87,0.1,1,Credit Card,2024-02-03,6,South,No,153.78,8.58,9.87,20,Male
O103103,C17920,P212965,Electronics,131.29,0.05,1,Credit Card,2025-07-29,9,East,Yes,124.73,6.23,8.74,63,Male
O103104,C16602,P212228,Sports,110.06,0.2,1,PayPal,2024-07-03,8,West,No,88.05,4.16,22.26,49,Male
O103105,C15094,P248419,Fashion,204.84,0.0,1,Credit Card,2024-06-08,5,East,No,204.84,8.54,63.15,58,Female
O103106,C13351,P231377,Electronics,109.23,0.0,1,UPI,2025-02-10,4,South,No,109.23,8.46,4.65,26,Male
O103107,C14795,P249229,Fashion,17.99,0.0,1,PayPal,2025-08-19,4,Central,No,17.99,5.05,1.25,58,Male
O103108,C12349,P234927,Home,55.16,0.0,1,Credit Card,2024-04-27,6,North,No,55.16,5.7,9.74,57,Male
O103109,C13602,P212822,Home,310.35749999999996,0.1,2,COD,2025-05-03,4,North,No,392.75,11.0,83.88,47,Male
O103110,C15699,P230070,Home,139.43,0.0,2,Debit Card,2023-10-14,8,West,No,278.86,8.88,69.2,63,Female
O103111,C11241,P203187,Home,41.48,0.0,1,UPI,2025-06-01,6,East,No,41.48,5.82,5.79,38,Male
O103112,C11125,P207135,Home,224.56,0.0,2,COD,2023-09-25,7,South,No,392.75,9.36,83.88,32,Female
O103113,C12601,P213508,Toys,52.39,0.0,1,COD,2025-07-27,4,South,No,52.39,6.18,14.78,60,Female
O103114,C16431,P233557,Electronics,217.89,0.05,1,Debit Card,2024-03-17,4,North,No,207.0,6.84,18.0,39,Male
O103115,C11190,P234090,Toys,5.73,0.0,4,Wallet,2025-06-10,4,North,No,22.92,4.8,4.37,60,Male
O103116,C16764,P246155,Fashion,23.24,0.1,1,Debit Card,2025-05-23,4,South,No,20.92,5.55,1.77,44,Male
O103117,C15101,P239441,Sports,34.07,0.0,3,PayPal,2024-08-16,3,Central,No,102.21,7.56,23.1,47,Male
O103118,C14131,P239884,Home,39.62,0.05,1,Debit Card,2024-01-19,7,East,No,37.64,5.35,5.19,34,Female
O103119,C14839,P226067,Fashion,14.21,0.0,1,Credit Card,2024-09-20,5,East,No,14.21,5.03,-0.06,58,Female
O103120,C15860,P218043,Beauty,54.15,0.15,1,UPI,2024-08-26,4,South,No,46.03,7.24,13.47,32,Female
O103121,C14448,P230572,Toys,3.77,0.0,1,Credit Card,2023-09-23,4,West,No,3.77,2.06,-0.55,21,Male
O103122,C17843,P209507,Home,80.22,0.0,1,COD,2025-09-07,4,North,No,80.22,7.66,14.8,19,Male
O103123,C16018,P203062,Home,11.95,0.1,1,COD,2023-11-14,6,East,No,10.76,2.16,0.85,54,Male
O103124,C10072,P224700,Electronics,162.87,0.0,1,Wallet,2024-11-29,3,North,No,162.87,8.54,11.0,39,Male
O103125,C16791,P218454,Grocery,17.16,0.0,5,Debit Card,2024-11-14,4,North,No,85.8,7.21,-0.35,44,Female
O103126,C15472,P210868,Toys,6.46,0.05,1,Credit Card,2025-08-03,6,South,No,6.14,2.11,0.35,62,Male
O103127,C11914,P202553,Home,310.35749999999996,0.1,2,Debit Card,2025-03-16,5,South,No,392.75,11.16,83.88,67,Female
O103128,C15189,P229553,Toys,2.97,0.0,1,Debit Card,2025-07-21,4,South,No,2.97,1.46,-0.27,48,Female
O103129,C12472,P228511,Fashion,12.21,0.0,1,Credit Card,2025-01-08,5,North,Yes,12.21,4.85,-0.58,35,Female
O103130,C13046,P217428,Sports,162.01,0.0,1,Debit Card,2025-07-22,5,East,No,162.01,8.0,40.6,61,Male
O103131,C10707,P242747,Home,310.35749999999996,0.3,1,Credit Card,2025-06-15,4,West,No,350.75,7.28,83.88,63,Male
O103132,C11804,P205957,Home,310.35749999999996,0.1,5,PayPal,2024-04-16,4,North,No,392.75,11.42,83.88,39,Female
O103133,C16704,P244495,Electronics,310.35749999999996,0.0,1,Debit Card,2025-08-10,6,East,No,392.75,10.29,58.14,44,Male
O103134,C16971,P204578,Grocery,48.55,0.0,3,Credit Card,2025-02-24,7,East,No,145.65,7.34,4.31,20,Female
O103135,C13713,P238389,Toys,38.14,0.0,1,Credit Card,2025-03-20,4,West,No,38.14,5.49,9.77,64,Female
O103136,C15051,P234734,Toys,3.18,0.3,1,Debit Card,2024-12-05,5,West,No,2.23,3.4,-2.51,27,Female
O103137,C12564,P210548,Fashion,96.86,0.05,1,Debit Card,2024-08-06,7,East,No,92.02,7.61,24.6,62,Female
O103138,C12475,P221353,Fashion,37.51,0.05,1,COD,2025-07-19,5,South,No,35.63,5.78,6.69,68,Female
O103139,C13610,P246632,Beauty,17.95,0.0,1,COD,2024-10-16,5,East,No,17.95,4.89,3.19,55,Male
O103140,C14255,P218634,Toys,2.05,0.1,1,Debit Card,2025-03-18,6,West,No,1.84,1.29,-0.55,69,Male
O103141,C16292,P211679,Grocery,13.75,0.0,2,Credit Card,2024-12-09,6,South,No,27.5,3.83,-1.63,47,Male
O103142,C12823,P247743,Fashion,59.75,0.1,2,Credit Card,2025-08-11,4,North,No,107.55,8.51,29.13,44,Other
O103143,C17397,P224717,Beauty,41.32,0.15,1,Credit Card,2025-07-25,5,North,No,35.12,5.71,10.09,44,Male
O103144,C11735,P246935,Sports,48.79,0.0,1,Debit Card,2025-01-03,5,East,No,48.79,3.84,10.8,59,Female
O103145,C11585,P225579,Fashion,11.74,0.15,1,Debit Card,2025-03-29,4,West,No,9.98,3.14,0.35,32,Male
O103146,C10066,P226730,Home,86.31,0.0,1,Credit Card,2024-10-01,4,South,No,86.31,7.29,16.88,55,Female
O103147,C13061,P234782,Fashion,27.12,0.1,4,Credit Card,2024-12-23,4,South,No,97.63,7.73,26.44,30,Male
O103148,C17979,P204624,Sports,147.56,0.0,1,PayPal,2024-06-13,3,North,No,147.56,7.17,37.1,18,Male
O103149,C12428,P223103,Toys,7.13,0.0,3,Debit Card,2023-12-02,5,North,No,21.39,5.73,2.83,42,Male
O103150,C14153,P225544,Toys,4.92,0.05,1,COD,2024-02-23,6,East,No,4.67,3.8,-1.93,42,Male
O103151,C17426,P228534,Sports,67.05,0.0,1,PayPal,2025-03-07,6,East,No,67.05,6.05,14.06,39,Female
O103152,C10341,P238636,Fashion,53.62,0.0,1,Credit Card,2024-07-28,4,North,No,53.62,7.38,11.39,50,Male
O103153,C15249,P247394,Sports,42.44,0.05,1,UPI,2023-10-27,5,East,No,40.32,4.94,7.16,18,Male
O103154,C12774,P233572,Toys,4.39,0.05,1,COD,2024-02-07,6,East,No,4.17,1.13,0.54,41,Male
O103155,C15291,P228560,Beauty,17.17,0.2,1,UPI,2024-09-13,5,West,No,13.74,2.31,3.87,45,Male
O103156,C12817,P233435,Home,310.35749999999996,0.0,1,Debit Card,2023-12-25,5,South,No,392.75,11.44,83.88,41,Female
O103157,C12661,P233152,Grocery,46.04,0.0,1,COD,2025-06-29,3,North,No,46.04,6.39,-2.71,37,Female
O103158,C11232,P244084,Toys,26.26,0.0,1,Debit Card,2023-12-23,5,Central,No,26.26,6.35,4.15,47,Female
O103159,C13874,P219638,Grocery,20.77,0.0,1,Wallet,2024-10-16,4,North,No,20.77,6.72,-5.06,65,Female
O103160,C12401,P236208,Grocery,4.0,0.1,1,PayPal,2023-11-16,4,South,No,3.6,2.24,-1.95,33,Male
O103161,C11494,P216396,Home,71.81,0.2,1,Credit Card,2024-11-10,3,Central,No,57.45,6.48,9.61,19,Female
O103162,C15917,P240494,Toys,20.26,0.0,1,Credit Card,2024-12-22,5,South,No,20.26,5.21,2.89,67,Female
O103163,C14211,P243967,Beauty,37.01,0.05,1,COD,2025-06-10,5,South,No,35.16,5.48,10.34,57,Other
O103164,C17431,P226783,Electronics,109.24,0.0,1,UPI,2024-06-16,5,West,No,109.24,8.1,5.01,43,Female
O103165,C10661,P205403,Beauty,17.99,0.1,2,PayPal,2025-01-08,4,North,No,32.38,3.99,10.58,51,Female
O103166,C13883,P223838,Home,33.39,0.15,1,Credit Card,2024-07-23,5,West,No,28.38,4.75,3.2,53,Male
O103167,C15561,P238919,Fashion,54.33,0.0,1,Credit Card,2025-07-07,4,West,No,54.33,7.39,11.63,31,Other
O103168,C13619,P212359,Grocery,20.48,0.15,4,COD,2024-04-25,3,Central,No,69.63,5.07,0.5,39,Other
O103169,C16596,P247995,Electronics,310.35749999999996,0.3,1,Credit Card,2024-04-30,5,South,No,392.75,9.31,43.8,46,Female
O103170,C11868,P222614,Grocery,18.36,0.05,3,PayPal,2023-11-10,7,East,No,52.33,6.15,-1.96,21,Male
O103171,C17644,P210057,Electronics,106.33,0.05,1,Credit Card,2024-09-18,4,Central,No,101.01,6.77,5.35,43,Female
O103172,C12334,P200100,Home,242.08,0.0,1,UPI,2024-01-18,4,North,No,242.08,8.98,58.8,33,Female
O103173,C13374,P228655,Home,63.6,0.1,1,COD,2024-07-25,7,North,No,57.24,4.89,11.14,46,Other
O103174,C11016,P204978,Sports,187.64,0.1,1,UPI,2025-07-02,6,North,No,168.88,8.01,42.65,65,Male
O103175,C14406,P242272,Fashion,19.2,0.0,1,Wallet,2024-11-06,5,Central,No,19.2,4.57,2.15,59,Female
O103176,C10207,P210988,Grocery,9.5,0.0,2,Debit Card,2025-04-17,6,South,No,19.0,5.21,-3.69,61,Female
O103177,C12665,P214531,Sports,94.5,0.0,1,Credit Card,2024-06-29,4,West,No,94.5,6.36,21.99,48,Male
O103178,C12493,P239302,Toys,2.69,0.1,1,PayPal,2025-02-05,5,South,No,2.42,1.91,-0.94,22,Male
O103179,C16813,P249601,Electronics,310.35749999999996,0.0,2,Debit Card,2025-04-18,4,South,No,392.75,10.47,83.88,64,Male
O103180,C10632,P211631,Home,104.34,0.0,1,UPI,2024-01-04,5,West,No,104.34,6.94,22.28,22,Male
O103181,C12102,P211693,Grocery,3.81,0.1,1,Wallet,2024-02-20,5,South,No,3.43,2.12,-1.85,56,Male
O103182,C12959,P235935,Fashion,13.62,0.05,1,Credit Card,2025-07-24,4,North,No,12.94,5.3,-0.77,42,Female
O103183,C13083,P238148,Electronics,310.35749999999996,0.0,1,Credit Card,2023-10-30,5,South,Yes,392.75,10.35,40.89,40,Male
O103184,C14752,P213823,Home,21.23,0.1,1,Debit Card,2024-05-19,5,West,No,19.11,4.97,0.38,25,Male
O103185,C15519,P224696,Grocery,8.63,0.0,1,Debit Card,2024-09-03,4,South,No,8.63,4.13,-3.44,36,Male
O103186,C11931,P211629,Home,112.32,0.0,1,COD,2025-03-30,3,North,No,112.32,7.5,23.95,56,Female
O103187,C13719,P203856,Home,44.95,0.05,1,Debit Card,2025-06-23,4,West,No,42.7,5.54,6.42,28,Male
O103188,C17123,P231051,Sports,23.6,0.0,1,PayPal,2024-12-23,8,West,No,23.6,4.1,2.98,39,Female
O103189,C12562,P201075,Grocery,9.88,0.0,1,Debit Card,2023-10-30,6,South,No,9.88,5.14,-4.35,48,Male
O103190,C11679,P248523,Electronics,185.2,0.0,2,PayPal,2024-01-24,5,East,No,370.4,7.28,37.17,55,Male
O103191,C17709,P220797,Electronics,99.11,0.1,2,PayPal,2023-10-25,5,East,No,178.4,9.4,12.01,50,Male
O103192,C10236,P243682,Electronics,126.76,0.0,1,Wallet,2024-11-23,5,West,No,126.76,8.28,6.93,68,Female
O103193,C17446,P233469,Electronics,256.91,0.1,2,UPI,2025-05-07,6,West,No,392.75,10.5,44.99,49,Female
O103194,C14443,P236116,Fashion,12.02,0.0,1,Credit Card,2025-05-26,6,East,No,12.02,2.95,1.26,35,Female
O103195,C16770,P208185,Fashion,140.24,0.15,1,COD,2025-06-06,5,Central,No,119.2,5.73,35.99,66,Male
O103196,C17271,P227841,Beauty,39.6,0.0,4,UPI,2023-10-15,4,South,No,158.4,8.48,62.8,41,Female
O103197,C14725,P206836,Fashion,24.37,0.05,1,Credit Card,2023-12-28,4,Central,No,23.15,5.54,2.56,63,Female
O103198,C11540,P246072,Home,49.35,0.2,2,Debit Card,2024-08-13,5,South,No,78.96,6.86,15.25,44,Male
O103199,C16099,P224596,Grocery,28.31,0.0,1,COD,2024-07-22,3,North,No,28.31,6.2,-3.94,64,Female
O103200,C13943,P243406,Electronics,230.94,0.0,4,Credit Card,2024-12-28,4,West,No,392.75,9.74,83.88,67,Female
O103201,C15367,P222218,Home,271.45,0.05,3,UPI,2025-08-10,5,West,No,392.75,10.69,83.88,65,Male
O103202,C10363,P235017,Fashion,71.7,0.0,1,Wallet,2024-04-29,5,South,No,71.7,7.46,17.63,65,Male
O103203,C12368,P210705,Beauty,5.37,0.0,2,Debit Card,2025-03-31,5,Central,No,10.74,4.02,0.81,27,Female
O103204,C17800,P219606,Sports,175.19,0.0,1,Wallet,2024-06-03,6,South,Yes,175.19,9.5,43.06,38,Female
O103205,C10285,P221375,Toys,17.27,0.0,1,COD,2023-10-03,5,East,No,17.27,5.13,1.78,40,Male
O103206,C10148,P242142,Home,159.04,0.0,1,Debit Card,2023-09-29,7,West,No,159.04,6.46,38.07,66,Female
O103207,C15203,P226933,Toys,6.86,0.0,2,Credit Card,2025-05-03,4,West,Yes,13.72,3.37,2.12,33,Female
O103208,C14037,P208118,Toys,2.01,0.05,1,PayPal,2025-04-27,5,South,No,1.91,0.24,0.52,60,Female
O103209,C16549,P235319,Electronics,181.95,0.0,4,PayPal,2024-10-08,4,North,No,392.75,10.44,76.9,36,Female
O103210,C17121,P226649,Fashion,15.4,0.2,1,PayPal,2025-03-14,4,West,No,12.32,2.74,1.57,43,Female
O103211,C14551,P245318,Sports,66.18,0.0,2,Credit Card,2025-07-25,5,West,Yes,132.36,6.74,32.97,19,Male
O103212,C11766,P202214,Grocery,2.25,0.1,1,Wallet,2024-05-27,4,Central,No,2.02,1.89,-1.73,36,Male
O103213,C14895,P208534,Home,306.81,0.0,1,Credit Card,2024-10-17,6,North,No,306.81,10.11,75.8,23,Male
O103214,C15280,P249869,Fashion,11.21,0.05,1,Debit Card,2024-12-01,5,East,No,10.65,2.5,1.23,38,Female
O103215,C11012,P235228,Toys,30.41,0.2,2,Credit Card,2024-02-21,3,Central,No,48.66,5.15,14.31,30,Male
O103216,C12831,P244696,Fashion,142.78,0.15,1,Credit Card,2025-03-27,5,East,No,121.36,7.41,35.07,18,Male
O103217,C12507,P203255,Sports,25.78,0.0,1,Credit Card,2023-11-20,4,Central,No,25.78,4.38,3.35,19,Male
O103218,C17717,P227841,Electronics,188.25,0.15,1,COD,2025-08-07,5,South,No,160.01,7.12,12.08,62,Male
O103219,C11523,P205334,Electronics,310.35749999999996,0.0,1,Debit Card,2024-05-15,5,South,No,392.75,9.44,47.78,23,Female
O103220,C12785,P212281,Home,175.03,0.0,1,Debit Card,2023-09-21,5,West,No,175.03,6.77,42.24,61,Male
O103221,C12556,P239598,Sports,13.75,0.0,1,COD,2024-04-17,7,South,No,13.75,4.87,-0.75,26,Female
O103222,C13725,P240522,Electronics,73.83,0.0,1,Credit Card,2024-04-17,5,South,No,73.83,7.62,1.24,61,Female
O103223,C17971,P239708,Toys,4.52,0.0,1,COD,2023-12-11,4,West,No,4.52,1.37,0.44,18,Male
O103224,C14576,P230697,Electronics,310.35749999999996,0.0,1,Credit Card,2023-11-30,6,West,No,322.8,8.33,30.41,64,Male
O103225,C15782,P210722,Beauty,4.39,0.2,1,COD,2024-08-30,3,North,No,3.51,2.34,-0.76,44,Male
O103226,C16257,P236400,Fashion,48.65,0.1,1,Debit Card,2024-05-21,5,North,No,43.78,3.7,11.62,54,Male
O103227,C16892,P216029,Sports,51.23,0.0,1,Credit Card,2023-10-24,5,East,No,51.23,5.18,10.19,64,Male
O103228,C11601,P200014,Toys,23.77,0.0,2,Wallet,2024-04-22,5,North,No,47.54,6.62,12.4,68,Male
O103229,C12408,P244349,Electronics,310.35749999999996,0.0,1,Debit Card,2024-06-02,5,North,No,392.75,9.95,55.46,68,Other
O103230,C10340,P246925,Fashion,82.06,0.0,1,UPI,2025-07-05,6,Central,No,82.06,4.45,24.27,19,Female
O103231,C12817,P211506,Grocery,1.51,0.1,3,Debit Card,2024-03-21,4,South,No,4.08,2.75,-2.42,69,Female
O103232,C16106,P208208,Home,310.35749999999996,0.0,1,COD,2024-04-21,4,South,No,392.75,9.24,83.88,56,Female
O103233,C16904,P227157,Home,126.32,0.0,3,COD,2024-09-27,4,South,No,378.96,7.4,83.88,20,Female
O103234,C17112,P209971,Electronics,310.35749999999996,0.15,1,Credit Card,2024-02-08,5,West,Yes,392.75,9.1,70.93,65,Female
O103235,C12496,P241040,Grocery,13.57,0.0,3,Credit Card,2024-05-06,5,North,No,40.71,5.16,-1.9,68,Female
O103236,C15962,P223183,Grocery,9.71,0.1,1,UPI,2024-04-03,5,East,No,8.74,3.92,-3.22,43,Female
O103237,C14930,P222963,Electronics,310.35749999999996,0.1,1,COD,2025-05-06,6,Central,No,392.75,9.74,41.58,28,Male
O103238,C15299,P235847,Beauty,9.07,0.0,1,PayPal,2025-08-02,5,East,No,9.07,3.73,0.35,39,Male
O103239,C11725,P208127,Toys,4.14,0.05,1,Debit Card,2024-08-04,4,West,No,3.93,0.63,0.94,39,Male
O103240,C17574,P241978,Home,22.49,0.3,1,Wallet,2024-04-19,5,South,No,15.74,4.31,0.1,42,Male
O103241,C11689,P247782,Home,259.03,0.1,1,Credit Card,2023-09-22,5,West,No,233.13,8.6,56.68,43,Male
O103242,C13267,P215646,Home,310.35749999999996,0.0,1,UPI,2023-09-12,3,Central,No,330.67,6.83,83.88,34,Female
O103243,C17633,P225355,Electronics,310.35749999999996,0.05,1,Debit Card,2025-03-31,7,East,No,392.75,8.37,59.73,41,Male
O103244,C14406,P218208,Toys,48.18,0.0,1,Credit Card,2024-09-10,6,East,No,48.18,5.97,13.3,42,Female
O103245,C10261,P222713,Home,310.35749999999996,0.0,1,Debit Card,2024-08-09,3,Central,No,392.75,10.4,83.88,43,Female
O103246,C11442,P232267,Beauty,21.29,0.0,1,Wallet,2023-12-28,3,North,No,21.29,4.78,4.8,52,Male
O103247,C10405,P203864,Fashion,13.22,0.0,1,UPI,2024-09-06,5,East,No,13.22,3.43,1.2,36,Female
O103248,C12190,P210661,Toys,20.41,0.0,3,Credit Card,2024-10-14,4,West,No,61.23,7.13,17.36,55,Female
O103249,C14437,P232559,Toys,10.59,0.0,1,Debit Card,2024-06-13,3,North,No,10.59,3.35,0.89,34,Female
O103250,C15435,P210322,Beauty,13.42,0.1,2,UPI,2024-09-15,3,Central,No,24.16,5.16,5.71,20,Male
O103251,C17268,P206710,Grocery,18.13,0.0,1,COD,2025-03-13,5,North,No,18.13,3.85,-2.4,61,Male
O103252,C10243,P231362,Electronics,80.88,0.0,2,Credit Card,2024-04-28,3,Central,No,161.76,6.33,13.08,63,Male
O103253,C14585,P232380,Toys,2.75,0.15,1,Debit Card,2024-03-31,5,East,No,2.34,0.6,0.34,66,Male
O103254,C14107,P241284,Beauty,32.11,0.05,3,Credit Card,2024-12-17,6,East,No,91.51,6.37,34.81,53,Female
O103255,C17406,P214386,Fashion,19.85,0.15,1,UPI,2024-05-18,3,North,No,16.87,3.89,2.01,67,Female
O103256,C10560,P213338,Electronics,208.26,0.05,4,Credit Card,2024-03-12,4,West,Yes,392.75,11.02,83.88,59,Female
O103257,C14137,P215316,Fashion,23.08,0.0,2,UPI,2025-06-01,4,South,No,46.16,7.35,8.81,34,Male
O103258,C12725,P224463,Toys,20.76,0.0,2,Credit Card,2024-06-07,4,Central,No,41.52,4.97,11.64,55,Female
O103259,C10593,P210203,Toys,5.3,0.1,1,Debit Card,2024-03-05,4,North,No,4.77,0.67,1.24,62,Male
O103260,C15548,P204888,Sports,135.38,0.0,1,Credit Card,2025-04-19,3,Central,No,135.38,7.61,33.0,61,Female
O103261,C11826,P228192,Electronics,310.35749999999996,0.05,1,COD,2024-04-20,6,East,No,392.75,12.42,83.88,58,Female
O103262,C13229,P211325,Grocery,24.81,0.1,1,PayPal,2025-01-01,5,West,No,22.33,4.0,-2.21,46,Male
O103263,C13287,P219088,Fashion,121.8,0.0,1,Credit Card,2025-08-12,7,West,No,121.8,7.22,35.41,26,Female
O103264,C14073,P209386,Beauty,70.76,0.2,2,Credit Card,2024-12-28,7,West,No,113.22,6.16,44.79,37,Female
O103265,C15789,P248413,Toys,11.16,0.0,2,PayPal,2024-05-24,5,Central,No,22.32,5.0,3.93,23,Male
O103266,C17629,P239028,Electronics,310.35749999999996,0.1,2,Credit Card,2023-11-04,5,West,No,392.75,9.42,83.88,26,Female
O103267,C10133,P211267,Sports,77.15,0.0,5,Credit Card,2025-05-24,4,West,No,385.75,10.3,83.88,44,Male
O103268,C13138,P231809,Electronics,152.18,0.2,1,Credit Card,2024-07-12,4,Central,No,121.74,6.94,7.67,20,Male
O103269,C13919,P215419,Electronics,310.35749999999996,0.0,1,Credit Card,2025-07-05,3,North,No,392.75,10.27,49.31,44,Male
O103270,C17174,P225480,Sports,37.52,0.0,1,Debit Card,2024-09-22,4,Central,No,37.52,6.12,5.14,62,Female
O103271,C15043,P245854,Electronics,87.73,0.0,4,PayPal,2023-11-09,7,South,No,350.92,8.66,33.45,62,Female
O103272,C17693,P202904,Home,170.57,0.15,1,PayPal,2023-10-11,5,West,No,144.98,5.94,34.65,24,Male
O103273,C10072,P244260,Fashion,21.67,0.0,1,Credit Card,2024-01-30,6,West,No,21.67,4.26,3.32,68,Female
O103274,C14494,P233891,Home,58.08,0.05,2,Debit Card,2025-06-27,6,South,No,110.35,7.97,22.93,19,Male
O103275,C15524,P213430,Electronics,310.35749999999996,0.0,1,Credit Card,2023-10-03,6,East,No,392.75,11.31,77.75,44,Other
O103276,C17842,P214999,Sports,24.32,0.2,2,Credit Card,2025-09-06,4,Central,No,38.91,7.31,4.36,51,Female
O103277,C16721,P223319,Electronics,310.35749999999996,0.0,1,UPI,2025-04-01,4,Central,No,392.75,9.26,53.19,42,Female
O103278,C17002,P220700,Toys,11.6,0.0,1,Debit Card,2024-05-23,7,East,No,11.6,4.02,0.62,27,Male
O103279,C14225,P227633,Sports,229.78,0.0,1,COD,2023-12-09,4,North,No,229.78,7.24,61.69,22,Female
O103280,C12978,P219108,Home,86.42,0.0,1,PayPal,2024-07-17,4,West,No,86.42,6.33,17.87,62,Male
O103281,C17633,P240889,Toys,12.34,0.0,3,Credit Card,2024-07-15,5,East,No,37.02,6.35,8.46,37,Male
O103282,C17373,P224055,Fashion,32.63,0.0,1,Debit Card,2024-04-14,4,Central,No,32.63,4.61,6.81,56,Male
O103283,C15907,P218642,Fashion,94.4,0.0,1,Wallet,2025-03-18,3,North,No,94.4,6.52,26.52,60,Other
O103284,C16097,P203646,Electronics,53.43,0.0,1,Debit Card,2023-11-26,4,West,No,53.43,4.93,1.48,29,Other
O103285,C17935,P213173,Home,170.67,0.0,5,Credit Card,2025-02-20,4,West,No,392.75,10.02,83.88,56,Male
O103286,C14361,P207025,Grocery,4.02,0.05,3,Debit Card,2024-09-12,4,North,No,11.46,3.82,-2.9,44,Female
O103287,C15656,P212549,Electronics,310.35749999999996,0.05,1,Credit Card,2024-05-27,6,North,No,392.75,10.22,74.7,31,Male
O103288,C11985,P214853,Toys,11.27,0.0,5,Credit Card,2024-02-18,4,South,No,56.35,5.61,16.93,68,Female
O103289,C10792,P241757,Sports,50.7,0.05,2,PayPal,2025-01-10,7,South,No,96.33,5.92,22.98,55,Male
O103290,C16396,P229952,Electronics,310.35749999999996,0.0,1,COD,2025-04-18,5,West,No,392.75,10.66,43.97,62,Female
O103291,C16965,P211326,Grocery,17.88,0.0,5,Credit Card,2024-08-15,5,South,No,89.4,5.69,1.46,45,Male
O103292,C15408,P203463,Grocery,14.22,0.05,1,Credit Card,2024-06-18,4,Central,No,13.51,5.14,-4.06,60,Female
O103293,C14259,P227163,Grocery,6.27,0.1,1,Debit Card,2024-09-11,7,East,No,5.64,1.79,-1.34,18,Male
O103294,C10094,P232600,Home,134.1,0.0,4,UPI,2024-12-16,6,South,No,392.75,8.97,83.88,22,Female
O103295,C15901,P247156,Fashion,7.74,0.15,1,COD,2025-08-19,6,East,No,6.58,3.63,-1.33,25,Female
O103296,C16976,P214075,Home,310.35749999999996,0.05,1,Credit Card,2025-07-16,4,South,No,392.75,8.55,83.88,42,Female
O103297,C11133,P228709,Beauty,17.77,0.1,1,Debit Card,2025-04-11,3,Central,No,15.99,4.94,2.26,44,Male
O103298,C16479,P243315,Home,57.81,0.05,1,Credit Card,2024-02-07,4,South,Yes,54.92,8.27,7.11,69,Male
O103299,C14917,P237709,Sports,203.88,0.15,1,Credit Card,2025-06-26,6,East,No,173.3,7.14,44.85,67,Male
O103300,C10237,P216010,Toys,9.71,0.0,1,Credit Card,2023-11-02,6,West,No,9.71,4.36,-0.48,52,Male
O103301,C16524,P200897,Fashion,293.54,0.3,3,Debit Card,2024-11-11,6,East,No,392.75,10.01,83.88,66,Male
O103302,C17603,P241012,Home,164.46,0.15,1,Credit Card,2024-01-27,6,East,No,139.79,5.48,33.66,60,Male
O103303,C12946,P200605,Grocery,14.81,0.0,2,Credit Card,2024-04-16,5,West,No,29.62,5.29,-2.92,34,Female
O103304,C12530,P236445,Fashion,13.1,0.0,1,Credit Card,2024-10-18,4,South,No,13.1,4.99,-0.41,31,Male
O103305,C11960,P237315,Fashion,51.28,0.0,1,UPI,2025-07-03,4,South,No,51.28,5.25,12.7,25,Male
O103306,C17045,P208652,Electronics,104.78,0.15,4,UPI,2025-07-26,6,West,No,356.25,11.93,30.82,31,Female
O103307,C11048,P249926,Fashion,80.26,0.0,1,PayPal,2024-06-15,5,East,No,80.26,7.48,20.61,28,Other
O103308,C15772,P232229,Home,29.61,0.0,1,UPI,2025-05-31,5,Central,No,29.61,5.57,2.72,61,Male
O103309,C17284,P230530,Electronics,194.45,0.1,1,PayPal,2024-01-20,7,South,No,175.0,8.02,12.98,40,Female
O103310,C12529,P238024,Electronics,260.49,0.0,1,Wallet,2025-02-18,5,South,No,260.49,8.39,22.87,22,Male
O103311,C17559,P249101,Beauty,43.08,0.1,4,Credit Card,2024-06-23,4,West,No,155.09,6.86,62.93,35,Female
O103312,C12964,P220414,Fashion,54.25,0.0,1,PayPal,2024-09-11,7,West,No,54.25,6.71,12.28,34,Male
O103313,C17137,P227903,Electronics,310.35749999999996,0.1,1,Wallet,2023-12-28,4,South,Yes,392.75,7.93,45.84,55,Male
O103314,C10963,P214730,Toys,7.5,0.0,1,Credit Card,2024-08-17,6,West,No,7.5,2.53,0.47,63,Female
O103315,C10536,P237924,Beauty,9.64,0.0,5,Credit Card,2024-05-19,4,West,No,48.2,6.15,15.54,20,Female
O103316,C17246,P238541,Electronics,205.69,0.2,1,Wallet,2025-04-19,4,West,No,164.55,6.94,12.81,23,Female
O103317,C15699,P227898,Toys,2.37,0.0,1,Wallet,2023-11-27,3,North,No,2.37,1.43,-0.48,26,Female
O103318,C17340,P243654,Fashion,92.33,0.05,2,Credit Card,2024-05-12,4,South,No,175.43,9.31,52.09,28,Female
O103319,C16075,P215930,Fashion,27.71,0.1,1,COD,2025-06-13,4,West,No,24.94,4.65,4.08,29,Female
O103320,C17179,P203518,Grocery,1.92,0.05,1,Credit Card,2023-09-21,4,South,No,1.82,0.12,0.03,40,Male
O103321,C17967,P230982,Electronics,310.35749999999996,0.0,1,Debit Card,2025-06-17,6,South,No,392.75,9.26,76.98,54,Female
O103322,C14223,P206775,Toys,69.59,0.1,2,Credit Card,2024-09-30,5,South,No,125.26,7.09,43.01,19,Male
O103323,C13679,P223990,Toys,22.46,0.0,1,Debit Card,2025-02-07,5,South,No,22.46,4.17,4.81,30,Female
O103324,C14187,P205378,Fashion,26.68,0.05,2,COD,2024-04-27,5,West,No,50.69,6.7,11.04,47,Male
O103325,C13724,P246402,Electronics,223.56,0.0,1,Credit Card,2024-08-13,7,East,No,223.56,7.91,18.92,47,Female
O103326,C10542,P239441,Electronics,146.18,0.0,1,UPI,2025-05-11,3,North,Yes,146.18,6.53,11.01,39,Male
O103327,C10845,P206444,Electronics,310.35749999999996,0.0,1,UPI,2024-04-13,4,North,No,392.75,11.97,42.48,32,Female
O103328,C13603,P214176,Grocery,6.8,0.0,1,PayPal,2024-09-23,4,Central,No,6.8,2.49,-1.95,63,Female
O103329,C15777,P225060,Home,14.35,0.15,1,Debit Card,2024-06-18,3,North,Yes,12.2,5.53,-2.11,61,Male
O103330,C13036,P209379,Electronics,65.36,0.0,1,Credit Card,2024-09-23,5,East,No,65.36,5.11,2.73,42,Other
O103331,C15947,P236495,Beauty,26.37,0.0,1,Credit Card,2025-08-13,5,West,No,26.37,4.61,7.26,63,Male
O103332,C12494,P246993,Fashion,21.87,0.0,1,Wallet,2025-06-13,4,North,No,21.87,2.47,5.18,44,Male
O103333,C14485,P227568,Fashion,14.08,0.1,1,Credit Card,2025-04-05,6,North,No,12.67,3.97,0.46,51,Male
O103334,C12719,P222765,Electronics,310.35749999999996,0.0,1,Debit Card,2025-01-06,4,North,No,311.23,10.21,27.14,19,Female
O103335,C11884,P230802,Toys,8.42,0.0,1,Credit Card,2025-07-05,4,South,No,8.42,3.28,0.09,63,Female
O103336,C14138,P223196,Electronics,74.75,0.0,1,UPI,2025-02-22,6,West,No,74.75,6.18,2.79,40,Female
O103337,C14349,P215468,Home,38.33,0.2,3,Credit Card,2023-10-04,4,West,No,91.99,6.16,19.6,55,Female
O103338,C13201,P228849,Electronics,310.35749999999996,0.1,1,PayPal,2025-03-13,5,South,No,392.75,9.62,48.59,57,Female
O103339,C15179,P237113,Beauty,49.81,0.0,1,Credit Card,2023-12-17,5,Central,No,49.81,6.9,15.51,40,Female
O103340,C12710,P208174,Fashion,106.13,0.0,1,Debit Card,2023-11-02,7,West,No,106.13,6.67,30.48,38,Male
O103341,C16610,P245820,Electronics,298.74,0.0,5,Debit Card,2024-02-08,4,West,No,392.75,9.73,83.88,50,Female
O103342,C16430,P219098,Home,310.35749999999996,0.0,1,Credit Card,2025-03-10,5,South,No,392.75,8.55,83.88,58,Female
O103343,C17154,P207046,Beauty,7.03,0.1,1,Credit Card,2024-07-24,6,South,No,6.33,3.93,-1.08,34,Female
O103344,C15636,P204186,Fashion,60.77,0.0,2,UPI,2024-06-18,8,East,No,121.54,6.92,35.62,18,Female
O103345,C17634,P216722,Toys,25.96,0.15,1,Credit Card,2024-11-03,4,North,No,22.07,4.8,4.03,19,Female
O103346,C11953,P242621,Home,17.2,0.05,1,Debit Card,2025-07-12,4,West,No,16.34,3.75,0.83,54,Female
O103347,C16921,P205968,Sports,42.64,0.0,1,Credit Card,2024-09-07,3,Central,No,42.64,5.87,6.92,23,Male
O103348,C16488,P245224,Beauty,75.93,0.0,1,Debit Card,2025-08-10,3,Central,No,75.93,6.81,27.36,40,Female
O103349,C14737,P248266,Toys,29.99,0.0,1,PayPal,2024-04-10,8,East,No,29.99,7.3,4.7,42,Female
O103350,C16525,P240452,Beauty,4.38,0.0,1,Debit Card,2024-12-05,3,North,No,4.38,3.77,-1.8,62,Other
O103351,C13850,P228270,Fashion,43.26,0.0,2,Debit Card,2025-03-30,4,Central,No,86.52,7.95,22.33,47,Male
O103352,C10689,P248311,Toys,22.57,0.0,1,Debit Card,2024-03-14,5,West,No,22.57,4.44,4.59,47,Male
O103353,C15372,P241129,Toys,73.1,0.0,2,Credit Card,2024-07-11,5,South,No,146.2,8.47,50.01,21,Male
O103354,C11950,P239273,Grocery,17.59,0.1,4,Credit Card,2024-05-28,6,West,No,63.32,5.78,-0.71,50,Female
O103355,C15175,P206387,Electronics,310.35749999999996,0.0,1,PayPal,2025-07-15,7,East,No,380.82,7.95,37.75,42,Female
O103356,C15582,P224394,Beauty,61.6,0.0,1,COD,2025-08-06,3,Central,No,61.6,5.52,22.2,49,Male
O103357,C10456,P211291,Home,152.41,0.0,1,UPI,2024-05-09,6,West,No,152.41,8.88,33.79,49,Male
O103358,C15078,P245574,Sports,274.52,0.05,1,Wallet,2024-02-08,4,North,No,260.79,9.63,68.61,28,Female
O103359,C12130,P230093,Grocery,9.94,0.0,1,Credit Card,2024-10-26,5,West,No,9.94,4.09,-3.29,63,Male
O103360,C13976,P202610,Beauty,34.06,0.05,1,Credit Card,2023-10-03,4,West,No,32.36,7.97,6.59,36,Male
O103361,C15218,P235241,Sports,108.24,0.0,1,Debit Card,2024-12-26,3,North,No,108.24,5.95,26.52,32,Female
O103362,C14244,P228337,Fashion,44.54,0.05,3,UPI,2024-08-19,5,West,No,126.94,6.89,37.54,68,Female
O103363,C15448,P235456,Fashion,24.26,0.1,1,Debit Card,2024-10-30,7,South,No,21.83,3.77,3.87,45,Female
O103364,C11179,P204804,Fashion,120.1,0.0,1,Debit Card,2025-01-14,4,North,No,120.1,7.26,34.78,63,Male
O103365,C14285,P234058,Electronics,152.3,0.2,1,Debit Card,2024-11-29,6,East,Yes,121.84,6.52,8.1,48,Male
O103366,C13565,P210227,Fashion,13.54,0.05,3,Debit Card,2024-02-18,5,South,No,38.59,5.56,7.95,32,Female
O103367,C10882,P231334,Electronics,310.35749999999996,0.2,1,Credit Card,2024-07-04,7,Central,No,363.69,8.76,34.88,25,Male
O103368,C16406,P206511,Home,114.13,0.0,1,UPI,2024-04-08,4,West,No,114.13,5.97,25.99,52,Female
O103369,C17247,P240965,Home,50.16,0.2,2,Credit Card,2024-12-11,6,East,Yes,80.26,4.06,18.41,30,Female
O103370,C10399,P241482,Toys,42.17,0.0,1,Credit Card,2024-04-09,5,West,No,42.17,5.4,11.47,22,Male
O103371,C16907,P239440,Home,54.39,0.0,1,COD,2023-12-27,5,North,No,54.39,7.11,8.12,68,Male
O103372,C10608,P219727,Home,18.68,0.1,1,UPI,2024-10-17,7,South,No,16.81,3.32,1.39,33,Female
O103373,C17427,P249217,Fashion,5.76,0.05,3,Debit Card,2025-07-14,4,South,Yes,16.42,4.22,1.53,37,Male
O103374,C15891,P231139,Toys,52.39,0.15,1,Debit Card,2024-01-11,6,East,No,44.53,4.42,13.39,22,Female
O103375,C11638,P219794,Electronics,217.2,0.0,1,Debit Card,2024-02-07,5,West,No,217.2,6.83,19.23,40,Female
O103376,C15671,P202981,Grocery,4.16,0.05,1,PayPal,2024-08-20,3,North,No,3.95,1.86,-1.54,53,Male
O103377,C16928,P212785,Home,120.24,0.2,3,Debit Card,2024-10-11,8,West,No,288.58,7.79,73.01,37,Female
O103378,C12148,P214666,Fashion,37.9,0.15,1,Credit Card,2023-12-08,5,Central,No,32.21,4.46,6.81,27,Male
O103379,C11382,P235583,Fashion,310.35749999999996,0.1,1,Debit Card,2023-10-20,4,North,No,392.0,8.81,83.88,39,Male
O103380,C11403,P205096,Electronics,310.35749999999996,0.15,3,Credit Card,2025-04-08,4,North,No,392.75,12.22,83.88,66,Male
O103381,C10819,P213950,Electronics,152.77,0.1,1,UPI,2024-02-25,5,South,No,137.49,5.78,10.72,22,Male
O103382,C13292,P206673,Fashion,63.82,0.0,1,Wallet,2024-07-10,4,Central,No,63.82,6.3,16.04,65,Female
O103383,C10819,P201742,Beauty,15.0,0.0,1,Credit Card,2025-08-13,3,North,No,15.0,2.69,4.06,69,Female
O103384,C10419,P238488,Electronics,197.3,0.3,3,UPI,2024-10-10,5,East,No,392.75,8.71,41.01,21,Male
O103385,C14219,P236277,Sports,54.98,0.1,1,Debit Card,2023-12-01,5,Central,No,49.48,6.18,8.66,56,Male
O103386,C14517,P245041,Toys,22.05,0.0,1,Wallet,2025-08-21,4,South,No,22.05,4.32,4.5,68,Male
O103387,C13302,P203534,Beauty,21.92,0.1,1,Debit Card,2024-02-25,4,Central,No,19.73,5.58,3.3,20,Female
O103388,C17857,P214685,Fashion,74.16,0.0,3,Credit Card,2024-08-30,5,East,No,222.48,7.48,70.39,56,Male
O103389,C17230,P205136,Electronics,103.96,0.0,1,Debit Card,2024-08-02,5,South,No,103.96,8.29,4.19,18,Male
O103390,C11508,P205585,Electronics,230.09,0.05,1,Credit Card,2025-08-03,5,Central,No,218.59,8.71,17.52,30,Female
O103391,C17795,P227358,Sports,203.56,0.0,3,Credit Card,2025-05-12,5,Central,No,392.75,10.58,83.88,43,Male
O103392,C17870,P208554,Beauty,3.08,0.2,1,COD,2024-02-26,8,North,No,2.46,2.89,-1.78,53,Female
O103393,C15693,P244241,Home,138.61,0.2,1,Debit Card,2025-04-04,5,West,No,110.89,7.87,23.18,27,Female
O103394,C10767,P201634,Electronics,310.35749999999996,0.1,1,COD,2025-01-12,5,South,No,392.75,8.51,50.96,37,Female
O103395,C12044,P216908,Fashion,28.81,0.0,2,Debit Card,2024-12-18,7,South,No,57.62,4.87,15.3,59,Male
O103396,C16626,P221310,Toys,44.3,0.0,2,UPI,2025-05-11,5,West,No,88.6,7.35,28.09,69,Male
O103397,C16662,P215117,Home,185.2,0.05,1,PayPal,2024-06-22,5,West,No,175.94,8.48,40.78,33,Male
O103398,C16298,P201722,Grocery,13.27,0.1,4,Credit Card,2024-01-14,4,North,No,47.77,6.71,-2.89,19,Other
O103399,C12139,P208611,Grocery,3.91,0.0,1,COD,2024-03-17,5,South,No,3.91,3.71,-3.4,23,Female
O103400,C13029,P203864,Toys,23.81,0.05,1,Credit Card,2025-03-20,3,North,No,22.62,3.17,5.88,64,Female
O103401,C11549,P201067,Fashion,93.22,0.05,1,Credit Card,2024-12-26,7,East,Yes,88.56,8.94,22.06,64,Female
O103402,C16598,P225976,Fashion,69.36,0.0,3,PayPal,2024-12-15,4,Central,No,208.08,9.52,63.31,20,Female
O103403,C11764,P239206,Fashion,47.05,0.0,1,Credit Card,2025-05-12,5,West,No,47.05,5.09,11.38,52,Female
O103404,C16140,P207271,Grocery,17.51,0.2,1,Debit Card,2024-10-19,4,South,No,14.01,3.46,-2.34,54,Female
O103405,C12645,P244093,Fashion,190.23,0.0,1,Credit Card,2024-11-16,5,North,No,190.23,7.31,59.27,67,Male
O103406,C13716,P211828,Sports,11.07,0.0,1,PayPal,2024-04-30,5,East,Yes,11.07,6.21,-2.89,29,Male
O103407,C14605,P246900,Grocery,15.36,0.0,1,Debit Card,2023-11-02,3,Central,No,15.36,4.29,-3.06,27,Male
O103408,C15302,P231131,Toys,32.98,0.0,5,Debit Card,2024-06-29,5,West,No,164.9,8.8,57.16,20,Female
O103409,C14481,P220386,Beauty,27.96,0.0,1,PayPal,2023-09-14,4,North,No,27.96,5.7,6.88,22,Male
O103410,C15693,P249781,Electronics,153.66,0.05,1,Debit Card,2024-08-21,5,South,No,145.98,5.77,11.75,41,Female
O103411,C17898,P246210,Electronics,310.35749999999996,0.05,1,Credit Card,2025-06-01,6,East,No,392.75,7.73,62.08,64,Male
O103412,C16548,P201834,Home,310.35749999999996,0.0,1,COD,2024-05-07,5,East,No,331.96,7.84,83.88,44,Female
O103413,C12293,P247894,Grocery,16.15,0.1,4,Debit Card,2025-06-19,6,East,No,58.14,5.52,-0.87,53,Female
O103414,C14837,P202353,Grocery,10.42,0.0,4,Debit Card,2024-12-23,3,Central,No,41.68,4.18,-0.85,44,Female
O103415,C17758,P213878,Electronics,198.27,0.1,1,Wallet,2025-08-22,3,North,No,178.44,7.73,13.68,65,Male
O103416,C12708,P211132,Fashion,24.69,0.15,1,Credit Card,2024-06-21,5,South,No,20.99,4.83,2.52,23,Male
O103417,C16793,P208203,Beauty,34.47,0.0,1,Credit Card,2024-03-25,4,Central,No,34.47,6.51,9.0,43,Female
O103418,C17638,P210322,Home,133.01,0.0,1,UPI,2023-12-28,6,West,No,133.01,7.34,29.9,36,Female
O103419,C17993,P211295,Electronics,105.45,0.0,2,Credit Card,2024-09-20,5,West,No,210.9,8.21,17.1,62,Male
O103420,C16007,P235925,Home,30.03,0.1,1,COD,2025-04-24,3,North,No,27.03,5.54,2.03,23,Female
O103421,C15542,P222247,Grocery,1.97,0.0,1,COD,2024-05-07,4,North,No,1.97,1.48,-1.32,65,Male
O103422,C10900,P242394,Grocery,16.15,0.05,1,Credit Card,2024-11-17,6,West,No,15.34,5.61,-4.38,65,Male
O103423,C16208,P217340,Beauty,12.25,0.0,1,Wallet,2025-05-18,5,East,No,12.25,4.01,1.5,65,Male
O103424,C13084,P220242,Beauty,3.5,0.0,1,PayPal,2023-12-04,4,West,No,3.5,3.4,-1.82,41,Male
O103425,C16356,P222522,Fashion,25.26,0.0,1,Credit Card,2024-07-24,5,West,No,25.26,6.91,1.93,29,Male
O103426,C12009,P244594,Sports,185.47,0.05,1,Wallet,2025-02-05,5,East,No,176.2,7.6,45.26,21,Male
O103427,C10241,P212095,Electronics,142.49,0.2,1,Credit Card,2024-06-11,6,West,No,113.99,8.25,5.43,44,Male
O103428,C16636,P246335,Fashion,54.36,0.15,3,Credit Card,2024-09-20,6,South,No,138.62,7.83,40.69,57,Female
O103429,C17380,P240652,Electronics,238.25,0.2,1,Credit Card,2023-12-31,6,North,No,190.6,6.57,16.3,54,Other
O103430,C17860,P223425,Home,114.81,0.05,1,UPI,2023-11-19,7,East,Yes,109.07,8.01,22.53,63,Female
O103431,C12385,P234723,Toys,19.81,0.0,1,COD,2025-02-28,4,South,No,19.81,3.57,4.35,41,Female
O103432,C16116,P210204,Grocery,8.99,0.0,1,Credit Card,2025-07-30,5,East,No,8.99,4.21,-3.49,42,Female
O103433,C14268,P204991,Sports,15.86,0.05,1,Debit Card,2024-02-22,4,South,No,15.07,3.8,0.72,31,Male
O103434,C10671,P231626,Sports,92.46,0.0,1,Credit Card,2025-06-06,4,South,No,92.46,5.88,21.86,63,Female
O103435,C10163,P236833,Fashion,29.91,0.0,4,Debit Card,2025-02-22,3,Central,No,119.64,6.99,34.88,65,Female
O103436,C10464,P216067,Beauty,8.46,0.0,1,PayPal,2024-03-18,5,North,No,8.46,4.36,-0.55,42,Male
O103437,C13042,P213763,Sports,233.05,0.0,1,Debit Card,2025-06-09,8,East,No,233.05,9.16,60.76,34,Female
O103438,C14592,P244863,Home,185.39,0.0,1,Credit Card,2025-07-21,7,West,No,185.39,7.71,44.2,41,Male
O103439,C14795,P217408,Electronics,158.61,0.0,1,Credit Card,2025-02-19,4,West,No,158.61,5.85,13.18,23,Female
O103440,C12442,P225176,Sports,86.14,0.1,1,COD,2024-02-13,5,East,No,77.53,5.87,17.39,40,Male
O103441,C14798,P235097,Fashion,167.25,0.0,1,PayPal,2025-03-10,4,North,No,167.25,8.03,50.51,45,Male
O103442,C16036,P248641,Electronics,141.54,0.0,1,UPI,2023-09-18,6,East,No,141.54,8.35,8.63,60,Other
O103443,C12355,P235794,Home,310.35749999999996,0.0,1,Debit Card,2025-06-11,6,East,No,392.75,7.65,83.88,33,Male
O103444,C15887,P224231,Electronics,310.35749999999996,0.0,2,Credit Card,2023-09-19,4,Central,No,392.75,9.96,83.88,52,Female
O103445,C14278,P201011,Beauty,22.07,0.0,1,COD,2024-02-23,4,Central,No,22.07,4.51,5.42,31,Female
O103446,C14724,P223427,Sports,310.35749999999996,0.05,2,Debit Card,2023-10-11,4,West,No,392.75,10.35,83.88,62,Male
O103447,C17961,P238392,Fashion,24.96,0.0,1,COD,2025-07-24,4,West,No,24.96,4.78,3.96,64,Female
O103448,C12557,P215229,Grocery,5.29,0.05,1,Credit Card,2024-08-28,6,East,No,5.03,2.09,-1.69,63,Male
O103449,C15827,P213244,Toys,10.16,0.0,2,UPI,2023-10-18,3,North,No,20.32,4.42,3.71,67,Female
O103450,C10545,P216602,Electronics,310.35749999999996,0.0,1,UPI,2025-08-12,6,West,No,392.75,9.75,50.45,46,Male
O103451,C15683,P244548,Sports,50.41,0.0,1,Debit Card,2024-04-05,4,North,No,50.41,6.35,8.77,35,Male
O103452,C14719,P224462,Fashion,10.33,0.0,1,Credit Card,2023-11-02,3,Central,No,10.33,3.64,-0.02,47,Other
O103453,C13835,P225302,Sports,111.65,0.0,1,Debit Card,2025-04-20,5,East,No,111.65,7.42,26.07,43,Male
O103454,C10593,P223536,Toys,6.96,0.0,1,Debit Card,2024-10-29,6,East,No,6.96,2.23,0.55,29,Male
O103455,C14839,P222210,Electronics,51.36,0.0,1,UPI,2023-09-28,4,West,No,51.36,5.94,0.22,54,Female
O103456,C17394,P205585,Sports,31.84,0.0,1,Credit Card,2025-05-06,4,North,No,31.84,7.93,1.62,28,Female
O103457,C15864,P249130,Toys,35.63,0.0,2,COD,2024-09-21,4,North,No,71.26,5.69,22.81,29,Male
O103458,C13804,P246873,Fashion,143.53,0.0,1,Debit Card,2025-04-28,4,North,No,143.53,6.67,43.57,43,Male
O103459,C11459,P217195,Electronics,310.35749999999996,0.0,1,COD,2025-02-01,5,South,No,392.75,9.08,39.22,37,Male
O103460,C16044,P214837,Electronics,170.83,0.0,1,Debit Card,2025-03-26,6,North,No,170.83,7.53,12.97,60,Female
O103461,C13493,P247161,Electronics,236.41,0.0,1,UPI,2025-09-05,8,West,Yes,236.41,7.43,20.94,37,Male
O103462,C12601,P205456,Electronics,120.31,0.0,1,COD,2024-12-18,5,South,No,120.31,6.54,7.9,48,Male
O103463,C16164,P237289,Fashion,109.57,0.2,2,PayPal,2024-11-11,6,East,No,175.31,7.14,54.22,66,Female
O103464,C16697,P209775,Fashion,58.86,0.1,2,Debit Card,2024-04-10,3,Central,No,105.95,6.07,31.01,23,Male
O103465,C12444,P214099,Electronics,78.66,0.0,1,Credit Card,2024-11-11,8,East,No,78.66,5.71,3.73,29,Male
O103466,C12672,P236805,Sports,54.96,0.0,2,PayPal,2024-01-02,7,South,No,109.92,8.18,24.8,39,Male
O103467,C14200,P241842,Grocery,11.17,0.05,1,PayPal,2025-04-11,3,Central,No,10.61,5.67,-4.82,51,Female
O103468,C16335,P246754,Grocery,22.02,0.0,2,COD,2025-07-19,5,South,No,44.04,5.2,-1.68,45,Female
O103469,C10016,P216815,Fashion,129.49,0.0,1,Debit Card,2024-08-10,5,South,Yes,129.49,9.75,35.57,25,Male
O103470,C13191,P212226,Toys,4.8,0.05,1,UPI,2023-12-21,5,East,No,4.56,2.84,-1.02,20,Male
O103471,C10392,P230072,Grocery,24.69,0.1,3,Debit Card,2023-09-27,4,Central,No,66.66,5.96,-0.63,36,Male
O103472,C10424,P209139,Grocery,1.9,0.0,1,Debit Card,2025-08-28,5,Central,No,1.9,2.98,-2.83,51,Female
O103473,C16272,P230060,Grocery,4.62,0.05,1,Debit Card,2025-03-17,5,South,No,4.39,3.96,-3.61,24,Male
O103474,C17297,P244867,Toys,2.42,0.05,1,Debit Card,2025-06-15,4,Central,No,2.3,1.96,-1.04,39,Male
O103475,C10571,P209859,Fashion,8.24,0.05,1,Credit Card,2023-11-01,4,West,No,7.83,3.77,-1.03,64,Female
O103476,C13631,P243942,Electronics,60.71,0.2,2,Debit Card,2024-03-03,4,South,No,97.14,7.9,3.76,66,Female
O103477,C16172,P202539,Home,30.78,0.0,4,Credit Card,2025-09-03,6,West,No,123.12,6.82,27.65,41,Female
O103478,C11120,P243073,Electronics,310.35749999999996,0.0,3,UPI,2025-01-02,4,South,No,392.75,11.36,83.88,35,Male
O103479,C17177,P213199,Grocery,5.4,0.05,1,PayPal,2024-05-08,5,West,No,5.13,4.33,-3.92,36,Female
O103480,C10241,P233158,Fashion,37.12,0.05,1,Credit Card,2025-08-20,8,East,No,35.26,5.51,6.83,58,Male
O103481,C13897,P200082,Grocery,9.79,0.0,1,Credit Card,2024-04-27,4,North,No,9.79,3.49,-2.71,69,Male
O103482,C14095,P241736,Toys,107.26,0.0,1,Credit Card,2025-09-07,3,North,No,107.26,8.49,34.41,35,Female
O103483,C12279,P212281,Home,69.73,0.1,2,Credit Card,2024-10-17,5,East,No,125.51,6.91,28.23,58,Female
O103484,C10788,P215120,Electronics,150.11,0.05,2,PayPal,2025-03-06,3,North,No,285.21,6.77,27.46,36,Male
O103485,C17451,P209946,Fashion,167.42,0.0,3,Debit Card,2025-04-26,8,West,No,392.75,9.78,83.88,52,Female
O103486,C10714,P210891,Sports,98.28,0.0,1,Debit Card,2024-06-01,5,North,No,98.28,5.95,23.53,50,Female
O103487,C14854,P219640,Toys,8.72,0.05,1,Wallet,2024-01-02,7,West,No,8.28,2.36,0.95,67,Female
O103488,C12849,P226111,Grocery,5.46,0.0,1,UPI,2024-10-07,5,North,No,5.46,4.14,-3.7,34,Male
O103489,C10775,P238775,Electronics,79.35,0.1,1,Credit Card,2024-04-20,3,North,No,71.41,6.06,2.51,35,Male
O103490,C14026,P233290,Electronics,310.35749999999996,0.0,1,Credit Card,2023-12-14,4,Central,No,314.51,9.22,28.52,22,Male
O103491,C16869,P230604,Electronics,310.35749999999996,0.0,1,Credit Card,2025-04-09,4,North,Yes,392.75,7.5,48.66,40,Male
O103492,C12247,P234462,Fashion,36.65,0.0,2,Credit Card,2024-04-26,7,East,No,73.3,6.59,19.06,35,Male
O103493,C17088,P218636,Toys,44.44,0.0,1,UPI,2023-10-29,4,North,No,44.44,7.6,10.18,56,Other
O103494,C10078,P204837,Fashion,37.53,0.1,1,Wallet,2025-06-14,6,South,No,33.78,5.26,6.56,47,Female
O103495,C17099,P211801,Beauty,13.42,0.0,1,UPI,2023-09-26,4,West,No,13.42,4.62,1.42,33,Male
O103496,C13926,P223710,Home,48.02,0.0,1,Debit Card,2025-05-10,4,South,No,48.02,6.34,7.11,61,Male
O103497,C10855,P241237,Fashion,18.71,0.05,1,Wallet,2024-11-22,6,East,Yes,17.77,3.04,3.18,26,Male
O103498,C17340,P231621,Beauty,12.32,0.0,1,Credit Card,2024-11-14,5,East,No,12.32,4.9,0.64,28,Male
O103499,C16610,P249299,Home,310.35749999999996,0.2,1,Debit Card,2023-10-30,4,West,No,392.75,7.83,83.88,45,Female
O103500,C16724,P240916,Fashion,27.01,0.0,1,PayPal,2024-06-15,6,South,No,27.01,6.07,3.38,53,Female
O103501,C15535,P213065,Sports,83.12,0.0,2,COD,2025-08-19,4,Central,No,166.24,8.8,41.07,21,Female
O103502,C17083,P245474,Fashion,20.79,0.1,1,COD,2023-09-21,7,East,No,18.71,3.97,2.58,52,Female
O103503,C16592,P228230,Sports,25.24,0.2,1,Credit Card,2025-02-01,4,South,No,20.19,4.59,1.47,66,Female
O103504,C16230,P236388,Grocery,14.67,0.3,1,Wallet,2024-01-01,3,North,No,10.27,3.23,-2.41,48,Female
O103505,C12148,P210631,Sports,87.48,0.0,1,Credit Card,2023-11-11,3,Central,No,87.48,6.86,19.38,53,Male
O103506,C11031,P229828,Home,19.25,0.05,1,Credit Card,2025-04-16,7,East,No,18.29,4.63,0.49,25,Female
O103507,C14940,P209131,Sports,220.8,0.2,1,Wallet,2024-02-27,5,West,No,176.64,9.06,43.93,53,Female
O103508,C13271,P214307,Toys,15.94,0.2,1,COD,2024-01-17,6,East,No,12.75,4.59,0.51,66,Female
O103509,C13576,P203709,Fashion,25.08,0.0,1,Credit Card,2024-05-04,4,Central,No,25.08,6.8,1.98,32,Female
O103510,C14182,P248754,Sports,158.6,0.0,4,Credit Card,2025-03-15,5,South,No,392.75,10.2,83.88,22,Male
O103511,C16186,P246683,Home,25.65,0.1,1,PayPal,2025-04-30,3,North,No,23.08,4.04,2.42,19,Male
O103512,C13456,P220721,Toys,14.63,0.05,1,Wallet,2024-02-24,4,North,No,13.9,4.91,0.65,22,Female
O103513,C17788,P232194,Fashion,44.13,0.05,2,UPI,2025-03-25,4,South,No,83.85,6.62,22.73,53,Male
O103514,C13506,P205094,Grocery,20.65,0.0,1,Credit Card,2024-09-03,6,East,No,20.65,3.89,-2.24,27,Other
O103515,C10407,P209415,Beauty,14.33,0.1,3,UPI,2024-09-03,3,Central,No,38.69,5.69,11.72,27,Male
O103516,C17650,P248846,Fashion,99.93,0.0,1,Credit Card,2023-12-09,7,West,No,99.93,6.19,28.79,58,Female
O103517,C12711,P248244,Home,167.51,0.0,1,Credit Card,2024-12-25,7,East,Yes,167.51,6.84,40.06,34,Male
O103518,C13088,P213530,Fashion,77.49,0.05,2,Wallet,2025-06-23,5,North,No,147.23,7.58,43.95,62,Female
O103519,C11668,P207472,Electronics,310.35749999999996,0.1,1,Credit Card,2024-08-04,5,East,No,392.75,11.14,83.88,51,Female
O103520,C10147,P236131,Electronics,310.35749999999996,0.2,1,Debit Card,2025-07-07,8,East,No,392.75,10.25,52.67,65,Male
O103521,C16420,P219407,Fashion,25.94,0.0,5,Debit Card,2024-10-19,3,North,No,129.7,7.32,38.07,63,Female
O103522,C14327,P218201,Home,146.66,0.0,1,Credit Card,2023-11-21,6,East,No,146.66,7.06,34.0,67,Male
O103523,C13897,P227948,Home,277.23,0.0,3,Credit Card,2025-06-24,3,North,No,392.75,12.74,83.88,52,Female
O103524,C11950,P246908,Electronics,292.03,0.0,2,Debit Card,2024-03-26,5,East,No,392.75,9.47,60.62,30,Male
O103525,C10365,P249835,Beauty,31.13,0.0,2,Credit Card,2024-11-29,5,South,No,62.26,7.46,20.56,46,Male
O103526,C17395,P223115,Electronics,111.44,0.0,5,Debit Card,2025-01-08,4,Central,No,392.75,9.03,57.83,35,Male
O103527,C11674,P227961,Fashion,88.21,0.0,3,Credit Card,2024-10-14,5,South,Yes,264.63,8.2,83.88,42,Female
O103528,C14531,P247083,Electronics,310.35749999999996,0.0,2,UPI,2025-05-20,4,West,No,392.75,10.36,83.88,53,Male
O103529,C14494,P247182,Beauty,56.83,0.0,1,Credit Card,2024-04-20,4,West,No,56.83,4.4,21.17,21,Female
O103530,C15330,P202017,Electronics,310.35749999999996,0.1,1,UPI,2025-02-05,3,North,No,392.75,7.92,40.95,36,Female
O103531,C15510,P204223,Fashion,107.99,0.1,1,Debit Card,2025-03-06,5,North,No,97.19,7.33,26.69,22,Other
O103532,C12546,P234952,Home,33.3,0.05,1,Debit Card,2023-12-09,5,North,No,31.63,6.0,2.86,48,Female
O103533,C16683,P223075,Electronics,310.35749999999996,0.0,1,Debit Card,2025-01-28,5,North,No,392.75,9.15,62.37,34,Female
O103534,C10562,P206531,Home,310.35749999999996,0.0,1,Credit Card,2025-06-17,6,South,No,392.75,10.65,83.88,36,Male
O103535,C13562,P204666,Fashion,88.1,0.0,2,Credit Card,2024-11-27,4,North,No,176.2,6.06,55.61,55,Female
O103536,C12489,P223781,Toys,20.78,0.3,1,Credit Card,2024-10-02,4,Central,No,14.55,3.44,2.38,44,Male
O103537,C15380,P244023,Toys,53.34,0.0,2,UPI,2024-01-14,5,South,No,106.68,4.83,37.84,20,Male
O103538,C10772,P235236,Grocery,2.31,0.0,1,Credit Card,2025-05-01,4,South,No,2.31,1.51,-1.33,53,Male
O103539,C16493,P240059,Beauty,3.42,0.0,1,UPI,2024-03-09,4,West,No,3.42,2.54,-1.0,67,Female
O103540,C12037,P240023,Beauty,85.36,0.1,2,Credit Card,2025-03-31,5,Central,No,153.65,6.35,62.79,29,Male
O103541,C13423,P236688,Grocery,16.13,0.05,2,PayPal,2025-01-24,7,East,No,30.65,4.78,-2.33,45,Male
O103542,C12567,P204236,Home,25.96,0.2,1,Credit Card,2024-07-15,5,East,No,20.77,5.81,0.01,60,Male
O103543,C15439,P201939,Beauty,13.18,0.0,2,COD,2023-10-10,4,South,No,26.36,5.06,6.8,21,Female
O103544,C16281,P236624,Home,191.9,0.2,1,Debit Card,2024-06-18,5,East,Yes,153.52,7.89,35.1,61,Male
O103545,C11573,P232818,Beauty,37.0,0.05,4,Credit Card,2025-01-06,7,South,No,140.6,6.4,56.87,64,Male
O103546,C13694,P215926,Electronics,110.55,0.15,1,Wallet,2025-08-20,7,East,No,93.97,7.91,3.37,25,Male
O103547,C15087,P227552,Toys,14.49,0.1,5,Credit Card,2024-09-06,4,Central,No,65.2,5.46,20.62,26,Female
O103548,C16511,P230100,Grocery,22.68,0.3,1,Wallet,2024-12-20,5,South,No,15.88,6.76,-5.49,54,Male
O103549,C13291,P201360,Electronics,310.35749999999996,0.0,1,Credit Card,2024-03-01,6,East,No,392.75,9.99,83.88,39,Female
O103550,C17504,P239573,Toys,21.16,0.0,1,Debit Card,2025-08-22,6,West,No,21.16,4.94,3.52,54,Female
O103551,C11246,P244696,Fashion,54.98,0.2,3,PayPal,2025-01-15,5,West,No,131.95,6.19,39.99,42,Male
O103552,C13719,P211994,Fashion,36.15,0.0,2,PayPal,2024-08-26,3,Central,No,72.3,7.34,17.96,64,Male
O103553,C13839,P224941,Sports,86.16,0.1,1,UPI,2025-08-04,4,North,No,77.54,8.29,14.97,62,Male
O103554,C10359,P227531,Electronics,83.86,0.15,1,Credit Card,2024-09-05,5,West,No,71.28,5.77,2.78,57,Male
O103555,C15016,P235813,Home,66.64,0.0,1,Credit Card,2024-03-17,6,Central,No,66.64,6.19,12.47,48,Female
O103556,C12376,P211093,Electronics,280.05,0.0,1,Credit Card,2025-02-24,3,North,No,280.05,8.88,24.73,63,Female
O103557,C13009,P233025,Beauty,10.88,0.1,1,Credit Card,2024-08-26,9,East,No,9.79,2.29,2.12,30,Male
O103558,C16606,P211651,Home,68.73,0.05,1,PayPal,2024-03-22,4,North,No,65.29,4.7,13.58,29,Female
O103559,C12993,P232812,Grocery,47.71,0.0,1,Credit Card,2025-01-29,6,West,No,47.71,4.4,-0.58,19,Male
O103560,C10962,P224844,Sports,10.51,0.0,1,Wallet,2025-06-14,6,East,No,10.51,3.67,-0.52,66,Male
O103561,C13632,P217718,Electronics,167.15,0.0,1,UPI,2023-11-07,8,East,No,167.15,6.84,13.22,51,Female
O103562,C11827,P249823,Fashion,48.12,0.0,1,UPI,2023-10-07,5,East,No,48.12,7.67,9.17,30,Other
O103563,C17549,P248122,Grocery,5.31,0.0,1,Credit Card,2024-01-01,5,North,No,5.31,2.54,-2.12,33,Male
O103564,C16979,P213589,Sports,120.96,0.15,1,Credit Card,2025-04-08,3,North,No,102.82,8.31,22.54,46,Male
O103565,C11613,P239768,Beauty,11.71,0.1,1,Credit Card,2025-04-13,4,South,No,10.54,2.84,1.9,64,Female
O103566,C11640,P220022,Beauty,27.91,0.0,1,Credit Card,2024-02-14,6,North,No,27.91,5.68,6.88,38,Male
O103567,C12216,P247248,Home,259.67,0.0,1,Credit Card,2025-05-28,5,South,No,259.67,8.0,64.71,34,Female
O103568,C14312,P238853,Beauty,29.33,0.2,1,Credit Card,2025-03-13,4,Central,No,23.46,4.82,5.74,41,Female
O103569,C10377,P200234,Toys,3.01,0.0,1,UPI,2024-07-19,4,South,Yes,3.01,4.2,-3.0,29,Female
O103570,C14214,P206834,Electronics,310.35749999999996,0.0,1,UPI,2024-04-02,4,West,No,392.75,8.03,59.82,42,Female
O103571,C14285,P215055,Grocery,4.15,0.0,2,Credit Card,2025-06-05,7,East,No,8.3,3.52,-2.86,45,Male
O103572,C16910,P203207,Fashion,54.52,0.0,4,Credit Card,2024-05-18,4,North,No,218.08,7.63,68.7,37,Male
O103573,C10369,P202400,Home,147.0,0.15,1,PayPal,2023-12-18,6,East,No,124.95,7.93,27.06,26,Male
O103574,C15897,P209609,Electronics,310.35749999999996,0.15,1,Debit Card,2023-10-01,5,Central,No,392.75,9.45,49.63,20,Female
O103575,C12196,P221473,Beauty,20.27,0.05,1,Credit Card,2024-06-22,5,South,No,19.26,3.07,5.6,33,Female
O103576,C13747,P245330,Home,72.09,0.2,1,COD,2024-10-10,6,South,No,57.67,5.84,10.31,65,Female
O103577,C10651,P223935,Fashion,40.89,0.0,1,Debit Card,2024-02-15,4,South,No,40.89,4.61,9.7,28,Female
O103578,C15978,P223874,Grocery,11.39,0.0,1,Debit Card,2025-02-14,4,North,No,11.39,4.38,-3.47,38,Female
O103579,C15607,P240508,Home,236.91,0.1,1,PayPal,2024-03-22,5,Central,No,213.22,5.58,54.12,22,Male
O103580,C10769,P225015,Home,40.22,0.1,2,Debit Card,2024-04-10,7,East,No,72.4,5.75,14.52,54,Female
O103581,C12421,P214184,Home,257.04,0.0,1,Credit Card,2025-08-03,6,East,No,257.04,9.31,62.66,56,Male
O103582,C10780,P246806,Electronics,197.95,0.05,1,Credit Card,2023-10-29,4,South,No,188.05,8.62,13.95,56,Female
O103583,C11716,P229543,Home,189.34,0.05,1,COD,2024-06-08,4,Central,No,179.87,7.52,42.84,23,Male
O103584,C16303,P200650,Fashion,25.11,0.0,1,PayPal,2025-08-23,5,West,No,25.11,3.08,5.71,46,Female
O103585,C16494,P232389,Home,172.48,0.0,1,Credit Card,2025-03-12,3,North,No,172.48,6.33,41.96,19,Male
O103586,C13983,P249185,Toys,33.57,0.0,2,Debit Card,2024-06-29,6,West,No,67.14,6.85,20.01,34,Female
O103587,C11311,P227328,Fashion,45.15,0.0,1,Debit Card,2025-04-04,3,North,No,45.15,7.06,8.74,58,Female
O103588,C13359,P219416,Beauty,26.68,0.0,3,Credit Card,2024-06-28,4,West,No,80.04,7.62,28.4,62,Other
O103589,C17035,P213119,Electronics,310.35749999999996,0.05,2,Debit Card,2024-04-13,3,Central,No,392.75,10.67,83.88,28,Male
O103590,C15345,P207644,Fashion,62.33,0.0,1,Wallet,2023-12-02,4,West,No,62.33,6.54,15.28,64,Male
O103591,C10522,P208653,Home,181.14,0.0,2,Debit Card,2025-07-29,6,West,No,362.28,9.91,83.88,22,Male
O103592,C10521,P214416,Electronics,310.35749999999996,0.0,1,UPI,2024-03-22,5,North,No,392.75,9.01,70.89,28,Male
O103593,C14878,P224897,Beauty,9.1,0.2,1,COD,2025-08-28,6,East,No,7.28,3.94,-0.66,47,Female
O103594,C12320,P201874,Fashion,16.89,0.15,1,Credit Card,2024-08-14,4,North,No,14.36,4.92,0.11,59,Female
O103595,C10935,P210429,Grocery,47.47,0.05,2,Debit Card,2024-10-06,4,West,No,90.19,6.64,0.58,63,Female
O103596,C17569,P212213,Beauty,49.7,0.0,3,Credit Card,2025-07-11,4,North,No,149.1,8.38,58.72,68,Female
O103597,C12230,P248987,Fashion,49.04,0.0,1,Wallet,2023-09-22,6,South,No,49.04,6.01,11.15,27,Male
O103598,C14040,P217640,Electronics,52.67,0.0,1,Credit Card,2025-01-09,4,South,No,52.67,4.98,1.34,35,Female
O103599,C15784,P236008,Electronics,310.35749999999996,0.05,1,COD,2024-03-16,6,South,No,392.75,9.85,67.33,62,Female
O103600,C14583,P215802,Electronics,310.35749999999996,0.05,1,Debit Card,2024-08-07,5,North,No,392.75,8.09,49.21,49,Male
O103601,C15946,P216122,Sports,310.35749999999996,0.0,1,Wallet,2023-12-01,4,North,No,317.99,9.65,83.88,41,Female
O103602,C14941,P221653,Toys,2.26,0.0,1,Debit Card,2025-05-16,4,North,No,2.26,2.55,-1.65,65,Female
O103603,C16267,P243671,Electronics,59.41,0.0,1,UPI,2025-01-29,3,North,No,59.41,5.94,1.19,52,Male
O103604,C17128,P224101,Home,105.94,0.0,1,Debit Card,2024-09-18,4,North,No,105.94,6.9,22.76,19,Other
O103605,C13697,P201409,Fashion,100.3,0.0,1,Credit Card,2024-07-25,4,South,No,100.3,6.05,29.05,56,Male
O103606,C12837,P243388,Sports,310.35749999999996,0.0,1,Wallet,2025-04-24,4,Central,No,392.75,9.04,83.88,30,Male
O103607,C14083,P234600,Fashion,23.96,0.05,1,UPI,2023-10-21,6,East,No,22.76,4.29,3.68,62,Male
O103608,C12461,P218408,Grocery,1.49,0.15,1,Credit Card,2024-10-06,5,South,No,1.27,1.06,-0.96,46,Male
O103609,C16099,P205736,Sports,31.39,0.0,1,Credit Card,2024-08-10,5,East,No,31.39,5.34,4.08,26,Female
O103610,C15844,P204993,Grocery,28.59,0.0,1,Credit Card,2024-02-14,6,South,No,28.59,5.63,-3.34,50,Other
O103611,C13243,P243871,Fashion,35.89,0.0,1,Credit Card,2024-08-20,6,East,No,35.89,5.92,6.64,36,Male
O103612,C13359,P247165,Beauty,50.03,0.0,2,Debit Card,2023-10-07,6,East,No,100.06,7.76,37.27,59,Female
O103613,C17602,P231247,Sports,67.7,0.15,1,Credit Card,2025-04-25,3,North,No,57.54,6.57,10.69,60,Female
O103614,C10685,P228821,Sports,15.4,0.1,4,Credit Card,2024-12-13,3,Central,No,55.44,6.28,10.35,66,Male
O103615,C12160,P203213,Electronics,310.35749999999996,0.15,1,UPI,2025-02-28,4,South,No,308.04,8.0,28.96,18,Male
O103616,C17031,P243123,Grocery,8.53,0.0,2,Debit Card,2024-07-26,4,West,No,17.06,4.49,-3.13,34,Male
O103617,C13988,P229495,Grocery,9.9,0.0,1,COD,2024-11-14,5,North,No,9.9,4.99,-4.2,42,Male
O103618,C14066,P206208,Electronics,310.35749999999996,0.0,1,Debit Card,2025-05-22,5,East,No,392.75,10.52,83.88,27,Male
O103619,C16265,P209644,Beauty,17.96,0.0,2,Debit Card,2025-07-06,6,North,No,35.92,5.31,10.85,65,Male
O103620,C11567,P206453,Fashion,83.28,0.05,1,Credit Card,2025-07-20,5,North,No,79.12,6.39,21.3,42,Male
O103621,C15341,P211093,Toys,3.19,0.0,1,COD,2025-02-19,4,South,No,3.19,2.2,-0.92,30,Male
O103622,C17798,P246509,Sports,74.12,0.0,1,Wallet,2024-11-09,5,West,No,74.12,5.86,16.38,22,Other
O103623,C10038,P211263,Fashion,48.44,0.05,1,Debit Card,2024-05-19,4,North,No,46.02,7.1,9.01,59,Male
O103624,C12544,P200305,Electronics,89.06,0.0,1,Credit Card,2023-12-17,8,East,Yes,89.06,7.88,2.81,57,Female
O103625,C14875,P234152,Fashion,22.69,0.1,1,Credit Card,2025-05-23,4,West,No,20.42,4.77,2.38,37,Female
O103626,C11256,P232021,Electronics,310.35749999999996,0.0,1,Credit Card,2025-08-18,4,South,No,392.75,8.31,50.16,32,Female
O103627,C12990,P217958,Electronics,116.05,0.1,1,Credit Card,2024-11-01,5,West,No,104.44,9.47,3.06,40,Male
O103628,C17697,P200872,Beauty,6.37,0.05,1,Credit Card,2025-09-08,4,North,No,6.05,3.08,-0.36,51,Female
O103629,C12196,P241128,Sports,44.97,0.15,1,UPI,2023-11-29,6,East,No,38.22,4.51,6.96,44,Male
O103630,C13468,P221962,Home,267.9,0.1,2,COD,2025-02-23,4,South,No,392.75,7.72,83.88,57,Male
O103631,C17165,P242563,Beauty,38.27,0.0,1,COD,2024-02-18,4,Central,No,38.27,5.77,11.45,46,Other
O103632,C12708,P217414,Electronics,310.35749999999996,0.05,1,Credit Card,2023-11-27,4,Central,No,392.75,8.55,52.71,50,Male
O103633,C17805,P209926,Fashion,24.14,0.05,1,Debit Card,2025-08-16,5,South,No,22.93,4.39,3.64,63,Male
O103634,C16023,P248259,Sports,20.24,0.05,1,UPI,2024-01-01,4,North,No,19.23,3.85,1.92,32,Female
O103635,C10301,P239673,Home,14.28,0.3,1,PayPal,2024-07-25,4,North,No,10.0,4.5,-1.7,47,Female
O103636,C17527,P237210,Fashion,48.38,0.0,5,Credit Card,2023-11-13,5,South,Yes,241.9,10.02,74.64,36,Male
O103637,C16381,P215290,Fashion,64.57,0.05,1,Credit Card,2025-05-30,7,East,No,61.34,7.22,14.25,67,Female
O103638,C10646,P203667,Beauty,14.63,0.05,1,Debit Card,2024-02-21,5,West,No,13.9,3.42,2.84,67,Female
O103639,C14758,P217660,Toys,16.8,0.0,1,Credit Card,2024-01-03,5,East,No,16.8,4.42,2.3,36,Female
O103640,C16379,P206553,Home,53.07,0.05,1,PayPal,2025-04-06,5,Central,No,50.42,6.29,7.83,59,Male
O103641,C11759,P216926,Electronics,197.24,0.0,1,Credit Card,2024-07-14,5,West,No,197.24,8.02,15.65,62,Male
O103642,C16346,P204808,Toys,27.74,0.1,3,COD,2025-08-26,4,West,No,74.9,5.95,24.01,22,Female
O103643,C14351,P228612,Electronics,310.35749999999996,0.1,1,COD,2024-04-15,3,North,No,392.75,8.43,41.43,47,Male
O103644,C10597,P240499,Home,13.75,0.0,1,Debit Card,2023-12-15,3,North,No,13.75,3.95,-0.1,54,Female
O103645,C10661,P228015,Fashion,146.92,0.1,1,COD,2024-04-24,6,East,No,132.23,7.31,38.97,44,Female
O103646,C14330,P233351,Grocery,5.13,0.15,1,Debit Card,2025-01-18,4,North,No,4.36,4.86,-4.51,19,Male
O103647,C11368,P249662,Sports,244.18,0.05,1,Credit Card,2025-06-07,5,East,No,231.97,8.75,60.84,46,Male
O103648,C12581,P209138,Beauty,20.57,0.15,3,Credit Card,2024-07-07,4,South,No,52.45,6.13,17.47,28,Male
O103649,C17003,P240463,Sports,78.0,0.0,1,Credit Card,2025-09-05,4,Central,No,78.0,6.32,17.08,54,Female
O103650,C13868,P236241,Beauty,17.67,0.15,1,Wallet,2024-07-18,5,South,No,15.02,2.97,3.79,56,Male
O103651,C17948,P201198,Electronics,310.35749999999996,0.2,4,PayPal,2025-07-22,6,South,No,392.75,12.900000000000002,83.88,48,Male
O103652,C13537,P227447,Sports,32.94,0.0,1,Credit Card,2025-01-09,4,West,No,32.94,4.53,5.35,62,Male
O103653,C14865,P236763,Home,134.54,0.0,2,COD,2025-02-05,5,West,No,269.08,7.09,68.25,32,Female
O103654,C16684,P212113,Beauty,12.37,0.05,1,Credit Card,2024-01-02,4,South,No,11.75,1.43,3.86,23,Female
O103655,C14308,P228749,Electronics,310.35749999999996,0.0,2,COD,2023-11-06,8,East,Yes,392.75,10.77,83.88,65,Male
O103656,C14558,P237303,Electronics,110.3,0.3,1,Credit Card,2025-05-30,3,Central,No,77.21,7.82,1.45,46,Male
O103657,C16579,P238639,Beauty,30.63,0.0,1,Credit Card,2025-04-17,4,Central,No,30.63,3.78,10.0,37,Female
O103658,C10282,P219687,Home,82.12,0.0,4,COD,2023-11-24,5,South,No,328.48,9.13,82.84,29,Male
O103659,C17729,P202447,Fashion,58.22,0.1,1,Debit Card,2024-11-14,5,East,No,52.4,5.92,12.42,53,Other
O103660,C13678,P209408,Fashion,13.43,0.0,1,Credit Card,2025-03-17,4,South,No,13.43,3.5,1.2,58,Male
O103661,C11486,P239612,Beauty,15.26,0.2,1,Debit Card,2025-05-10,7,South,No,12.21,5.16,0.33,29,Male
O103662,C14082,P217674,Electronics,86.88,0.05,1,UPI,2024-09-13,5,North,No,82.54,5.57,4.33,62,Male
O103663,C15526,P212413,Home,310.35749999999996,0.0,3,UPI,2024-02-24,6,North,No,392.75,11.38,83.88,34,Female
O103664,C14183,P247937,Beauty,8.9,0.1,4,Debit Card,2024-09-20,6,Central,No,32.04,4.23,10.19,29,Male
O103665,C15163,P207549,Fashion,250.57,0.05,1,PayPal,2024-12-23,5,East,No,238.04,9.79,73.52,61,Male
O103666,C10460,P223071,Toys,12.66,0.0,3,UPI,2023-09-24,5,East,No,37.98,4.73,10.46,53,Other
O103667,C12325,P208693,Electronics,74.13,0.0,5,Credit Card,2024-11-28,4,North,No,370.65,9.93,34.55,32,Male
O103668,C13754,P243831,Toys,2.35,0.1,1,Debit Card,2025-07-03,6,West,No,2.12,1.44,-0.59,69,Other
O103669,C12468,P216770,Sports,99.85,0.15,1,Debit Card,2024-11-26,7,West,No,84.87,6.36,19.1,44,Female
O103670,C11724,P241371,Home,135.58,0.3,4,Wallet,2025-03-04,5,East,No,379.62,9.06,83.88,55,Female
O103671,C11376,P202006,Grocery,10.8,0.0,3,Credit Card,2025-09-01,7,East,No,32.4,3.56,-0.97,52,Female
O103672,C12743,P205213,Sports,16.76,0.05,1,Credit Card,2024-04-08,5,South,No,15.92,1.83,2.95,35,Female
O103673,C10514,P236636,Grocery,6.3,0.3,1,Credit Card,2025-02-26,6,South,No,4.41,2.8,-2.45,64,Male
O103674,C10702,P209530,Home,68.57,0.0,1,Credit Card,2025-01-06,4,Central,No,68.57,7.42,11.78,23,Male
O103675,C11653,P247128,Home,170.65,0.1,1,Debit Card,2024-12-20,4,South,No,153.58,9.17,33.83,30,Male
O103676,C12066,P206637,Beauty,16.3,0.2,1,UPI,2024-02-12,6,East,No,13.04,4.81,1.06,44,Male
O103677,C10022,P249504,Electronics,310.35749999999996,0.0,1,Debit Card,2023-11-16,3,Central,No,326.54,8.51,30.67,31,Male
O103678,C12460,P204964,Grocery,5.44,0.05,1,COD,2024-12-19,4,Central,No,5.17,2.52,-2.11,24,Female
O103679,C15149,P234070,Sports,137.3,0.05,1,Credit Card,2025-07-19,7,East,No,130.44,7.17,31.96,56,Male
O103680,C15926,P207749,Beauty,4.17,0.0,1,Debit Card,2024-06-23,7,East,No,4.17,1.23,0.65,58,Male
O103681,C16251,P200846,Grocery,59.8,0.3,1,COD,2024-04-03,5,West,No,41.86,6.59,-3.24,62,Male
O103682,C17534,P213390,Grocery,14.51,0.15,1,COD,2025-05-29,4,South,No,12.33,4.1,-3.11,44,Female
O103683,C11304,P213735,Electronics,102.38,0.3,3,Debit Card,2024-11-06,5,West,No,215.0,9.1,16.7,22,Female
O103684,C17295,P223905,Sports,134.3,0.05,2,Wallet,2025-02-14,4,West,No,255.17,6.97,69.58,58,Female
O103685,C13300,P214876,Beauty,40.84,0.0,1,Credit Card,2024-10-23,4,North,No,40.84,4.3,14.08,33,Female
O103686,C15230,P213967,Home,214.61,0.0,1,COD,2024-04-22,4,South,Yes,214.61,8.44,51.65,50,Male
O103687,C16279,P218262,Grocery,5.16,0.1,2,COD,2024-11-29,3,Central,No,9.29,3.48,-2.74,27,Female
O103688,C10361,P236873,Toys,64.65,0.0,1,Debit Card,2024-02-25,6,East,No,64.65,7.26,18.6,24,Male
O103689,C17353,P220014,Sports,11.76,0.0,2,UPI,2024-11-29,4,North,No,23.52,5.26,1.8,65,Male
O103690,C13727,P224054,Home,72.91,0.15,1,UPI,2024-04-25,7,East,No,61.97,5.59,11.76,62,Male
O103691,C17751,P229955,Sports,20.82,0.0,1,Credit Card,2024-12-09,7,East,No,20.82,4.35,1.9,33,Male
O103692,C16272,P223051,Beauty,14.9,0.0,3,Debit Card,2024-08-15,5,West,No,44.7,6.08,14.04,69,Female
O103693,C15995,P228385,Fashion,7.9,0.05,3,Debit Card,2024-10-17,8,East,No,22.52,3.97,3.91,25,Female
O103694,C11284,P235587,Home,146.35,0.05,2,PayPal,2023-09-13,4,South,No,278.06,8.67,69.19,53,Female
O103695,C10514,P227483,Fashion,8.17,0.0,1,COD,2024-03-21,5,East,No,8.17,2.54,0.32,42,Male
O103696,C10448,P227653,Home,135.97,0.0,2,Debit Card,2023-10-06,6,East,No,271.94,9.55,66.59,56,Female
O103697,C16019,P240845,Sports,36.22,0.0,1,Debit Card,2025-03-24,6,East,No,36.22,6.36,4.51,38,Male
O103698,C17271,P244790,Electronics,114.16,0.0,2,UPI,2023-11-14,5,Central,No,228.32,11.02,16.38,38,Male
O103699,C15602,P242018,Toys,10.38,0.0,4,Credit Card,2025-02-23,3,North,No,41.52,6.1,10.51,58,Female
O103700,C15343,P230894,Electronics,310.35749999999996,0.2,1,Debit Card,2025-05-28,5,East,No,306.33,7.52,29.24,32,Female
O103701,C11855,P229842,Home,123.66,0.3,1,Credit Card,2024-05-18,4,West,No,86.56,5.53,18.71,46,Female
O103702,C14969,P219648,Beauty,30.95,0.0,1,UPI,2024-03-18,5,West,No,30.95,4.29,9.64,61,Other
O103703,C13562,P231756,Toys,51.42,0.15,1,Credit Card,2025-04-06,3,North,No,43.71,6.21,11.27,31,Female
O103704,C12520,P222407,Toys,6.47,0.0,1,UPI,2024-01-31,5,East,No,6.47,3.15,-0.56,46,Male
O103705,C13081,P244561,Home,80.22,0.0,2,COD,2023-11-23,5,West,No,160.44,7.39,37.53,48,Female
O103706,C11428,P217058,Electronics,150.43,0.0,1,Credit Card,2024-04-22,3,North,No,150.43,6.67,11.38,34,Male
O103707,C13967,P210070,Sports,96.8,0.15,1,COD,2025-07-04,4,West,No,82.28,5.91,18.77,27,Male
O103708,C16445,P239025,Home,53.88,0.0,5,PayPal,2024-12-06,6,West,No,269.4,8.56,66.87,51,Female
O103709,C16374,P233779,Fashion,45.14,0.0,1,Debit Card,2024-03-24,3,North,No,45.14,5.32,10.48,65,Male
O103710,C15850,P216616,Fashion,90.18,0.2,2,Debit Card,2023-12-11,3,Central,No,144.29,8.95,41.55,46,Female
O103711,C10922,P230373,Electronics,310.2,0.2,1,Debit Card,2024-09-04,5,East,No,248.16,8.26,21.52,62,Female
O103712,C13137,P234941,Fashion,94.53,0.0,1,UPI,2025-01-19,5,South,Yes,94.53,6.22,26.87,61,Male
O103713,C17080,P236152,Home,134.44,0.0,1,Credit Card,2023-12-24,4,West,No,134.44,6.52,31.12,58,Male
O103714,C12159,P200797,Home,278.93,0.0,2,Debit Card,2024-12-04,3,Central,No,392.75,8.49,83.88,53,Female
O103715,C15132,P239889,Beauty,68.3,0.0,1,COD,2024-07-10,7,South,No,68.3,5.2,25.54,25,Female
O103716,C15512,P213594,Home,103.34,0.0,1,Credit Card,2024-10-13,5,North,No,103.34,4.89,24.05,59,Male
O103717,C12547,P247754,Grocery,21.59,0.1,5,Debit Card,2024-10-23,5,North,No,97.16,8.51,-0.74,46,Male
O103718,C12979,P207690,Home,93.3,0.0,1,PayPal,2024-12-30,4,West,No,93.3,6.2,19.92,67,Male
O103719,C16741,P212669,Home,170.82,0.0,1,Credit Card,2024-08-03,5,West,No,170.82,7.61,40.22,32,Female
O103720,C12281,P218973,Electronics,62.42,0.15,1,UPI,2024-04-21,5,South,No,53.06,5.39,0.98,18,Male
O103721,C12649,P221085,Beauty,86.51,0.05,1,PayPal,2024-06-13,5,East,No,82.18,5.65,31.33,62,Female
O103722,C10313,P228787,Beauty,58.06,0.2,1,UPI,2023-11-15,4,North,No,46.45,5.02,15.88,27,Female
O103723,C12613,P225084,Beauty,57.82,0.0,3,UPI,2024-02-07,5,North,No,173.46,6.12,71.94,36,Female
O103724,C13083,P224051,Grocery,5.35,0.15,3,PayPal,2025-03-07,3,Central,No,13.64,2.75,-1.66,37,Female
O103725,C12256,P211554,Toys,8.55,0.15,1,UPI,2024-02-06,5,Central,No,7.27,3.2,-0.29,40,Female
O103726,C16093,P237639,Toys,12.13,0.15,1,Wallet,2025-05-23,5,North,No,10.31,4.55,-0.43,28,Male
O103727,C11037,P213354,Electronics,310.35749999999996,0.1,1,Credit Card,2025-07-16,6,East,No,392.75,8.51,71.37,36,Female
O103728,C15752,P205289,Fashion,101.19,0.1,1,PayPal,2023-11-09,4,North,No,91.07,5.64,26.23,46,Male
O103729,C13489,P224744,Fashion,21.8,0.1,1,Credit Card,2025-06-06,6,South,No,19.62,4.68,2.19,55,Female
O103730,C17604,P217945,Sports,86.74,0.15,1,COD,2025-02-19,7,East,No,73.73,7.08,15.04,35,Other
O103731,C17544,P224243,Home,94.88,0.0,1,COD,2024-04-18,4,South,Yes,94.88,6.7,19.87,40,Female
O103732,C17187,P248599,Toys,22.68,0.0,3,Credit Card,2025-05-07,3,Central,No,68.04,7.99,19.23,34,Other
O103733,C12634,P239054,Home,41.69,0.0,2,Credit Card,2024-07-15,5,East,No,83.38,6.67,16.68,43,Female
O103734,C13983,P224227,Fashion,9.37,0.0,1,Credit Card,2024-07-07,5,West,No,9.37,3.18,0.1,65,Female
O103735,C11778,P227748,Fashion,6.36,0.15,1,Debit Card,2024-01-18,3,Central,No,5.41,3.05,-1.16,56,Male
O103736,C17902,P216958,Fashion,28.62,0.3,1,PayPal,2024-02-06,4,North,No,20.03,4.53,2.48,43,Female
O103737,C15110,P246684,Fashion,149.07,0.0,1,Debit Card,2023-11-19,5,Central,No,149.07,10.11,42.06,23,Male
O103738,C15189,P209934,Fashion,61.77,0.0,1,UPI,2025-08-13,4,South,No,61.77,7.62,14.0,67,Male
O103739,C13895,P245530,Electronics,310.35749999999996,0.0,5,Debit Card,2024-12-10,6,South,Yes,392.75,11.29,83.88,30,Male
O103740,C17378,P210550,Sports,295.5,0.05,1,Credit Card,2025-05-08,3,Central,No,280.72,10.54,73.68,54,Male
O103741,C11124,P204024,Home,82.19,0.0,2,Credit Card,2025-05-28,6,Central,No,164.38,8.4,37.63,54,Female
O103742,C10697,P231772,Electronics,259.02,0.05,1,PayPal,2025-04-28,6,East,No,246.07,9.99,19.54,27,Other
O103743,C12179,P208722,Home,68.67,0.0,1,Credit Card,2024-11-21,3,North,No,68.67,5.48,13.75,53,Male
O103744,C17790,P202120,Grocery,3.63,0.0,1,UPI,2024-08-15,3,Central,No,3.63,2.34,-2.05,19,Female
O103745,C11404,P230089,Home,201.46,0.0,1,COD,2024-11-06,3,Central,No,201.46,7.9,48.51,18,Female
O103746,C15251,P221348,Grocery,32.23,0.0,3,Debit Card,2024-06-05,3,North,No,96.69,6.88,0.86,29,Female
O103747,C11043,P205877,Beauty,44.19,0.1,2,Debit Card,2025-07-13,4,South,No,79.54,6.22,29.57,51,Male
O103748,C11929,P243488,Grocery,1.64,0.0,5,COD,2025-06-17,5,West,No,8.2,4.12,-3.46,46,Male
O103749,C16679,P218904,Fashion,22.48,0.05,1,Debit Card,2024-06-19,3,North,No,21.36,6.1,1.38,62,Female
O103750,C11013,P220792,Fashion,49.09,0.0,1,Credit Card,2024-10-15,5,West,No,49.09,5.6,11.58,26,Female
O103751,C10226,P226037,Sports,48.97,0.0,1,Credit Card,2025-08-08,4,South,No,48.97,6.91,7.78,35,Female
O103752,C17321,P217335,Grocery,3.14,0.0,1,Credit Card,2024-04-16,4,North,No,3.14,2.7,-2.45,55,Female
O103753,C11828,P214659,Toys,17.2,0.15,1,Credit Card,2024-04-10,4,Central,No,14.62,4.68,1.17,67,Female
O103754,C17909,P229684,Beauty,21.06,0.0,1,Debit Card,2024-11-09,3,Central,No,21.06,4.12,5.36,28,Female
O103755,C15588,P200964,Electronics,310.35749999999996,0.0,1,COD,2024-10-13,4,North,No,392.75,8.54,45.72,20,Female
O103756,C14917,P234902,Home,310.35749999999996,0.05,1,PayPal,2023-10-10,7,East,No,392.75,9.18,83.88,24,Male
O103757,C12023,P235012,Electronics,310.35749999999996,0.05,1,UPI,2024-02-10,3,Central,Yes,370.08,11.12,33.29,47,Male
O103758,C14966,P235571,Fashion,23.74,0.05,2,COD,2025-08-23,4,West,No,45.11,7.96,7.83,68,Female
O103759,C12452,P203911,Fashion,159.0,0.0,2,Debit Card,2024-09-04,3,North,No,318.0,8.63,83.88,52,Female
O103760,C16345,P211216,Home,121.52,0.15,1,UPI,2024-08-18,5,South,No,103.29,6.27,22.65,30,Female
O103761,C12085,P201408,Toys,22.41,0.2,1,Debit Card,2025-03-25,4,South,No,17.93,5.87,1.3,54,Male
O103762,C17085,P221621,Electronics,193.81,0.1,1,Credit Card,2024-05-03,4,West,No,174.43,7.57,13.36,61,Female
O103763,C15891,P220977,Fashion,34.56,0.0,1,Wallet,2025-08-18,3,Central,No,34.56,5.11,6.99,23,Female
O103764,C14283,P213195,Fashion,31.67,0.1,1,Wallet,2024-06-04,6,East,No,28.5,4.2,5.78,40,Female
O103765,C11080,P243938,Fashion,140.32,0.0,1,Wallet,2024-05-13,3,North,No,140.32,9.26,39.85,38,Male
O103766,C15036,P240431,Home,228.38,0.0,1,Credit Card,2025-08-09,3,Central,Yes,228.38,7.58,56.37,57,Female
O103767,C17187,P242577,Fashion,9.67,0.0,1,Debit Card,2024-01-06,4,Central,No,9.67,3.08,0.3,61,Female
O103768,C12320,P207113,Grocery,5.96,0.0,1,Debit Card,2025-02-13,7,East,No,5.96,5.91,-5.43,40,Female
O103769,C13190,P240910,Home,17.54,0.1,1,Debit Card,2024-08-13,3,North,No,15.79,3.11,1.31,59,Male
O103770,C12630,P222761,Electronics,286.35,0.1,1,Credit Card,2025-07-18,5,West,No,257.72,9.71,21.22,29,Male
O103771,C12563,P224992,Home,53.15,0.0,1,Credit Card,2024-09-19,5,East,No,53.15,5.66,9.22,40,Male
O103772,C13292,P213778,Fashion,8.75,0.05,1,Debit Card,2025-04-22,4,North,No,8.31,1.24,1.67,47,Male
O103773,C14621,P221985,Fashion,77.69,0.0,2,UPI,2024-10-04,3,Central,No,155.38,7.71,46.67,40,Male
O103774,C13586,P204367,Fashion,9.7,0.0,1,Debit Card,2023-09-17,4,Central,Yes,9.7,3.56,-0.17,41,Female
O103775,C17895,P245447,Electronics,152.98,0.05,5,Debit Card,2025-06-15,4,West,No,392.75,9.68,77.52,66,Female
O103776,C17908,P210786,Sports,155.22,0.0,1,Wallet,2024-03-13,3,Central,No,155.22,8.09,38.48,27,Male
O103777,C14431,P245780,Toys,16.09,0.0,1,COD,2024-04-08,6,South,No,16.09,4.89,1.55,31,Female
O103778,C16841,P242706,Home,233.69,0.0,1,Credit Card,2024-07-01,8,East,No,233.69,8.5,56.93,47,Female
O103779,C15174,P244461,Sports,62.63,0.0,1,Wallet,2024-07-17,4,Central,No,62.63,6.83,11.96,28,Female
O103780,C16643,P230908,Home,232.08,0.0,1,Debit Card,2024-10-11,4,West,No,232.08,8.8,56.18,64,Male
O103781,C12947,P211051,Electronics,301.08,0.0,2,Debit Card,2025-07-14,4,Central,No,392.75,8.9,63.36,33,Female
O103782,C13959,P236746,Home,22.12,0.0,1,Debit Card,2024-04-06,5,East,No,22.12,5.16,1.03,67,Female
O103783,C12813,P215611,Beauty,18.62,0.0,4,Debit Card,2025-08-13,6,West,No,74.48,5.88,27.64,49,Male
O103784,C12583,P204490,Electronics,310.35749999999996,0.2,1,Credit Card,2025-02-08,5,West,No,249.66,9.2,20.76,68,Male
O103785,C10161,P231313,Sports,103.12,0.15,2,COD,2023-09-20,4,Central,No,175.3,6.33,46.26,43,Female
O103786,C17837,P206377,Sports,268.56,0.0,1,Credit Card,2025-08-11,6,West,No,268.56,8.64,71.93,28,Male
O103787,C10593,P209903,Toys,5.99,0.2,1,Debit Card,2024-05-27,4,North,No,4.79,1.38,0.54,50,Female
O103788,C16034,P214567,Electronics,310.35749999999996,0.0,1,Debit Card,2025-05-15,6,East,No,352.73,7.66,34.67,42,Male
O103789,C16302,P222885,Electronics,310.35749999999996,0.0,3,Credit Card,2025-02-27,8,East,No,392.75,11.59,83.88,38,Male
O103790,C13259,P228222,Electronics,310.35749999999996,0.0,1,Credit Card,2025-01-01,5,West,No,392.75,11.71,80.36,30,Male
O103791,C14155,P248556,Grocery,10.81,0.0,3,Credit Card,2023-11-21,4,Central,No,32.43,4.11,-1.52,38,Female
O103792,C12962,P226606,Toys,6.73,0.05,1,Debit Card,2023-12-13,8,East,No,6.39,2.42,0.14,31,Female
O103793,C13888,P217440,Toys,35.47,0.05,4,COD,2025-06-13,4,West,No,134.79,6.6,47.32,34,Female
O103794,C13390,P202260,Home,310.35749999999996,0.2,1,Credit Card,2025-04-29,6,South,No,255.99,8.55,63.13,39,Male
O103795,C15997,P230267,Beauty,5.76,0.1,2,Credit Card,2025-08-17,7,East,No,10.37,4.53,0.14,35,Female
O103796,C16354,P227002,Fashion,17.83,0.0,1,Credit Card,2024-04-29,7,West,No,17.83,4.34,1.9,68,Male
O103797,C14501,P216833,Toys,42.35,0.0,1,Credit Card,2023-10-26,5,South,No,42.35,6.84,10.1,57,Male
O103798,C10663,P249720,Toys,15.03,0.0,1,Debit Card,2023-11-27,5,South,No,15.03,5.69,0.32,37,Female
O103799,C11132,P203498,Home,34.39,0.0,2,Credit Card,2024-05-28,4,North,No,68.78,5.54,13.72,25,Male
O103800,C15195,P246729,Fashion,55.96,0.0,3,COD,2024-03-15,4,Central,No,167.88,7.64,51.12,54,Female
O103801,C10541,P210518,Sports,70.28,0.1,1,Credit Card,2025-07-30,3,North,Yes,63.25,6.11,12.86,51,Male
O103802,C15433,P212501,Electronics,310.35749999999996,0.0,1,PayPal,2023-12-18,4,South,No,392.75,9.14,83.88,54,Female
O103803,C15093,P222254,Toys,6.95,0.05,2,UPI,2025-06-23,5,East,No,13.2,4.98,0.3,61,Female
O103804,C15236,P234076,Home,69.21,0.05,1,Credit Card,2025-07-17,5,South,No,65.75,5.37,13.04,58,Female
O103805,C12974,P215902,Home,33.92,0.0,1,COD,2023-11-25,4,West,No,33.92,6.78,2.72,41,Female
O103806,C10867,P233485,Sports,15.02,0.0,1,Debit Card,2024-05-21,4,West,No,15.02,3.43,1.08,27,Male
O103807,C17871,P225545,Sports,41.47,0.0,1,COD,2025-05-21,5,East,No,41.47,4.79,7.65,53,Female
O103808,C12066,P203345,Fashion,89.26,0.15,1,Credit Card,2024-12-05,6,East,No,75.87,6.79,19.76,25,Male
O103809,C10431,P215370,Grocery,5.09,0.05,1,Debit Card,2024-01-27,5,Central,No,4.84,3.18,-2.79,39,Male
O103810,C17852,P246721,Grocery,16.69,0.15,5,UPI,2024-11-12,7,West,No,70.93,5.69,-0.02,49,Female
O103811,C14835,P228231,Beauty,21.29,0.0,4,UPI,2023-11-18,4,West,No,85.16,6.98,31.34,32,Female
O103812,C15469,P241863,Beauty,20.97,0.0,5,Credit Card,2024-07-19,6,East,No,104.85,6.5,40.68,30,Female
O103813,C14278,P209642,Beauty,40.27,0.0,3,Wallet,2024-02-10,4,West,No,120.81,7.41,46.95,66,Male
O103814,C16256,P217839,Home,136.63,0.0,3,UPI,2024-11-26,5,East,No,392.75,8.63,83.88,48,Female
O103815,C11206,P223681,Grocery,3.29,0.0,1,Wallet,2024-05-12,6,West,No,3.29,4.52,-4.26,62,Female
O103816,C12528,P207035,Fashion,17.26,0.15,1,Credit Card,2023-11-27,5,West,No,14.67,3.84,1.29,29,Male
O103817,C11169,P233299,Electronics,305.06,0.1,1,Debit Card,2025-08-09,4,North,No,274.55,9.48,23.47,39,Female
O103818,C10830,P235035,Grocery,25.57,0.1,1,UPI,2024-07-08,4,South,No,23.01,4.64,-2.8,55,Female
O103819,C11651,P249484,Fashion,13.12,0.0,1,Credit Card,2025-05-25,6,South,No,13.12,3.43,1.16,54,Male
O103820,C11136,P223583,Sports,21.12,0.0,1,Debit Card,2025-07-01,6,West,No,21.12,5.22,1.12,47,Female
O103821,C12810,P222105,Fashion,40.84,0.0,3,Wallet,2024-09-09,4,West,No,122.52,8.02,34.86,47,Female
O103822,C10475,P216130,Grocery,3.75,0.15,5,UPI,2025-01-09,5,South,No,15.94,4.46,-3.18,46,Male
O103823,C12810,P213736,Toys,103.4,0.0,1,Credit Card,2024-09-04,4,North,No,103.4,6.6,34.76,43,Male
O103824,C11326,P242281,Grocery,1.06,0.0,1,Credit Card,2024-05-20,3,North,No,1.06,0.72,-0.64,44,Male
O103825,C15066,P213815,Grocery,8.84,0.3,1,Credit Card,2023-12-09,5,Central,No,6.19,1.7,-1.2,62,Male
O103826,C17992,P224396,Electronics,107.65,0.0,1,Credit Card,2024-10-07,4,North,No,107.65,6.61,6.31,24,Male
O103827,C11019,P224312,Home,160.47,0.0,3,Credit Card,2025-07-31,6,East,No,392.75,9.34,83.88,19,Male
O103828,C15237,P212244,Sports,107.8,0.05,1,Debit Card,2025-08-22,7,East,No,102.41,6.95,23.77,42,Other
O103829,C11836,P242668,Toys,34.36,0.0,1,Credit Card,2024-05-10,4,North,No,34.36,7.85,5.89,47,Female
O103830,C14256,P211718,Fashion,45.75,0.0,1,PayPal,2024-09-09,5,West,No,45.75,7.2,8.81,67,Female
O103831,C12448,P216784,Grocery,3.76,0.1,1,PayPal,2025-07-06,6,South,No,3.38,1.65,-1.38,68,Male
O103832,C14293,P230683,Fashion,7.69,0.0,1,Debit Card,2025-05-13,4,North,No,7.69,3.75,-1.06,44,Female
O103833,C11283,P244590,Toys,27.19,0.0,1,UPI,2024-06-08,5,West,No,27.19,3.87,7.01,47,Male
O103834,C10659,P243997,Home,86.32,0.05,2,Credit Card,2025-03-15,7,East,No,164.01,7.98,37.94,50,Male
O103835,C15871,P231428,Home,43.09,0.05,1,Credit Card,2024-04-23,3,North,No,40.94,5.13,6.33,31,Female
O103836,C15166,P236759,Home,48.2,0.0,4,Debit Card,2024-12-30,6,North,No,192.8,7.66,46.32,69,Female
O103837,C12010,P226490,Electronics,102.45,0.15,2,Debit Card,2025-09-07,3,North,No,174.16,8.31,12.59,50,Female
O103838,C10398,P240701,Fashion,21.4,0.05,1,Wallet,2025-03-30,7,East,No,20.33,5.92,1.2,53,Female
O103839,C11733,P247351,Home,216.76,0.0,1,UPI,2024-05-26,7,West,No,216.76,6.89,53.8,30,Female
O103840,C15678,P241001,Home,137.63,0.15,1,PayPal,2023-11-06,4,Central,No,116.99,6.83,25.93,42,Male
O103841,C12125,P245856,Sports,310.35749999999996,0.0,1,Debit Card,2024-04-17,4,North,No,392.75,9.65,83.88,69,Other
O103842,C12171,P216410,Fashion,41.53,0.2,2,COD,2024-12-07,5,South,No,66.45,6.35,16.91,38,Male
O103843,C10074,P235386,Home,107.05,0.15,1,Credit Card,2024-11-13,5,North,No,90.99,6.42,19.06,33,Male
O103844,C16280,P209362,Grocery,3.8,0.0,1,Debit Card,2024-08-16,5,East,Yes,3.8,4.34,-4.04,25,Female
O103845,C14697,P239407,Sports,96.83,0.05,1,UPI,2024-05-18,8,East,No,91.99,6.66,20.94,31,Male
O103846,C13471,P224011,Electronics,310.35749999999996,0.0,1,Debit Card,2024-01-31,4,North,No,354.67,8.95,33.61,29,Male
O103847,C10836,P207042,Toys,6.55,0.1,1,UPI,2023-12-25,5,South,No,5.9,2.5,-0.14,56,Female
O103848,C15624,P225286,Grocery,2.21,0.15,1,Credit Card,2024-03-04,3,Central,No,1.88,3.8,-3.65,47,Female
O103849,C10499,P211391,Grocery,7.06,0.05,1,Credit Card,2025-06-03,5,West,No,6.71,1.05,-0.51,51,Male
O103850,C15692,P226999,Toys,5.71,0.05,2,UPI,2025-09-11,3,North,No,10.85,2.95,1.39,53,Female
O103851,C10137,P202018,Beauty,20.14,0.0,1,Debit Card,2024-08-19,4,North,No,20.14,5.65,3.41,32,Male
O103852,C12097,P212952,Fashion,41.72,0.15,1,UPI,2024-01-10,4,Central,No,35.46,5.45,6.96,43,Male
O103853,C15890,P216240,Sports,102.13,0.05,1,UPI,2024-10-04,5,South,No,97.02,5.77,23.34,32,Male
O103854,C15068,P221262,Sports,100.8,0.0,1,UPI,2023-11-20,4,South,No,100.8,6.91,23.33,66,Male
O103855,C15738,P219282,Fashion,60.24,0.05,1,PayPal,2024-11-07,6,East,No,57.23,6.03,14.0,47,Female
O103856,C13696,P222459,Fashion,17.88,0.0,1,Credit Card,2024-06-21,6,West,No,17.88,6.13,0.13,40,Male
O103857,C11885,P234815,Home,182.81,0.0,1,Debit Card,2024-05-16,6,North,No,182.81,5.9,45.29,61,Male
O103858,C16397,P217942,Sports,83.17,0.3,1,COD,2023-10-09,4,South,No,58.22,5.09,12.38,46,Other
O103859,C17797,P201722,Fashion,33.27,0.15,1,COD,2024-01-15,5,West,No,28.28,5.32,4.58,40,Male
O103860,C16124,P236820,Beauty,28.57,0.05,1,Credit Card,2025-07-13,6,North,No,27.14,3.46,8.75,19,Male
O103861,C12757,P201651,Grocery,10.16,0.05,1,Debit Card,2023-10-20,5,South,No,9.65,3.27,-2.5,47,Female
O103862,C13920,P221606,Fashion,41.67,0.0,3,COD,2025-01-26,6,South,No,125.01,5.75,38.0,19,Male
O103863,C11900,P234546,Grocery,1.31,0.0,1,PayPal,2024-04-24,5,North,No,1.31,0.0,0.1,50,Male
O103864,C12610,P200683,Home,223.26,0.0,1,Credit Card,2025-01-09,4,North,No,223.26,7.5,55.01,50,Female
O103865,C16900,P242239,Electronics,229.38,0.0,1,Credit Card,2025-09-01,4,South,No,229.38,8.39,19.14,54,Male
O103866,C13986,P218394,Electronics,287.24,0.0,2,Debit Card,2025-04-12,8,East,No,392.75,8.7,60.24,19,Male
O103867,C11449,P246705,Fashion,29.3,0.0,1,Debit Card,2023-10-19,5,East,Yes,29.3,5.07,5.18,59,Female
O103868,C10546,P218966,Fashion,44.43,0.15,1,Credit Card,2025-03-06,6,East,No,37.77,4.39,8.83,25,Female
O103869,C17469,P226469,Toys,3.09,0.1,1,Credit Card,2024-05-01,6,West,Yes,2.78,1.7,-0.59,40,Female
O103870,C15017,P208505,Sports,57.63,0.05,1,Credit Card,2023-12-10,4,South,No,54.75,5.02,11.4,33,Male
O103871,C14676,P240211,Grocery,15.54,0.0,3,Debit Card,2024-03-11,3,Central,No,46.62,6.52,-2.79,62,Male
O103872,C15468,P205492,Beauty,71.3,0.1,2,UPI,2024-07-06,7,East,No,128.34,8.01,49.74,60,Female
O103873,C17999,P216827,Home,259.07,0.0,2,Debit Card,2024-09-04,4,Central,No,392.75,9.56,83.88,57,Other
O103874,C16052,P227492,Fashion,166.85,0.0,1,Credit Card,2023-11-25,4,West,No,166.85,7.81,50.59,42,Male
O103875,C12003,P203266,Beauty,40.27,0.2,1,Debit Card,2024-03-13,5,North,No,32.22,5.18,9.32,59,Female
O103876,C12096,P205909,Beauty,27.53,0.2,1,UPI,2024-09-11,4,West,No,22.02,4.3,5.61,41,Female
O103877,C17060,P212869,Home,82.47,0.05,1,Wallet,2024-02-14,5,East,No,78.35,5.03,16.91,46,Male
O103878,C17241,P239782,Grocery,2.73,0.0,1,Debit Card,2024-11-10,3,North,No,2.73,1.99,-1.77,59,Female
O103879,C10703,P221863,Beauty,10.07,0.15,2,Credit Card,2024-09-11,6,Central,No,17.12,4.67,3.03,34,Female
O103880,C16404,P244055,Toys,8.22,0.1,1,Debit Card,2024-01-17,6,East,No,7.4,5.2,-2.24,59,Male
O103881,C12403,P207819,Beauty,16.68,0.1,2,Wallet,2024-08-04,5,South,No,30.02,3.36,10.15,25,Male
O103882,C17749,P229136,Fashion,51.28,0.05,3,Debit Card,2025-08-31,5,West,No,146.15,8.53,42.62,27,Male
O103883,C11625,P214837,Sports,104.8,0.15,2,UPI,2025-08-06,5,North,No,178.16,8.84,44.61,66,Male
O103884,C13331,P247954,Fashion,34.89,0.0,1,PayPal,2024-12-11,4,West,No,34.89,5.47,6.74,43,Female
O103885,C14733,P210056,Beauty,10.87,0.0,1,Credit Card,2023-11-29,5,South,No,10.87,5.63,-0.74,69,Male
O103886,C16886,P200715,Home,17.66,0.05,1,Credit Card,2025-06-22,5,North,No,16.78,4.91,-0.21,24,Female
O103887,C17462,P217275,Electronics,310.35749999999996,0.0,1,Credit Card,2024-04-02,8,South,No,392.75,11.74,83.88,34,Female
O103888,C15105,P220191,Home,310.35749999999996,0.0,1,Credit Card,2024-05-25,5,East,No,379.47,7.97,83.88,33,Male
O103889,C12978,P216884,Fashion,14.93,0.2,1,Credit Card,2025-05-25,5,East,No,11.94,4.3,-0.12,47,Male
O103890,C14736,P245462,Electronics,310.35749999999996,0.15,3,Debit Card,2024-02-15,9,South,No,392.75,8.64,83.88,60,Female
O103891,C12839,P208894,Toys,8.89,0.0,1,PayPal,2025-08-09,7,East,No,8.89,3.25,0.31,22,Male
O103892,C13384,P218717,Home,38.47,0.15,3,Credit Card,2024-04-12,4,South,No,98.1,8.36,19.11,64,Female
O103893,C12659,P218578,Fashion,61.7,0.0,1,Wallet,2024-10-30,6,East,No,61.7,8.08,13.51,63,Female
O103894,C11861,P223321,Home,213.12,0.0,2,Debit Card,2024-11-15,5,West,No,392.75,9.17,83.88,23,Female
O103895,C12856,P242969,Sports,61.32,0.0,1,Debit Card,2023-11-12,5,Central,No,61.32,4.95,13.45,27,Female
O103896,C15301,P224959,Electronics,69.79,0.0,1,COD,2025-09-06,4,South,No,69.79,6.26,2.11,49,Female
O103897,C10685,P210515,Beauty,15.58,0.0,1,PayPal,2023-10-17,5,South,No,15.58,3.45,3.56,69,Female
O103898,C15947,P209077,Home,110.03,0.05,1,PayPal,2025-07-10,6,East,No,104.53,6.82,22.45,32,Male
O103899,C17531,P221443,Grocery,30.45,0.0,1,Wallet,2023-10-16,6,West,No,30.45,4.24,-1.8,39,Male
O103900,C14283,P210443,Beauty,29.2,0.0,1,COD,2024-07-04,3,North,No,29.2,4.05,9.09,25,Male
O103901,C17736,P237208,Electronics,310.35749999999996,0.1,4,Credit Card,2025-04-15,8,East,No,392.75,12.29,83.88,40,Female
O103902,C17710,P201783,Home,39.81,0.0,2,COD,2024-10-05,5,South,No,79.62,6.26,16.03,65,Female
O103903,C11619,P213113,Beauty,34.21,0.0,1,Debit Card,2025-03-26,5,North,No,34.21,7.0,8.39,24,Female
O103904,C15783,P205385,Electronics,276.46,0.0,2,UPI,2024-11-01,6,East,Yes,392.75,9.1,57.25,67,Male
O103905,C15080,P236885,Grocery,23.61,0.05,1,Credit Card,2023-12-26,6,West,No,22.43,3.26,-1.47,39,Female
O103906,C14643,P206982,Electronics,129.24,0.0,2,UPI,2023-11-10,8,East,Yes,258.48,8.81,22.21,31,Female
O103907,C16868,P235351,Electronics,285.08,0.0,1,Credit Card,2025-05-11,3,Central,No,285.08,8.85,25.36,61,Female
O103908,C17069,P242689,Electronics,126.39,0.0,1,COD,2025-08-08,5,Central,No,126.39,6.27,8.9,53,Male
O103909,C11431,P213407,Sports,43.11,0.0,2,Credit Card,2024-08-18,5,Central,No,86.22,5.92,19.95,18,Female
O103910,C10875,P215316,Home,245.03,0.0,4,Credit Card,2024-08-16,5,Central,No,392.75,8.35,83.88,28,Female
O103911,C14713,P246524,Electronics,310.35749999999996,0.05,1,PayPal,2024-04-17,4,North,No,392.75,10.11,38.72,19,Male
O103912,C12461,P224838,Toys,27.64,0.0,1,PayPal,2024-02-17,5,East,Yes,27.64,5.57,5.49,34,Female
O103913,C11365,P227207,Fashion,8.49,0.1,1,UPI,2023-11-02,4,West,No,7.64,4.98,-2.31,58,Male
O103914,C11243,P248116,Fashion,69.15,0.05,1,UPI,2024-04-04,5,South,No,65.69,5.32,17.67,18,Female
O103915,C14998,P228402,Electronics,269.73,0.05,3,COD,2024-07-01,5,East,No,392.75,9.33,82.92,35,Male
O103916,C10162,P202430,Grocery,9.09,0.0,1,Debit Card,2024-05-01,5,West,No,9.09,2.49,-1.76,68,Female
O103917,C11974,P239828,Sports,62.32,0.15,2,Debit Card,2024-12-03,3,Central,No,105.94,6.81,24.97,47,Male
O103918,C13291,P202936,Sports,197.73,0.0,2,Credit Card,2024-12-22,8,East,No,392.75,8.15,83.88,56,Female
O103919,C10269,P211864,Electronics,113.49,0.2,2,Wallet,2024-02-07,6,West,No,181.58,7.91,13.88,68,Male
O103920,C10631,P225115,Beauty,44.22,0.1,2,Debit Card,2023-12-07,4,West,No,79.6,6.67,29.15,52,Male
O103921,C10905,P209307,Beauty,67.57,0.0,1,Credit Card,2024-08-31,5,South,No,67.57,5.83,24.58,41,Male
O103922,C13471,P206709,Home,34.25,0.3,1,Credit Card,2025-02-08,3,North,No,23.98,5.28,1.43,50,Male
O103923,C13253,P229854,Fashion,310.35749999999996,0.0,1,Debit Card,2025-08-02,6,East,No,389.19,9.28,83.88,47,Male
O103924,C12014,P241843,Toys,93.65,0.1,3,Debit Card,2024-03-25,7,West,No,252.86,7.67,83.88,21,Male
O103925,C11641,P220707,Electronics,310.35749999999996,0.2,2,Debit Card,2024-04-06,5,South,No,392.75,8.29,61.9,43,Male
O103926,C17896,P239384,Beauty,10.66,0.0,1,PayPal,2025-05-26,6,Central,No,10.66,5.32,-0.52,27,Female
O103927,C10204,P235187,Home,83.93,0.05,3,Credit Card,2024-10-29,5,South,No,239.2,8.06,58.92,47,Female
O103928,C10581,P201399,Sports,28.37,0.05,2,Credit Card,2025-01-03,4,North,No,53.9,5.25,10.92,54,Female
O103929,C15675,P242536,Fashion,11.3,0.05,1,Debit Card,2025-04-06,4,Central,No,10.74,4.01,-0.25,28,Male
O103930,C10840,P224188,Fashion,64.86,0.0,3,Debit Card,2025-02-25,4,South,No,194.58,6.43,61.67,56,Male
O103931,C15932,P214245,Beauty,24.24,0.0,1,Credit Card,2025-08-22,3,Central,No,24.24,3.81,7.1,38,Female
O103932,C15347,P245746,Grocery,11.92,0.0,1,COD,2025-03-01,4,South,No,11.92,3.55,-2.6,25,Male
O103933,C11719,P223371,Grocery,4.75,0.0,1,UPI,2024-08-28,4,South,No,4.75,1.19,-0.81,37,Male
O103934,C15738,P247204,Fashion,18.16,0.0,1,PayPal,2024-12-13,3,Central,No,18.16,4.96,1.4,26,Male
O103935,C12643,P232286,Electronics,310.35749999999996,0.0,1,Debit Card,2023-10-04,5,South,No,392.75,11.11,83.88,50,Male
O103936,C12297,P221693,Beauty,27.28,0.0,1,PayPal,2025-03-16,6,South,No,27.28,3.92,8.36,66,Male
O103937,C10874,P234303,Home,235.38,0.0,2,Credit Card,2023-11-16,5,North,No,392.75,8.87,83.88,40,Male
O103938,C15560,P221137,Toys,11.35,0.0,5,Debit Card,2025-06-22,5,West,No,56.75,3.8,18.9,30,Male
O103939,C17700,P241049,Beauty,48.47,0.05,1,Credit Card,2024-02-29,3,North,No,46.05,5.58,15.14,66,Female
O103940,C16339,P215365,Home,178.73,0.15,2,Debit Card,2024-05-24,3,North,No,303.84,8.31,76.77,21,Other
O103941,C10689,P213450,Sports,52.38,0.0,1,COD,2024-02-07,6,East,No,52.38,8.28,7.43,26,Male
O103942,C14000,P204190,Electronics,310.35749999999996,0.1,1,Wallet,2024-10-19,5,South,No,392.75,9.63,40.16,20,Male
O103943,C16106,P242861,Sports,265.53,0.05,1,Credit Card,2023-12-08,5,East,No,252.25,7.55,68.12,36,Female
O103944,C17686,P243639,Home,41.66,0.0,1,Wallet,2025-08-24,4,West,No,41.66,6.47,5.19,34,Female
O103945,C13141,P223937,Toys,17.6,0.1,2,UPI,2024-03-08,5,South,No,31.68,5.19,7.48,56,Male
O103946,C16782,P207452,Electronics,310.35749999999996,0.1,1,Credit Card,2024-10-20,6,North,No,392.75,9.64,83.88,43,Male
O103947,C11422,P203960,Fashion,89.69,0.2,1,Debit Card,2024-06-13,7,East,No,71.75,6.77,18.34,26,Male
O103948,C16097,P239602,Grocery,13.75,0.2,2,PayPal,2025-09-08,6,North,No,22.0,5.88,-4.12,19,Female
O103949,C10671,P230185,Beauty,4.77,0.05,1,Debit Card,2025-06-07,8,East,No,4.53,1.87,0.17,43,Female
O103950,C17927,P210564,Grocery,7.87,0.15,1,Credit Card,2024-05-30,5,East,No,6.69,2.3,-1.76,31,Other
O103951,C17370,P247510,Sports,113.45,0.0,1,Credit Card,2023-12-23,6,West,No,113.45,5.86,28.17,56,Male
O103952,C11171,P205091,Grocery,7.94,0.0,1,Credit Card,2024-11-04,7,West,No,7.94,1.44,-0.8,42,Female
O103953,C15591,P249670,Fashion,292.01,0.0,1,UPI,2023-11-16,5,North,Yes,292.01,9.99,83.88,38,Female
O103954,C13726,P230519,Electronics,310.35749999999996,0.1,2,Credit Card,2025-05-13,4,West,Yes,392.75,10.69,83.88,20,Female
O103955,C10943,P203710,Toys,6.07,0.0,2,PayPal,2023-12-01,6,South,No,12.14,6.15,-1.29,60,Male
O103956,C16342,P249981,Toys,15.26,0.1,1,UPI,2025-01-02,4,West,No,13.73,5.64,-0.15,57,Male
O103957,C11449,P239395,Beauty,14.87,0.05,2,Debit Card,2023-12-20,5,North,No,28.25,4.19,8.52,56,Male
O103958,C13737,P207988,Beauty,25.07,0.15,1,PayPal,2024-06-26,3,Central,No,21.31,5.14,4.45,36,Female
O103959,C12539,P235754,Grocery,8.79,0.0,1,PayPal,2024-01-09,5,South,No,8.79,3.95,-3.25,26,Male
O103960,C13959,P228114,Electronics,138.3,0.05,1,Debit Card,2023-10-02,6,South,Yes,131.38,7.98,7.79,46,Male
O103961,C14991,P223074,Beauty,34.57,0.0,1,PayPal,2024-07-31,4,South,No,34.57,5.27,10.29,34,Female
O103962,C16285,P221198,Electronics,86.66,0.0,3,COD,2023-12-31,5,South,No,259.98,8.62,22.58,23,Female
O103963,C15432,P210509,Electronics,296.86,0.2,5,Credit Card,2025-03-14,6,South,No,392.75,9.78,83.88,33,Male
O103964,C14260,P225180,Home,58.89,0.0,1,PayPal,2025-08-02,5,South,No,58.89,4.31,12.18,47,Male
O103965,C12361,P248068,Toys,68.81,0.0,2,Credit Card,2025-04-14,4,South,No,137.62,7.58,47.47,31,Female
O103966,C16164,P245433,Sports,45.57,0.15,5,Credit Card,2025-07-15,3,North,Yes,193.67,8.6,49.5,26,Female
O103967,C15201,P216560,Grocery,6.49,0.0,2,PayPal,2025-01-01,4,West,No,12.98,4.99,-3.95,54,Other
O103968,C13652,P243281,Electronics,310.35749999999996,0.1,3,COD,2025-09-09,3,Central,No,392.75,9.68,83.88,68,Female
O103969,C17298,P242674,Home,28.11,0.05,3,Credit Card,2024-09-24,4,South,No,80.11,5.57,16.86,50,Female
O103970,C13670,P238938,Electronics,177.56,0.0,1,Credit Card,2023-09-30,5,Central,No,177.56,8.09,13.22,28,Female
O103971,C11753,P235391,Electronics,310.35749999999996,0.0,1,Credit Card,2025-02-27,5,South,No,392.75,10.56,41.87,69,Female
O103972,C17127,P228731,Fashion,6.54,0.05,1,Debit Card,2025-09-09,6,East,No,6.21,1.36,0.81,60,Male
O103973,C12352,P219162,Fashion,23.32,0.05,1,UPI,2024-01-12,3,Central,No,22.15,5.69,2.06,53,Male
O103974,C11938,P248344,Home,11.09,0.0,1,Debit Card,2024-11-17,4,West,No,11.09,2.26,0.85,52,Male
O103975,C10370,P225236,Electronics,102.91,0.0,1,Debit Card,2025-06-29,4,West,No,102.91,6.65,5.7,49,Female
O103976,C15976,P237133,Home,132.03,0.2,1,Credit Card,2024-11-15,5,South,No,105.62,7.05,22.52,65,Female
O103977,C14948,P211379,Grocery,9.03,0.0,1,Credit Card,2024-11-11,7,East,No,9.03,2.36,-1.64,49,Female
O103978,C14479,P204340,Sports,26.68,0.05,2,Debit Card,2024-04-02,4,North,No,50.69,4.97,10.24,64,Male
O103979,C11931,P204755,Toys,3.6,0.1,1,Wallet,2025-01-31,5,Central,No,3.24,0.17,1.13,27,Male
O103980,C16588,P248731,Toys,3.14,0.0,1,UPI,2024-05-11,4,North,No,3.14,0.89,0.37,57,Male
O103981,C10424,P241866,Home,21.75,0.0,3,PayPal,2025-04-10,6,West,No,65.25,5.57,12.7,52,Female
O103982,C16304,P248759,Sports,19.93,0.05,1,Debit Card,2025-05-12,4,Central,No,18.93,4.67,1.01,38,Female
O103983,C17345,P219905,Sports,18.88,0.05,1,Debit Card,2025-05-06,4,South,No,17.94,3.84,1.54,41,Female
O103984,C14724,P218259,Fashion,7.79,0.0,1,Credit Card,2025-04-10,7,South,No,7.79,3.8,-1.07,55,Female
O103985,C17875,P231255,Toys,25.48,0.0,1,Debit Card,2024-08-15,6,West,No,25.48,7.14,3.05,32,Male
O103986,C10894,P236726,Home,310.35749999999996,0.05,1,Credit Card,2025-05-08,3,Central,No,364.08,6.89,83.88,57,Male
O103987,C16633,P234904,Electronics,310.35749999999996,0.05,2,UPI,2025-06-18,5,East,No,392.75,10.29,83.88,36,Male
O103988,C17160,P243556,Sports,40.39,0.05,1,Debit Card,2025-08-08,4,North,No,38.37,4.84,6.67,34,Male
O103989,C16470,P241813,Sports,32.47,0.0,1,Credit Card,2024-07-23,5,South,No,32.47,4.91,4.83,66,Female
O103990,C10597,P231614,Beauty,4.2,0.0,1,Credit Card,2025-07-16,4,North,No,4.2,2.36,-0.47,60,Female
O103991,C13062,P200506,Fashion,13.34,0.05,3,Wallet,2025-03-31,5,South,No,38.02,4.47,8.84,58,Female
O103992,C12336,P208599,Home,120.44,0.0,1,Credit Card,2024-03-30,6,East,No,120.44,6.49,27.23,63,Female
O103993,C14688,P221774,Home,310.35749999999996,0.0,2,Credit Card,2023-10-19,4,South,No,392.75,10.49,83.88,23,Male
O103994,C11687,P208715,Grocery,26.8,0.15,1,Credit Card,2024-07-05,3,North,No,22.78,4.72,-2.9,26,Male
O103995,C17740,P221997,Toys,16.23,0.0,3,PayPal,2025-08-28,4,Central,No,48.69,6.08,13.4,48,Female
O103996,C10572,P235818,Toys,12.83,0.0,1,Wallet,2024-09-07,3,North,No,12.83,4.38,0.75,42,Male
O103997,C17521,P214783,Fashion,12.86,0.05,1,Credit Card,2023-12-14,3,North,Yes,12.22,3.2,1.08,52,Female
O103998,C16171,P231262,Fashion,31.66,0.15,1,UPI,2024-09-23,5,North,No,26.91,6.77,2.65,19,Female
O103999,C17097,P223476,Home,128.96,0.2,1,Debit Card,2025-06-29,4,North,No,103.17,6.89,22.0,32,Male
O104000,C12090,P202397,Home,129.16,0.1,1,Wallet,2023-09-27,4,South,No,116.24,6.03,26.52,62,Male
O104001,C15800,P240680,Electronics,310.35749999999996,0.05,4,Wallet,2024-11-07,5,West,No,392.75,11.37,83.88,37,Female
O104002,C16566,P227475,Beauty,45.57,0.15,1,Debit Card,2023-12-21,8,East,No,38.73,5.96,11.47,59,Male
O104003,C13669,P234077,Fashion,40.08,0.0,1,UPI,2024-10-20,3,North,No,40.08,5.78,8.25,45,Male
O104004,C14272,P239970,Beauty,18.69,0.0,1,Credit Card,2024-08-08,5,West,No,18.69,3.73,4.68,47,Male
O104005,C14624,P207700,Electronics,168.61,0.05,1,Debit Card,2025-04-20,5,West,No,160.18,7.42,11.8,21,Female
O104006,C11633,P204718,Fashion,14.77,0.0,1,Wallet,2024-06-28,6,East,No,14.77,2.6,2.57,51,Female
O104007,C15061,P227111,Toys,2.03,0.0,4,COD,2025-08-24,3,North,No,8.12,3.43,-0.18,45,Male
O104008,C11517,P238718,Home,61.19,0.0,1,Credit Card,2024-03-05,4,West,No,61.19,5.78,11.35,65,Female
O104009,C14293,P210233,Toys,21.72,0.05,1,UPI,2023-10-31,6,East,No,20.63,4.11,4.14,43,Male
O104010,C12657,P214171,Sports,90.48,0.15,3,COD,2024-01-24,5,East,Yes,230.72,9.73,59.49,38,Male
O104011,C13648,P210726,Toys,16.87,0.2,1,Debit Card,2025-08-07,5,South,No,13.5,4.66,0.74,57,Female
O104012,C16985,P226768,Electronics,310.35749999999996,0.05,1,Debit Card,2025-02-11,4,South,No,392.75,9.02,51.52,30,Male
O104013,C14948,P217139,Fashion,18.03,0.0,1,Credit Card,2024-12-31,5,West,No,18.03,3.25,3.06,61,Male
O104014,C13588,P200145,Beauty,30.8,0.0,1,Credit Card,2025-03-15,4,Central,No,30.8,5.19,8.67,53,Female
O104015,C11537,P244782,Grocery,13.3,0.0,1,Wallet,2024-11-07,4,North,No,13.3,4.53,-3.47,27,Female
O104016,C16165,P219958,Sports,50.71,0.05,2,UPI,2025-04-02,4,Central,No,96.35,6.76,22.14,44,Male
O104017,C17279,P226203,Home,42.47,0.0,1,Wallet,2024-03-30,4,South,No,42.47,5.05,6.84,47,Female
O104018,C15176,P221307,Electronics,310.35749999999996,0.1,1,Debit Card,2024-03-14,4,South,No,286.93,7.68,26.75,51,Male
O104019,C13137,P234626,Home,310.35749999999996,0.05,4,Credit Card,2025-09-03,3,Central,No,392.75,10.49,83.88,19,Male
O104020,C16985,P237490,Home,20.46,0.0,1,UPI,2024-11-02,6,Central,No,20.46,5.26,0.47,67,Male
O104021,C10097,P203598,Toys,62.13,0.0,1,Debit Card,2023-10-05,4,South,No,62.13,7.65,17.2,43,Male
O104022,C13215,P213583,Home,92.3,0.0,1,Credit Card,2024-07-29,5,West,No,92.3,6.39,19.45,62,Male
O104023,C15999,P247637,Fashion,65.87,0.1,1,COD,2024-11-23,8,West,No,59.28,6.34,14.41,35,Female
O104024,C14530,P217013,Electronics,310.35749999999996,0.0,1,Debit Card,2024-05-17,6,South,No,392.75,8.99,60.41,34,Female
O104025,C14732,P247984,Electronics,103.4,0.0,1,Credit Card,2025-07-27,7,West,No,103.4,7.43,4.98,35,Female
O104026,C13750,P244126,Home,16.06,0.0,1,Debit Card,2025-03-22,5,East,No,16.06,4.76,-0.26,48,Male
O104027,C13157,P236286,Fashion,11.76,0.05,1,Debit Card,2024-06-19,5,West,No,11.17,3.68,0.23,26,Female
O104028,C14683,P237120,Beauty,13.22,0.0,1,Debit Card,2025-04-15,4,South,No,13.22,5.35,0.6,34,Male
O104029,C10343,P244874,Sports,310.35749999999996,0.0,1,PayPal,2025-05-12,4,Central,No,318.4,9.54,83.88,20,Female
O104030,C15413,P240197,Electronics,64.21,0.0,1,Debit Card,2024-05-25,8,East,No,64.21,4.54,3.17,44,Female
O104031,C16075,P209096,Home,310.35749999999996,0.0,1,Wallet,2024-09-14,6,North,No,342.22,7.5,83.88,40,Male
O104032,C14666,P205555,Toys,18.2,0.0,1,Wallet,2025-08-31,4,South,No,18.2,5.81,1.47,40,Other
O104033,C17817,P232719,Home,24.22,0.0,1,COD,2023-12-26,4,West,Yes,24.22,5.35,1.43,34,Male
O104034,C10610,P207997,Beauty,7.06,0.05,2,COD,2025-08-14,5,West,No,13.41,4.05,1.98,68,Female
O104035,C11727,P210809,Home,163.92,0.0,1,COD,2025-05-20,5,South,No,163.92,6.79,39.11,39,Female
O104036,C12290,P227365,Home,133.46,0.0,2,Credit Card,2025-01-06,4,Central,No,266.92,7.74,67.0,35,Female
O104037,C11854,P249259,Electronics,109.56,0.05,1,Wallet,2025-07-06,4,West,No,104.08,7.45,5.04,62,Male
O104038,C12608,P225618,Electronics,310.35749999999996,0.0,1,Credit Card,2025-01-10,4,North,No,392.75,8.68,83.88,46,Female
O104039,C15055,P225964,Electronics,96.35,0.0,3,Debit Card,2024-06-30,4,North,No,289.05,7.55,27.14,49,Female
O104040,C12079,P209868,Toys,16.09,0.2,1,UPI,2024-08-18,6,South,No,12.87,4.15,1.0,33,Male
O104041,C16534,P221882,Fashion,41.94,0.1,1,Credit Card,2023-11-11,4,North,No,37.75,6.17,7.04,67,Female
O104042,C12324,P220639,Grocery,27.91,0.15,1,Credit Card,2024-02-26,5,West,No,23.72,5.23,-3.33,56,Male
O104043,C14627,P236963,Toys,2.44,0.0,2,UPI,2023-11-02,6,West,No,4.88,0.52,1.43,34,Male
O104044,C11177,P241224,Sports,24.43,0.05,2,Credit Card,2024-02-07,3,North,No,46.42,6.85,7.08,60,Male
O104045,C16526,P236589,Sports,28.4,0.0,1,UPI,2024-11-11,4,Central,No,28.4,5.03,3.49,38,Female
O104046,C11091,P249828,Electronics,71.11,0.1,1,Debit Card,2024-07-01,4,South,No,64.0,4.82,2.86,49,Other
O104047,C15997,P229470,Beauty,27.46,0.0,4,COD,2025-02-16,4,Central,No,109.84,8.31,41.12,38,Female
O104048,C14979,P244446,Grocery,4.43,0.1,1,Debit Card,2023-11-30,8,East,No,3.99,1.72,-1.4,41,Male
O104049,C16357,P205178,Electronics,310.35749999999996,0.0,2,PayPal,2024-02-28,3,Central,No,392.75,10.01,69.04,67,Female
O104050,C15774,P210898,Fashion,80.03,0.0,1,Debit Card,2024-09-26,7,East,No,80.03,9.19,18.82,47,Male
O104051,C16519,P205566,Electronics,220.67,0.1,1,UPI,2025-07-28,6,East,No,198.6,9.04,14.79,24,Female
O104052,C12791,P220353,Beauty,38.88,0.05,1,Credit Card,2023-12-14,4,West,No,36.94,4.61,12.01,55,Female
O104053,C16356,P238188,Electronics,310.35749999999996,0.15,1,Credit Card,2025-05-16,5,East,No,392.75,7.98,46.99,25,Male
O104054,C16222,P233375,Home,50.26,0.0,1,Wallet,2024-01-22,4,North,No,50.26,7.06,7.01,23,Male
O104055,C11749,P205674,Sports,11.56,0.2,1,Wallet,2023-10-15,5,East,No,9.25,4.43,-1.65,69,Male
O104056,C12675,P222272,Electronics,85.43,0.15,2,Wallet,2024-10-08,3,North,No,145.23,7.83,9.6,35,Other
O104057,C16747,P221716,Sports,180.57,0.05,1,PayPal,2024-05-28,8,West,No,171.54,6.73,44.73,26,Female
O104058,C10781,P223740,Electronics,218.91,0.0,1,Debit Card,2024-06-19,5,West,No,218.91,9.21,17.06,61,Female
O104059,C17548,P223170,Electronics,310.35749999999996,0.0,1,Credit Card,2024-01-27,4,South,No,392.75,8.23,69.02,55,Female
O104060,C13048,P235162,Fashion,43.99,0.0,1,Credit Card,2025-08-23,5,South,No,43.99,5.26,10.14,23,Male
O104061,C16823,P211051,Toys,6.32,0.15,1,PayPal,2024-07-25,5,West,No,5.37,1.53,0.62,44,Male
O104062,C12105,P208070,Toys,26.5,0.0,1,Credit Card,2024-01-07,3,Central,No,26.5,5.96,4.64,44,Male
O104063,C13867,P229472,Fashion,45.16,0.0,5,Credit Card,2024-07-01,4,West,No,225.8,8.42,70.61,40,Female
O104064,C17193,P242807,Electronics,190.91,0.0,2,UPI,2025-03-13,4,South,No,381.82,10.01,35.81,51,Male
O104065,C14976,P234789,Toys,3.81,0.0,4,Credit Card,2025-02-15,3,Central,No,15.24,4.04,2.06,33,Male
O104066,C14542,P220982,Sports,20.61,0.0,1,Wallet,2024-08-14,7,East,No,20.61,3.27,2.91,23,Female
O104067,C12113,P231518,Electronics,117.89,0.05,1,Credit Card,2024-03-04,6,East,No,112.0,7.89,5.55,43,Female
O104068,C15879,P219399,Beauty,30.38,0.1,4,Credit Card,2023-11-13,9,South,No,109.37,5.71,43.51,48,Male
O104069,C15373,P227313,Toys,27.6,0.0,2,COD,2024-05-28,4,West,No,55.2,5.25,16.83,53,Male
O104070,C13970,P216110,Electronics,310.35749999999996,0.1,1,COD,2023-11-11,5,East,No,336.55,9.19,31.2,20,Male
O104071,C11991,P234816,Electronics,183.7,0.1,1,Wallet,2025-05-15,3,North,Yes,165.33,7.39,12.45,38,Female
O104072,C11067,P222353,Fashion,33.55,0.0,1,Credit Card,2024-01-15,4,West,No,33.55,5.05,6.69,41,Male
O104073,C17264,P228530,Sports,131.58,0.0,1,Credit Card,2025-03-01,4,Central,No,131.58,7.91,31.56,28,Female
O104074,C11577,P200893,Electronics,310.35749999999996,0.0,1,Debit Card,2024-09-15,7,East,No,392.75,8.1,39.96,58,Male
O104075,C11011,P245811,Toys,31.16,0.0,1,COD,2025-02-27,4,West,No,31.16,5.41,7.05,37,Male
O104076,C12274,P228724,Sports,37.13,0.2,1,Wallet,2024-11-10,6,West,No,29.7,5.14,3.77,43,Female
O104077,C14869,P226885,Beauty,3.11,0.15,1,Wallet,2025-02-20,4,South,No,2.64,1.13,0.06,20,Male
O104078,C16822,P244560,Electronics,150.7,0.15,1,PayPal,2024-10-05,3,North,No,128.1,7.84,7.53,33,Female
O104079,C17603,P213613,Grocery,6.63,0.0,2,PayPal,2025-09-08,7,South,No,13.26,3.44,-2.38,55,Female
O104080,C11814,P214316,Home,310.35749999999996,0.15,4,Wallet,2024-03-02,5,West,No,392.75,11.87,83.88,50,Female
O104081,C16744,P206087,Home,42.33,0.0,1,Wallet,2024-04-07,4,West,No,42.33,6.17,5.68,62,Male
O104082,C12426,P235701,Grocery,24.06,0.1,4,Credit Card,2024-02-23,7,East,No,86.62,4.67,2.26,62,Male
O104083,C15297,P218665,Toys,21.16,0.0,1,Debit Card,2024-02-13,4,Central,No,21.16,3.9,4.56,19,Female
O104084,C15546,P241032,Home,34.14,0.0,1,COD,2023-10-07,3,Central,No,34.14,4.81,4.75,42,Male
O104085,C16852,P234148,Home,78.03,0.1,1,Credit Card,2024-12-18,3,North,No,70.23,6.87,12.79,25,Male
O104086,C14402,P229622,Electronics,281.94,0.05,4,Credit Card,2024-06-14,6,East,No,392.75,10.64,83.88,56,Female
O104087,C14874,P230298,Grocery,6.55,0.0,1,COD,2025-08-06,5,West,No,6.55,0.66,-0.14,30,Male
O104088,C12551,P216867,Toys,7.04,0.1,1,COD,2024-07-09,3,Central,No,6.34,2.86,-0.32,58,Male
O104089,C16411,P241989,Fashion,19.33,0.05,1,UPI,2024-01-21,6,Central,No,18.36,5.42,1.01,54,Female
O104090,C13657,P244741,Sports,96.53,0.1,1,PayPal,2024-12-24,4,West,No,86.88,5.72,20.34,26,Male
O104091,C10007,P213164,Toys,24.91,0.0,2,Credit Card,2024-12-09,7,East,No,49.82,4.73,15.2,32,Female
O104092,C12555,P220163,Fashion,36.12,0.0,1,Credit Card,2024-02-17,6,South,No,36.12,4.7,7.94,38,Male
O104093,C10475,P206101,Beauty,72.65,0.0,1,UPI,2024-02-24,5,East,No,72.65,6.6,26.09,57,Male
O104094,C15416,P237722,Fashion,69.12,0.0,3,Debit Card,2023-11-02,6,East,Yes,207.36,8.71,63.87,29,Female
O104095,C12211,P238721,Toys,45.73,0.0,1,Credit Card,2025-04-16,4,West,No,45.73,5.61,12.68,47,Male
O104096,C10484,P239048,Electronics,259.83,0.05,1,Debit Card,2024-04-05,4,Central,No,246.84,7.87,21.75,52,Male
O104097,C17764,P233546,Sports,11.47,0.05,1,Credit Card,2024-09-05,5,East,No,10.9,3.04,0.23,64,Male
O104098,C17239,P203475,Fashion,49.09,0.0,1,Wallet,2023-10-01,4,West,No,49.09,4.51,12.67,37,Female
O104099,C16710,P204723,Electronics,310.35749999999996,0.05,1,UPI,2025-06-17,3,Central,Yes,392.75,12.56,56.32,33,Female
O104100,C15000,P214890,Electronics,299.93,0.0,2,Credit Card,2024-06-30,4,West,No,392.75,9.93,62.05,69,Female
O104101,C14654,P223270,Sports,92.51,0.0,1,Debit Card,2024-12-02,5,South,Yes,92.51,7.45,20.3,63,Male
O104102,C16063,P206713,Fashion,186.31,0.0,1,UPI,2024-04-25,4,South,No,186.31,7.26,57.95,29,Female
O104103,C12285,P227853,Beauty,14.17,0.0,1,PayPal,2024-01-08,4,South,No,14.17,3.78,2.6,67,Female
O104104,C15223,P208601,Home,223.15,0.05,1,PayPal,2024-02-10,4,South,No,211.99,7.8,51.56,52,Female
O104105,C15329,P217443,Sports,79.16,0.1,1,Credit Card,2025-02-09,7,East,No,71.24,7.49,13.88,42,Female
O104106,C16697,P217984,Home,92.04,0.0,1,PayPal,2025-05-27,4,North,No,92.04,5.83,19.94,52,Female
O104107,C16971,P212735,Fashion,12.74,0.2,2,Debit Card,2024-09-17,5,South,No,20.38,3.45,3.68,68,Male
O104108,C14563,P218617,Electronics,310.35749999999996,0.05,1,UPI,2024-10-04,3,North,No,392.75,6.95,49.88,59,Male
O104109,C13525,P226228,Fashion,90.22,0.3,1,Credit Card,2025-07-07,4,North,No,63.15,6.07,16.03,29,Female
O104110,C13339,P242257,Beauty,16.81,0.05,3,Debit Card,2024-08-27,6,South,No,47.91,7.21,14.35,60,Male
O104111,C16529,P213974,Sports,151.79,0.0,1,Debit Card,2024-01-20,5,East,No,151.79,7.38,38.16,65,Female
O104112,C12822,P249503,Electronics,310.35749999999996,0.1,2,Credit Card,2025-03-11,6,Central,No,392.75,10.07,61.82,46,Female
O104113,C14943,P246492,Sports,39.28,0.0,1,Credit Card,2024-07-02,4,South,No,39.28,4.49,7.29,28,Female
O104114,C16530,P244182,Electronics,310.35749999999996,0.0,1,Credit Card,2024-06-19,3,North,No,392.75,10.29,83.88,42,Female
O104115,C12924,P210623,Fashion,63.67,0.0,1,Credit Card,2024-05-10,4,North,No,63.67,5.98,16.3,47,Female
O104116,C10258,P215395,Beauty,54.61,0.0,1,UPI,2025-04-24,4,North,No,54.61,5.28,19.29,54,Female
O104117,C10282,P206469,Fashion,21.25,0.0,1,Credit Card,2023-10-26,5,North,No,21.25,2.1,5.34,20,Male
O104118,C15745,P225040,Sports,253.99,0.05,1,Debit Card,2024-01-23,4,South,No,241.29,10.92,61.47,56,Male
O104119,C11898,P243473,Grocery,6.97,0.05,4,Debit Card,2024-04-30,5,South,No,26.49,4.1,-1.98,39,Female
O104120,C14135,P203166,Electronics,53.11,0.0,1,Credit Card,2025-09-07,5,West,No,53.11,5.29,1.08,49,Male
O104121,C16629,P221637,Beauty,4.91,0.0,1,Wallet,2025-03-26,5,Central,No,4.91,1.93,0.28,61,Female
O104122,C12976,P202209,Grocery,2.23,0.0,1,COD,2025-05-31,6,East,No,2.23,2.52,-2.34,39,Other
O104123,C12267,P208747,Electronics,125.44,0.0,1,Debit Card,2025-04-25,5,North,No,125.44,6.89,8.16,43,Male
O104124,C13200,P233067,Home,37.18,0.0,1,COD,2025-07-15,5,West,No,37.18,6.13,4.28,63,Male
O104125,C15110,P220250,Electronics,69.38,0.0,1,UPI,2024-12-05,7,East,No,69.38,5.39,2.94,52,Female
O104126,C17167,P224931,Sports,231.99,0.1,4,Credit Card,2025-07-15,6,East,No,392.75,11.58,83.88,29,Male
O104127,C17687,P246319,Sports,183.27,0.0,1,UPI,2025-03-31,4,West,No,183.27,7.21,47.77,49,Male
O104128,C10612,P233331,Sports,151.5,0.0,2,Credit Card,2023-12-14,4,South,No,303.0,8.16,82.74,63,Female
O104129,C17071,P212201,Beauty,18.98,0.0,1,Debit Card,2023-12-05,5,East,No,18.98,4.31,4.23,33,Female
O104130,C16011,P241982,Sports,64.44,0.0,1,Credit Card,2024-12-15,6,East,No,64.44,7.67,11.66,39,Female
O104131,C10687,P231305,Electronics,230.06,0.0,1,Debit Card,2025-07-17,5,Central,No,230.06,9.13,18.48,62,Male
O104132,C13690,P217574,Grocery,5.0,0.15,2,UPI,2024-12-26,8,East,No,8.5,3.45,-2.77,38,Other
O104133,C10612,P230859,Fashion,51.08,0.0,2,Debit Card,2025-02-10,4,South,No,102.16,7.97,27.79,38,Male
O104134,C12307,P210096,Electronics,69.79,0.0,1,Credit Card,2025-08-10,4,North,No,69.79,6.27,2.1,45,Female
O104135,C17133,P210228,Grocery,15.16,0.0,1,Credit Card,2023-09-17,4,Central,No,15.16,4.75,-3.54,30,Female
O104136,C13013,P209218,Toys,16.18,0.1,1,Credit Card,2024-01-06,4,North,No,14.56,5.04,0.78,67,Female
O104137,C16509,P224831,Toys,35.35,0.0,1,Wallet,2024-12-13,5,North,No,35.35,5.68,8.46,65,Other
O104138,C11781,P218802,Electronics,310.35749999999996,0.0,4,COD,2024-03-01,5,South,No,392.75,12.0,83.88,18,Female
O104139,C15906,P247381,Toys,43.15,0.05,1,COD,2023-11-11,5,North,No,40.99,6.82,9.58,40,Male
O104140,C12591,P218947,Beauty,34.18,0.0,1,UPI,2023-12-16,5,West,No,34.18,5.51,9.87,46,Male
O104141,C12696,P219335,Sports,65.76,0.2,1,Wallet,2024-05-25,4,North,No,52.61,7.0,8.78,43,Male
O104142,C15643,P246861,Grocery,4.18,0.0,1,Credit Card,2024-05-15,8,East,No,4.18,2.12,-1.79,40,Male
O104143,C16026,P229907,Fashion,58.75,0.1,1,PayPal,2024-05-05,7,West,No,52.88,6.98,11.53,37,Male
O104144,C16957,P216653,Home,39.64,0.0,1,UPI,2024-07-28,5,West,No,39.64,5.39,5.71,49,Female
O104145,C13958,P239387,Sports,12.01,0.0,1,Wallet,2025-07-22,5,West,No,12.01,3.2,0.4,36,Female
O104146,C17183,P222031,Home,122.12,0.0,4,Debit Card,2025-06-28,5,East,No,392.75,10.04,83.88,39,Male
O104147,C15248,P209119,Electronics,212.85,0.0,1,Credit Card,2024-08-22,9,East,No,212.85,7.85,17.69,28,Male
O104148,C10574,P204555,Electronics,310.35749999999996,0.0,2,Credit Card,2025-05-11,5,North,No,392.75,10.57,83.88,62,Female
O104149,C17276,P246095,Beauty,28.43,0.15,2,COD,2024-02-23,5,North,No,48.33,6.12,15.63,52,Male
O104150,C11910,P201042,Fashion,56.23,0.0,1,COD,2024-05-17,4,South,No,56.23,6.88,12.8,48,Male
O104151,C15108,P238212,Electronics,310.35749999999996,0.0,1,PayPal,2024-04-08,3,North,No,392.75,9.76,56.72,25,Male
O104152,C13604,P204188,Fashion,25.11,0.0,1,Debit Card,2025-02-05,8,East,Yes,25.11,5.09,3.7,45,Female
O104153,C10669,P213060,Fashion,161.06,0.3,1,Credit Card,2024-11-13,5,South,No,112.74,6.31,33.15,25,Female
O104154,C14364,P210233,Electronics,131.3,0.05,3,Debit Card,2024-05-25,4,Central,No,374.21,8.28,36.63,25,Male
O104155,C17329,P203088,Electronics,310.35749999999996,0.05,1,Credit Card,2025-07-12,5,Central,No,392.75,9.35,72.42,27,Female
O104156,C11283,P201646,Grocery,32.83,0.0,1,Credit Card,2025-08-31,5,East,No,32.83,5.1,-2.47,39,Male
O104157,C10923,P213127,Electronics,62.94,0.05,2,Credit Card,2024-11-24,3,Central,No,119.59,8.16,6.19,61,Male
O104158,C11125,P232615,Toys,21.65,0.05,1,Credit Card,2025-02-04,5,West,No,20.57,4.85,3.38,53,Male
O104159,C11529,P200487,Sports,146.09,0.15,1,UPI,2024-05-15,4,North,No,124.18,8.31,28.94,69,Female
O104160,C15854,P215453,Beauty,78.35,0.0,1,Credit Card,2024-03-11,4,Central,No,78.35,6.41,28.85,34,Other
O104161,C11594,P234515,Fashion,19.23,0.15,1,Debit Card,2023-10-01,4,North,No,16.35,3.73,1.99,60,Other
O104162,C10246,P216911,Toys,18.23,0.0,1,Debit Card,2025-04-08,4,Central,No,18.23,3.93,3.36,26,Male
O104163,C13711,P217551,Home,205.3,0.0,4,Debit Card,2023-10-20,4,West,No,392.75,8.69,83.88,25,Female
O104164,C17962,P216278,Electronics,102.19,0.05,1,Debit Card,2024-10-24,4,West,No,97.08,8.03,3.62,57,Female
O104165,C11560,P220856,Home,262.43,0.0,2,Wallet,2023-12-03,5,East,No,392.75,10.44,83.88,24,Other
O104166,C16274,P211931,Fashion,30.41,0.15,1,Debit Card,2024-04-10,7,North,No,25.85,5.03,4.02,26,Female
O104167,C12400,P222188,Home,144.43,0.0,2,PayPal,2024-09-30,4,South,No,288.86,6.76,74.12,44,Male
O104168,C12243,P200483,Home,15.65,0.0,1,COD,2025-07-18,4,North,No,15.65,3.04,1.34,18,Male
O104169,C13864,P200451,Fashion,17.4,0.0,1,Credit Card,2023-12-13,4,West,No,17.4,4.89,1.2,35,Male
O104170,C11939,P204069,Sports,73.96,0.0,1,Debit Card,2025-06-10,4,South,No,73.96,5.44,16.75,18,Male
O104171,C15025,P213386,Grocery,5.49,0.2,1,Wallet,2025-06-22,4,North,No,4.39,1.94,-1.59,61,Female
O104172,C17833,P207207,Fashion,160.68,0.0,2,UPI,2023-12-27,6,West,No,321.36,7.88,83.88,65,Male
O104173,C17549,P237165,Fashion,82.9,0.0,1,Debit Card,2025-07-31,5,East,No,82.9,6.61,22.4,55,Female
O104174,C13069,P238439,Sports,206.82,0.0,1,UPI,2024-10-03,4,Central,No,206.82,8.28,53.77,50,Female
O104175,C16788,P218157,Beauty,18.38,0.2,1,COD,2023-12-31,3,Central,No,14.7,5.22,1.4,61,Male
O104176,C10226,P222006,Home,94.5,0.0,1,Debit Card,2024-07-08,4,Central,No,94.5,6.8,19.66,51,Female
O104177,C16844,P209190,Toys,34.17,0.05,4,UPI,2025-04-13,5,East,No,129.85,8.17,43.77,59,Male
O104178,C13547,P240180,Grocery,7.46,0.0,1,COD,2024-08-13,5,South,No,7.46,2.17,-1.57,28,Male
O104179,C17644,P218449,Beauty,19.06,0.05,1,Wallet,2025-03-08,4,North,No,18.11,4.41,3.74,26,Female
O104180,C10264,P241357,Fashion,41.97,0.05,1,Credit Card,2025-07-14,5,South,No,39.87,4.23,9.72,65,Male
O104181,C11395,P229678,Home,133.02,0.2,2,Credit Card,2023-11-22,7,East,No,212.83,6.58,53.01,29,Female
O104182,C13557,P214929,Home,148.22,0.0,1,Wallet,2024-12-13,4,North,No,148.22,7.61,33.89,69,Female
O104183,C15553,P239100,Home,160.34,0.0,1,COD,2025-05-11,7,East,Yes,160.34,10.02,34.88,29,Male
O104184,C10645,P248747,Fashion,33.86,0.1,1,COD,2024-10-24,4,Central,No,30.47,4.16,6.5,38,Female
O104185,C16354,P207913,Home,56.05,0.0,1,PayPal,2025-06-05,4,West,No,56.05,6.57,9.12,42,Male
O104186,C17739,P209995,Home,310.35749999999996,0.05,1,PayPal,2024-04-26,4,Central,No,325.67,11.17,80.02,58,Female
O104187,C17544,P226727,Fashion,91.18,0.1,1,Credit Card,2025-06-14,5,West,No,82.06,5.52,23.2,56,Male
O104188,C15514,P201946,Grocery,1.05,0.15,1,UPI,2024-05-18,6,East,No,0.89,0.94,-0.87,57,Female
O104189,C15569,P236183,Grocery,10.47,0.05,1,PayPal,2025-06-08,5,South,No,9.95,3.73,-2.93,37,Female
O104190,C12990,P201394,Sports,41.57,0.0,1,COD,2024-12-31,4,North,No,41.57,5.99,6.48,30,Male
O104191,C15483,P247852,Home,145.52,0.0,1,Credit Card,2024-01-01,4,North,No,145.52,7.13,33.62,45,Male
O104192,C11899,P202421,Home,101.96,0.0,1,PayPal,2024-06-22,6,North,No,101.96,7.13,21.42,53,Female
O104193,C12504,P220303,Sports,12.1,0.1,1,Credit Card,2025-06-07,5,South,No,10.89,2.39,0.88,52,Male
O104194,C12772,P240113,Beauty,34.88,0.05,1,COD,2024-06-29,5,South,No,33.14,5.1,9.81,44,Female
O104195,C17895,P219467,Beauty,10.89,0.0,1,Credit Card,2024-01-06,6,North,No,10.89,4.54,0.36,38,Female
O104196,C15345,P240798,Electronics,147.96,0.2,1,Debit Card,2025-04-02,4,North,Yes,118.37,8.48,5.72,31,Female
O104197,C15077,P224504,Beauty,3.79,0.0,1,Credit Card,2024-06-27,7,East,No,3.79,2.19,-0.48,64,Male
O104198,C11154,P210980,Grocery,24.2,0.15,1,UPI,2025-07-09,6,East,No,20.57,2.16,-0.51,42,Female
O104199,C10587,P201844,Electronics,310.35749999999996,0.0,3,Credit Card,2023-11-13,4,Central,No,392.75,11.09,83.88,45,Female
O104200,C14571,P234572,Fashion,37.61,0.2,1,Credit Card,2024-08-08,6,East,No,30.09,7.34,3.19,62,Male
O104201,C11821,P241849,Home,158.31,0.0,1,Credit Card,2025-02-26,5,South,No,158.31,8.98,35.35,41,Male
O104202,C10985,P218887,Sports,51.66,0.1,1,PayPal,2025-05-03,8,South,No,46.49,5.47,8.48,49,Female
O104203,C14079,P218277,Electronics,310.35749999999996,0.0,1,COD,2025-04-28,4,West,No,323.89,8.3,30.57,47,Female
O104204,C13348,P237112,Toys,7.64,0.0,1,PayPal,2025-07-08,6,South,No,7.64,4.79,-1.73,25,Male
O104205,C16299,P222975,Electronics,71.13,0.2,1,UPI,2024-12-23,6,East,No,56.9,7.93,-1.1,48,Male
O104206,C13831,P219449,Toys,18.21,0.0,1,Wallet,2024-12-18,6,South,No,18.21,6.11,1.17,68,Female
O104207,C11241,P244601,Electronics,131.25,0.1,1,PayPal,2025-01-14,5,South,No,118.12,5.83,8.34,45,Female
O104208,C10189,P219459,Electronics,310.35749999999996,0.0,1,COD,2025-08-25,4,West,Yes,392.75,8.5,51.57,67,Female
O104209,C15536,P201259,Toys,13.82,0.05,1,Credit Card,2024-01-14,5,North,No,13.13,4.52,0.73,40,Male
O104210,C10980,P218604,Toys,7.67,0.05,3,Credit Card,2025-03-11,5,South,No,21.86,3.77,4.97,50,Female
O104211,C11698,P213859,Grocery,13.34,0.05,1,Credit Card,2025-05-01,5,Central,No,12.67,2.34,-1.33,33,Male
O104212,C11715,P243798,Electronics,90.3,0.0,1,Wallet,2024-07-11,5,West,No,90.3,6.17,4.67,23,Male
O104213,C12593,P225362,Beauty,38.11,0.0,1,Debit Card,2024-12-29,5,Central,No,38.11,6.63,10.52,19,Female
O104214,C14136,P227943,Electronics,245.59,0.0,2,Debit Card,2023-09-29,6,East,No,392.75,7.84,51.1,53,Male
O104215,C16450,P221319,Electronics,310.35749999999996,0.05,1,Credit Card,2024-10-11,3,North,No,392.75,7.67,60.08,29,Male
O104216,C15038,P235215,Electronics,98.3,0.05,1,Debit Card,2025-07-05,4,West,No,93.38,6.75,4.46,57,Female
O104217,C14433,P235897,Electronics,206.7,0.1,1,Wallet,2024-04-24,6,East,No,186.03,8.49,13.83,50,Male
O104218,C15433,P207697,Grocery,3.61,0.2,2,Credit Card,2024-03-27,4,West,No,5.78,1.65,-1.19,58,Female
O104219,C11098,P223075,Electronics,70.52,0.0,1,Credit Card,2025-04-30,3,North,No,70.52,6.42,2.04,22,Female
O104220,C17096,P231360,Beauty,79.17,0.15,1,Credit Card,2023-10-06,4,North,No,67.29,5.74,24.54,36,Other
O104221,C12326,P228160,Beauty,34.78,0.0,1,Credit Card,2025-01-08,4,Central,No,34.78,5.45,10.2,28,Female
O104222,C13247,P228735,Fashion,24.37,0.0,1,Credit Card,2025-01-08,3,Central,No,24.37,5.18,3.35,53,Male
O104223,C10895,P231293,Grocery,4.72,0.0,1,UPI,2024-05-04,6,South,No,4.72,0.0,0.38,31,Male
O104224,C17829,P203949,Fashion,16.24,0.0,2,Credit Card,2024-04-25,4,North,No,32.48,5.63,5.74,35,Male
O104225,C16416,P210659,Grocery,1.58,0.0,1,Debit Card,2024-12-19,6,West,No,1.58,1.17,-1.04,20,Male
O104226,C16980,P208010,Grocery,2.43,0.0,1,COD,2023-10-20,5,South,No,2.43,0.22,-0.03,42,Female
O104227,C16763,P226769,Grocery,2.43,0.2,1,PayPal,2024-03-23,5,West,No,1.94,0.94,-0.78,28,Female
O104228,C11674,P223823,Sports,117.91,0.0,2,COD,2025-03-19,4,North,No,235.82,7.75,63.0,27,Male
O104229,C12909,P216400,Fashion,49.4,0.0,1,PayPal,2024-12-20,5,West,No,49.4,4.95,12.34,24,Female
O104230,C17950,P240727,Electronics,310.35749999999996,0.05,1,Debit Card,2024-11-15,6,West,No,306.78,9.0,27.81,34,Female
O104231,C10930,P239009,Beauty,35.49,0.0,2,UPI,2024-12-07,6,West,No,70.98,6.01,25.93,46,Male
O104232,C14384,P214787,Home,48.08,0.0,2,Credit Card,2025-07-12,6,South,No,96.16,8.62,18.3,58,Female
O104233,C10723,P207906,Toys,10.25,0.1,1,COD,2024-06-30,4,South,No,9.22,3.53,0.16,37,Male
O104234,C12940,P245953,Sports,23.32,0.0,1,Credit Card,2025-06-27,5,Central,No,23.32,6.18,0.82,38,Male
O104235,C16415,P213303,Fashion,48.56,0.2,4,Wallet,2025-01-22,5,East,No,155.39,6.68,47.71,42,Female
O104236,C16049,P201266,Electronics,310.35749999999996,0.05,1,COD,2025-03-20,7,East,No,392.75,10.99,83.88,58,Male
O104237,C11089,P233246,Fashion,102.78,0.0,2,Credit Card,2023-10-29,5,Central,No,205.56,9.15,62.8,55,Female
O104238,C14578,P203977,Beauty,22.84,0.3,4,PayPal,2025-04-18,4,North,No,63.95,7.37,21.41,43,Female
O104239,C10935,P206068,Electronics,310.35749999999996,0.15,1,Credit Card,2024-08-04,5,East,No,328.29,7.42,31.97,69,Other
O104240,C12295,P244504,Sports,310.35749999999996,0.0,1,UPI,2024-04-27,3,Central,No,392.75,11.56,83.88,21,Male
O104241,C10155,P231227,Sports,81.63,0.0,1,Credit Card,2023-11-11,5,North,No,81.63,4.87,19.62,35,Female
O104242,C11070,P212740,Electronics,310.35749999999996,0.0,1,COD,2025-07-23,5,West,No,392.75,9.77,75.98,63,Male
O104243,C11958,P222797,Beauty,20.01,0.0,3,UPI,2024-01-19,5,East,No,60.03,7.07,19.94,20,Female
O104244,C12501,P207791,Beauty,4.2,0.05,1,Credit Card,2024-09-16,5,Central,No,3.99,2.53,-0.73,61,Female
O104245,C16344,P200485,Home,310.35749999999996,0.0,2,COD,2025-07-12,4,West,No,392.75,9.19,83.88,18,Female
O104246,C15779,P245048,Grocery,2.56,0.0,1,Debit Card,2024-10-10,4,West,No,2.56,0.4,-0.2,25,Other
O104247,C14219,P230695,Electronics,310.35749999999996,0.0,1,PayPal,2024-10-08,6,East,No,392.75,10.62,42.88,38,Male
O104248,C16144,P237441,Home,45.78,0.05,4,Wallet,2023-12-18,6,East,No,173.96,8.69,40.02,41,Female
O104249,C15063,P200337,Grocery,31.45,0.2,1,Debit Card,2023-11-11,6,South,No,25.16,3.78,-1.77,56,Male
O104250,C13830,P225436,Home,39.46,0.0,3,Credit Card,2023-10-03,5,South,No,118.38,7.26,25.89,19,Female
O104251,C10854,P215092,Home,29.87,0.0,3,COD,2024-01-08,5,Central,No,89.61,7.41,17.68,29,Female
O104252,C10639,P234771,Sports,66.79,0.0,1,Credit Card,2024-08-13,4,South,No,66.79,6.35,13.69,37,Female
O104253,C12238,P201471,Sports,77.51,0.0,1,Credit Card,2025-01-21,4,Central,No,77.51,6.52,16.73,23,Female
O104254,C11602,P244388,Electronics,310.35749999999996,0.0,2,Debit Card,2025-02-27,6,East,No,392.75,11.01,83.88,19,Male
O104255,C16659,P227696,Home,199.23,0.0,1,COD,2025-05-03,5,West,No,199.23,7.25,48.53,65,Other
O104256,C10441,P206489,Fashion,24.56,0.05,1,Credit Card,2024-09-26,6,East,No,23.33,3.92,4.25,40,Female
O104257,C16040,P207856,Beauty,14.91,0.2,1,COD,2025-08-19,6,South,No,11.93,3.36,2.01,18,Female
O104258,C15934,P228611,Beauty,24.06,0.05,2,UPI,2024-06-15,5,East,No,45.71,6.24,14.33,25,Female
O104259,C15925,P209365,Sports,88.86,0.0,4,Debit Card,2025-08-05,5,East,No,355.44,10.33,83.88,49,Male
O104260,C16286,P234373,Sports,204.78,0.15,1,Credit Card,2025-04-27,7,East,Yes,174.06,6.86,45.36,63,Female
O104261,C17358,P205664,Fashion,36.44,0.15,3,Credit Card,2024-02-26,5,North,No,92.92,5.32,27.2,36,Male
O104262,C14628,P223323,Fashion,115.12,0.0,2,Credit Card,2025-08-01,5,Central,No,230.24,8.26,72.32,34,Male
O104263,C16370,P226455,Home,40.22,0.0,1,Debit Card,2023-10-16,3,Central,No,40.22,4.8,6.46,26,Female
O104264,C11336,P205379,Fashion,104.42,0.0,1,PayPal,2024-07-03,3,North,No,104.42,7.4,29.15,69,Male
O104265,C13700,P244353,Sports,45.68,0.0,1,Credit Card,2025-05-09,7,East,No,45.68,5.71,7.99,54,Male
O104266,C10948,P202124,Beauty,41.15,0.0,1,Credit Card,2025-03-22,6,East,No,41.15,5.84,12.68,68,Male
O104267,C13373,P246189,Fashion,45.97,0.3,2,Credit Card,2023-11-10,6,South,No,64.36,6.67,15.86,33,Female
O104268,C17821,P231536,Grocery,28.44,0.15,3,Debit Card,2024-02-18,5,West,No,72.52,6.49,-0.69,21,Female
O104269,C16115,P204991,Home,44.63,0.0,1,COD,2025-03-14,5,East,No,44.63,4.91,7.59,43,Male
O104270,C10459,P206794,Electronics,310.35749999999996,0.05,2,UPI,2024-12-15,3,North,No,392.75,10.31,83.88,20,Male
O104271,C17568,P229218,Fashion,97.94,0.0,2,COD,2024-06-09,3,Central,No,195.88,10.03,58.53,29,Male
O104272,C14646,P231113,Beauty,39.73,0.1,1,Debit Card,2024-05-05,7,East,No,35.76,6.86,9.23,68,Male
O104273,C10392,P236074,Fashion,46.04,0.1,1,Wallet,2025-03-31,4,North,No,41.44,5.99,8.51,56,Female
O104274,C13938,P227977,Toys,24.13,0.0,1,Credit Card,2025-04-19,6,East,No,24.13,3.51,6.14,49,Female
O104275,C11787,P228359,Home,38.81,0.0,1,Debit Card,2025-08-28,4,West,No,38.81,6.14,4.73,32,Female
O104276,C14940,P249302,Grocery,4.21,0.05,1,Credit Card,2025-01-10,6,East,No,4.0,2.52,-2.2,48,Male
O104277,C17374,P248673,Electronics,151.08,0.0,2,COD,2025-03-14,5,South,No,302.16,8.03,28.23,49,Female
O104278,C12257,P218043,Sports,183.1,0.1,3,Debit Card,2024-05-23,5,East,No,392.75,8.16,83.88,25,Female
O104279,C11138,P222523,Grocery,3.41,0.05,1,COD,2024-02-22,5,West,No,3.24,1.04,-0.78,40,Male
O104280,C13808,P209070,Fashion,22.46,0.15,1,Debit Card,2024-11-30,6,East,No,19.09,3.58,3.1,59,Male
O104281,C14741,P207199,Electronics,310.35749999999996,0.0,1,Debit Card,2024-10-29,4,South,No,392.75,10.08,83.88,67,Female
O104282,C17418,P218703,Home,195.32,0.0,1,Debit Card,2024-02-07,4,South,No,195.32,6.18,48.51,68,Female
O104283,C16362,P219267,Grocery,18.39,0.2,1,UPI,2023-11-21,3,Central,No,14.71,3.4,-2.22,46,Male
O104284,C12454,P214133,Beauty,17.88,0.15,1,Credit Card,2024-02-09,5,North,No,15.2,4.03,2.81,30,Male
O104285,C11466,P228571,Sports,129.17,0.0,1,Credit Card,2024-06-01,8,East,No,129.17,8.2,30.55,43,Female
O104286,C13674,P226991,Sports,92.02,0.15,1,Credit Card,2024-12-29,6,East,No,78.22,6.95,16.52,66,Male
O104287,C11377,P211579,Electronics,74.1,0.15,1,Debit Card,2024-12-18,5,West,No,62.98,8.66,-1.1,61,Female
O104288,C17031,P249741,Home,123.14,0.0,1,Credit Card,2024-09-21,4,North,No,123.14,8.53,25.95,31,Female
O104289,C16701,P233355,Electronics,245.63,0.15,5,Debit Card,2024-05-15,7,East,No,392.75,9.89,83.88,49,Other
O104290,C12597,P219003,Fashion,10.95,0.0,1,Debit Card,2024-11-20,7,East,No,10.95,2.9,0.93,58,Female
O104291,C10141,P221871,Toys,10.3,0.0,1,Debit Card,2024-07-13,5,Central,No,10.3,2.29,1.83,65,Female
O104292,C12659,P206223,Sports,231.43,0.0,1,Credit Card,2023-12-20,4,North,No,231.43,6.97,62.46,40,Female
O104293,C14596,P214197,Grocery,22.44,0.2,1,Credit Card,2024-06-09,6,West,No,17.95,4.84,-3.4,47,Female
O104294,C10839,P209387,Electronics,310.35749999999996,0.0,1,Debit Card,2023-10-14,3,North,No,392.75,10.19,83.88,41,Male
O104295,C16845,P237121,Home,176.24,0.0,1,Credit Card,2024-01-16,6,West,No,176.24,9.54,39.81,66,Male
O104296,C13618,P226902,Toys,21.69,0.0,1,PayPal,2025-09-08,4,West,No,21.69,4.77,3.91,39,Male
O104297,C15778,P214839,Fashion,12.37,0.0,1,PayPal,2024-09-20,5,East,No,12.37,2.93,1.4,44,Female
O104298,C15661,P235373,Electronics,86.86,0.05,1,Credit Card,2023-11-12,4,Central,No,82.52,5.32,4.58,69,Male
O104299,C16142,P235306,Home,47.31,0.05,2,Debit Card,2024-05-05,6,East,Yes,89.89,4.96,20.21,59,Male
O104300,C13917,P213896,Home,59.66,0.05,1,Credit Card,2025-05-12,6,South,No,56.68,5.02,10.85,20,Female
O104301,C15626,P241525,Grocery,13.3,0.0,4,PayPal,2024-01-05,5,South,No,53.2,7.79,-3.53,30,Male
O104302,C10595,P216198,Home,286.25,0.1,2,Debit Card,2023-10-30,4,Central,No,392.75,9.29,83.88,58,Male
O104303,C11904,P234524,Toys,45.54,0.15,1,Wallet,2023-11-05,3,North,No,38.71,4.45,11.03,22,Female
O104304,C10280,P228651,Grocery,16.1,0.0,1,Debit Card,2025-02-17,4,North,No,16.1,4.6,-3.31,62,Female
O104305,C10423,P232636,Electronics,310.35749999999996,0.1,1,Debit Card,2024-01-25,4,North,No,294.53,9.09,26.25,23,Female
O104306,C16999,P234128,Sports,37.56,0.0,1,Debit Card,2024-11-08,5,South,No,37.56,4.17,7.1,62,Female
O104307,C14365,P227144,Fashion,141.67,0.0,1,PayPal,2024-04-29,4,West,Yes,141.67,6.23,43.35,39,Male
O104308,C14249,P218757,Electronics,310.35749999999996,0.0,1,Debit Card,2024-01-13,4,West,No,392.75,9.8,39.57,28,Male
O104309,C16757,P233963,Toys,16.99,0.15,4,Credit Card,2025-03-09,5,East,No,57.77,6.38,16.73,34,Male
O104310,C11750,P218515,Fashion,10.4,0.2,1,Debit Card,2025-01-06,3,Central,Yes,8.32,3.9,-0.99,25,Male
O104311,C14757,P240777,Fashion,90.94,0.05,3,Debit Card,2025-01-07,3,Central,No,259.18,7.55,83.16,60,Female
O104312,C11967,P222027,Fashion,26.1,0.0,1,Credit Card,2023-09-28,5,North,No,26.1,5.26,3.88,40,Female
O104313,C14088,P213792,Fashion,118.5,0.0,1,Debit Card,2024-04-05,3,North,Yes,118.5,5.84,35.63,35,Male
O104314,C14178,P215777,Home,34.28,0.0,1,COD,2023-12-18,4,South,No,34.28,5.35,4.25,45,Female
O104315,C17789,P219794,Home,16.56,0.0,2,PayPal,2024-07-10,6,West,No,33.12,4.7,4.57,65,Female
O104316,C17090,P232544,Home,85.11,0.05,3,Credit Card,2023-12-09,4,South,No,242.56,9.29,58.63,50,Female
O104317,C12946,P218751,Grocery,2.07,0.0,1,Debit Card,2025-08-16,6,East,No,2.07,0.27,-0.1,38,Female
O104318,C11449,P231023,Fashion,8.14,0.0,1,Credit Card,2025-05-18,3,North,No,8.14,3.51,-0.66,61,Female
O104319,C15394,P219727,Electronics,310.35749999999996,0.1,2,Credit Card,2025-08-16,4,South,No,392.75,9.58,83.88,36,Male
O104320,C17880,P247793,Electronics,146.71,0.0,1,UPI,2024-07-08,5,North,No,146.71,7.31,10.3,63,Male
O104321,C12331,P223665,Sports,110.15,0.05,1,Credit Card,2024-09-04,5,South,No,104.64,5.22,26.17,44,Female
O104322,C15075,P231126,Beauty,23.72,0.0,1,UPI,2024-08-03,6,South,No,23.72,4.58,6.09,57,Male
O104323,C12220,P219481,Grocery,3.0,0.15,1,Credit Card,2024-05-06,4,West,No,2.55,2.4,-2.2,46,Male
O104324,C17494,P225836,Sports,57.93,0.1,1,COD,2024-06-14,4,North,Yes,52.14,6.12,9.52,67,Female
O104325,C13789,P234101,Fashion,8.36,0.15,1,Credit Card,2025-04-04,5,Central,No,7.11,3.46,-0.97,24,Female
O104326,C17230,P223549,Electronics,227.98,0.0,1,Credit Card,2025-02-01,4,South,No,227.98,8.24,19.12,54,Female
O104327,C17240,P245604,Beauty,7.93,0.3,1,Debit Card,2024-11-26,5,East,No,5.55,3.36,-0.86,34,Female
O104328,C12810,P203336,Sports,19.96,0.0,1,Credit Card,2025-08-02,5,East,No,19.96,5.78,0.21,21,Male
O104329,C15755,P208157,Electronics,173.9,0.15,2,Debit Card,2024-08-07,8,East,No,295.63,8.83,26.65,55,Female
O104330,C15494,P236155,Beauty,3.08,0.0,1,Debit Card,2025-08-13,6,South,No,3.08,2.5,-1.11,67,Male
O104331,C14728,P237481,Toys,29.88,0.2,2,Debit Card,2025-06-21,4,South,No,47.81,6.3,12.82,67,Male
O104332,C11531,P231567,Sports,26.93,0.0,2,Debit Card,2025-02-14,6,East,No,53.86,3.5,12.66,42,Male
O104333,C14882,P237869,Sports,106.67,0.05,1,Credit Card,2024-05-23,7,West,No,101.34,7.77,22.63,21,Female
O104334,C12990,P202431,Toys,37.15,0.3,2,PayPal,2024-11-13,5,South,No,52.01,6.5,14.3,25,Other
O104335,C17155,P233784,Electronics,310.35749999999996,0.05,1,Debit Card,2024-10-18,6,South,No,392.75,10.55,83.88,45,Male
O104336,C14493,P217025,Fashion,45.09,0.05,1,COD,2024-08-11,5,North,No,42.84,4.25,10.74,23,Female
O104337,C11143,P220446,Electronics,310.35749999999996,0.05,1,Credit Card,2023-12-20,5,South,No,392.75,7.09,56.13,64,Male
O104338,C10933,P208507,Electronics,247.13,0.2,1,Credit Card,2023-09-12,5,West,No,197.7,6.99,16.73,28,Female
O104339,C11460,P233208,Grocery,9.87,0.05,1,Credit Card,2025-03-31,3,Central,No,9.38,2.62,-1.87,55,Female
O104340,C15948,P217522,Fashion,43.91,0.0,1,Credit Card,2024-12-15,6,East,No,43.91,5.55,9.82,58,Female
O104341,C12723,P247402,Sports,119.06,0.0,1,COD,2024-11-06,4,North,No,119.06,8.64,27.08,24,Other
O104342,C17079,P225490,Sports,118.99,0.1,1,COD,2024-05-01,4,North,No,107.09,5.46,26.67,42,Female
O104343,C12512,P238011,Sports,161.32,0.0,1,COD,2023-11-01,3,Central,No,161.32,8.45,39.95,22,Male
O104344,C10285,P235071,Beauty,26.51,0.0,2,Debit Card,2024-10-17,3,North,No,53.02,4.3,19.56,22,Female
O104345,C10264,P247754,Home,292.09,0.1,1,UPI,2024-09-10,4,West,No,262.88,9.22,64.39,45,Male
O104346,C12367,P230413,Home,172.64,0.0,3,COD,2024-12-19,5,Central,No,392.75,12.07,83.88,46,Female
O104347,C16816,P245102,Grocery,35.82,0.0,1,Wallet,2024-07-26,6,South,No,35.82,5.2,-2.33,24,Female
O104348,C13447,P214040,Electronics,310.35749999999996,0.1,1,Credit Card,2024-10-22,3,North,No,392.75,8.77,45.35,63,Female
O104349,C16963,P238718,Electronics,310.35749999999996,0.15,1,PayPal,2025-08-31,4,Central,No,392.75,9.46,40.13,42,Female
O104350,C16232,P207046,Home,269.25,0.0,3,Credit Card,2025-06-09,5,South,Yes,392.75,10.03,83.88,33,Male
O104351,C15773,P239374,Fashion,57.44,0.0,1,Credit Card,2024-02-20,4,South,No,57.44,7.06,13.04,68,Female
O104352,C15322,P236189,Home,36.06,0.0,3,COD,2025-03-09,4,North,No,108.18,8.95,21.34,51,Male
O104353,C14916,P246202,Grocery,2.14,0.1,1,UPI,2025-07-24,4,North,No,1.93,0.37,-0.22,57,Male
O104354,C11762,P218462,Toys,9.46,0.0,1,Wallet,2025-08-14,6,West,No,9.46,3.43,0.35,45,Female
O104355,C13048,P238871,Toys,35.12,0.0,1,UPI,2025-04-01,4,North,Yes,35.12,4.2,9.85,30,Other
O104356,C12381,P220534,Home,12.89,0.15,2,Debit Card,2025-07-05,5,North,No,21.91,5.53,0.6,43,Female
O104357,C12269,P234968,Fashion,12.99,0.05,1,UPI,2024-12-21,6,West,No,12.34,3.39,0.93,30,Female
O104358,C10040,P220935,Toys,4.21,0.1,1,PayPal,2024-02-28,5,West,No,3.79,3.77,-2.25,38,Female
O104359,C15827,P240995,Toys,2.75,0.0,2,Credit Card,2024-12-12,5,South,Yes,5.5,1.92,0.28,44,Male
O104360,C10067,P209009,Beauty,43.72,0.0,1,COD,2025-06-23,6,South,No,43.72,6.07,13.6,60,Female
O104361,C10987,P246989,Grocery,5.32,0.0,1,Debit Card,2025-08-17,3,North,No,5.32,3.02,-2.59,30,Female
O104362,C15895,P246876,Grocery,18.19,0.05,2,Credit Card,2023-12-01,6,West,No,34.56,5.14,-2.38,69,Male
O104363,C16657,P201946,Home,30.15,0.0,1,Debit Card,2025-07-28,5,West,Yes,30.15,5.33,3.11,57,Male
O104364,C17804,P236724,Fashion,30.85,0.0,1,Credit Card,2023-10-14,6,East,No,30.85,5.64,5.16,63,Female
O104365,C17789,P245311,Home,26.3,0.2,1,Credit Card,2023-12-28,6,South,No,21.04,3.78,2.11,40,Female
O104366,C15717,P240483,Grocery,1.03,0.0,1,Debit Card,2024-03-09,3,Central,No,1.03,1.3,-1.22,44,Male
O104367,C14008,P203325,Fashion,51.7,0.05,1,Credit Card,2023-09-14,5,East,No,49.12,6.42,10.77,67,Male
O104368,C15751,P208699,Beauty,19.07,0.05,1,COD,2024-06-11,5,West,No,18.12,3.84,4.31,24,Female
O104369,C13198,P203745,Sports,63.0,0.0,1,Wallet,2024-03-27,7,South,No,63.0,7.38,11.52,24,Female
O104370,C15374,P245076,Fashion,9.03,0.05,1,Credit Card,2023-12-25,5,West,No,8.58,2.9,0.1,56,Male
O104371,C14790,P244837,Beauty,24.74,0.0,4,UPI,2025-08-30,4,Central,No,98.96,7.05,37.48,64,Female
O104372,C17183,P230794,Fashion,79.44,0.0,1,PayPal,2024-10-10,4,West,No,79.44,6.47,21.33,63,Female
O104373,C12524,P224544,Toys,3.37,0.0,3,Debit Card,2024-10-18,5,South,No,10.11,4.05,-0.01,55,Other
O104374,C11085,P221198,Sports,62.46,0.1,1,PayPal,2024-09-07,5,South,No,56.21,6.35,10.51,37,Female
O104375,C17024,P213489,Toys,9.34,0.2,1,Wallet,2024-11-14,4,Central,No,7.47,2.56,0.43,44,Female
O104376,C12479,P246116,Fashion,114.37,0.0,1,PayPal,2023-12-03,4,Central,No,114.37,7.86,32.17,19,Female
O104377,C11693,P222474,Electronics,149.03,0.15,1,PayPal,2024-03-07,3,North,No,126.68,8.77,6.43,29,Male
O104378,C12315,P218420,Toys,58.79,0.2,1,UPI,2025-08-04,5,South,No,47.03,4.65,14.16,69,Female
O104379,C15154,P202677,Home,242.08,0.0,1,COD,2024-05-03,4,South,No,242.08,8.73,59.05,33,Female
O104380,C10778,P234512,Electronics,84.3,0.0,2,COD,2024-01-08,4,West,No,168.6,8.42,11.81,68,Male
O104381,C17743,P211175,Electronics,262.92,0.0,2,Credit Card,2025-05-22,4,North,No,392.75,10.93,52.17,36,Female
O104382,C14589,P243318,Home,147.85,0.0,1,Credit Card,2025-03-25,5,South,No,147.85,6.83,34.57,62,Male
O104383,C11585,P242191,Electronics,310.35749999999996,0.0,1,Debit Card,2024-06-26,5,South,No,342.21,7.08,33.99,22,Male
O104384,C11492,P201177,Beauty,30.86,0.05,1,Credit Card,2024-06-28,6,East,No,29.32,2.73,10.46,43,Male
O104385,C15886,P200761,Sports,64.64,0.05,3,Debit Card,2024-06-12,4,West,No,184.22,7.9,47.37,63,Female
O104386,C10660,P237546,Beauty,60.6,0.0,1,Debit Card,2025-04-17,5,West,No,60.6,7.24,20.03,21,Female
O104387,C11348,P206458,Grocery,5.15,0.0,1,Credit Card,2025-03-27,5,North,No,5.15,3.37,-2.96,41,Male
O104388,C15423,P220110,Electronics,82.12,0.0,1,Debit Card,2023-10-03,3,Central,No,82.12,6.84,3.01,23,Female
O104389,C11299,P242503,Home,310.35749999999996,0.0,1,Credit Card,2025-02-23,4,West,No,392.75,10.25,83.88,22,Female
O104390,C13940,P228253,Electronics,310.35749999999996,0.05,1,COD,2023-11-09,5,East,No,373.37,9.79,35.01,64,Female
O104391,C11986,P218317,Toys,23.17,0.0,3,COD,2023-11-17,4,North,Yes,69.51,7.33,20.47,32,Male
O104392,C17851,P228433,Grocery,23.4,0.0,1,Debit Card,2025-06-09,5,West,No,23.4,5.74,-3.87,63,Female
O104393,C17156,P207179,Home,82.05,0.0,1,Credit Card,2023-09-30,5,North,No,82.05,7.2,15.77,37,Female
O104394,C12044,P214849,Fashion,29.0,0.0,1,PayPal,2024-05-18,6,East,No,29.0,6.61,3.54,55,Female
O104395,C17368,P204444,Fashion,151.46,0.1,4,Credit Card,2025-08-26,5,North,No,392.75,10.2,83.88,21,Female
O104396,C13516,P202964,Toys,11.62,0.1,1,Debit Card,2023-12-20,3,Central,No,10.46,4.28,-0.1,29,Male
O104397,C16024,P241990,Sports,18.04,0.1,1,Credit Card,2024-07-18,3,North,No,16.24,5.29,-0.42,29,Other
O104398,C15443,P212811,Grocery,5.84,0.1,1,Debit Card,2024-09-10,6,Central,No,5.26,1.41,-0.99,68,Female
O104399,C11058,P210067,Electronics,310.35749999999996,0.0,4,COD,2023-09-18,4,South,No,392.75,12.900000000000002,83.88,44,Male
O104400,C10976,P239992,Home,23.14,0.15,1,Credit Card,2023-11-19,5,South,No,19.67,4.09,1.42,60,Male
O104401,C14577,P210472,Sports,134.02,0.0,2,Credit Card,2024-10-09,4,Central,No,268.04,9.19,71.22,59,Female
O104402,C10727,P215126,Grocery,5.08,0.0,1,Credit Card,2023-09-19,6,Central,No,5.08,2.49,-2.08,47,Female
O104403,C12527,P203101,Home,190.32,0.0,2,Wallet,2025-07-21,5,Central,No,380.64,10.56,83.88,22,Female
O104404,C13136,P226990,Fashion,40.53,0.05,1,Credit Card,2025-03-26,6,West,No,38.5,4.27,9.2,34,Male
O104405,C15127,P236665,Grocery,14.33,0.0,1,Wallet,2024-08-30,3,North,No,14.33,4.79,-3.64,27,Female
O104406,C17468,P203678,Electronics,140.56,0.05,1,Credit Card,2023-11-13,5,North,No,133.53,6.62,9.4,69,Male
O104407,C10342,P234611,Home,34.24,0.0,1,Credit Card,2025-04-20,6,West,No,34.24,5.83,3.76,25,Female
O104408,C17598,P230729,Home,18.61,0.0,1,Credit Card,2023-10-31,5,South,No,18.61,5.38,-0.17,46,Male
O104409,C11447,P229035,Electronics,310.35749999999996,0.1,2,Credit Card,2024-05-26,4,South,No,392.75,10.6,83.88,40,Male
O104410,C12379,P215958,Home,173.21,0.0,1,Debit Card,2025-06-17,4,West,No,173.21,10.08,38.42,47,Female
O104411,C16581,P224250,Sports,44.14,0.15,1,Credit Card,2023-09-13,6,East,No,37.52,5.11,6.15,41,Male
O104412,C13659,P207083,Home,248.77,0.0,2,UPI,2023-09-22,4,West,No,392.75,9.26,83.88,29,Male
O104413,C16317,P221756,Fashion,93.2,0.0,1,Credit Card,2025-08-09,6,North,Yes,93.2,6.1,26.52,28,Male
O104414,C16702,P201466,Toys,4.92,0.15,2,UPI,2024-12-11,5,Central,No,8.36,4.49,-1.15,20,Female
O104415,C10526,P249887,Grocery,17.47,0.0,1,Credit Card,2024-03-17,4,South,No,17.47,6.06,-4.66,67,Male
O104416,C11896,P200339,Toys,8.8,0.0,1,Credit Card,2024-05-05,6,East,No,8.8,3.57,-0.05,18,Male
O104417,C14754,P244547,Toys,14.38,0.2,1,Debit Card,2025-06-27,4,South,No,11.5,3.19,1.41,55,Male
O104418,C12073,P221103,Grocery,8.4,0.0,1,Debit Card,2024-11-23,10,East,No,8.4,3.44,-2.77,57,Male
O104419,C14915,P217088,Toys,20.03,0.05,1,Wallet,2024-02-10,4,Central,No,19.03,5.72,1.89,25,Male
O104420,C16748,P203724,Grocery,6.61,0.15,1,Wallet,2023-09-23,4,South,No,5.62,1.94,-1.49,33,Female
O104421,C10405,P240957,Sports,17.48,0.0,1,Credit Card,2023-12-12,7,Central,No,17.48,5.17,0.07,53,Female
O104422,C16375,P221643,Sports,119.81,0.05,1,COD,2024-07-04,4,West,No,113.82,7.56,26.59,54,Male
O104423,C16676,P226044,Sports,310.35749999999996,0.05,2,Credit Card,2025-03-21,5,West,No,392.75,7.97,83.88,44,Female
O104424,C17986,P210334,Grocery,15.51,0.0,1,COD,2023-09-12,6,East,No,15.51,3.92,-2.68,54,Female
O104425,C11573,P233320,Sports,86.27,0.05,2,Debit Card,2025-04-07,4,Central,Yes,163.91,9.28,39.89,59,Female
O104426,C15907,P236259,Toys,5.51,0.1,1,UPI,2024-07-07,7,East,No,4.96,4.09,-2.11,44,Male
O104427,C14600,P200789,Fashion,53.25,0.0,1,Debit Card,2024-10-01,4,Central,No,53.25,5.44,13.2,65,Female
O104428,C13740,P233941,Grocery,13.43,0.0,1,COD,2023-09-21,4,South,No,13.43,3.25,-2.18,67,Male
O104429,C14274,P200552,Home,136.97,0.0,1,Debit Card,2024-08-01,6,East,No,136.97,8.49,29.86,22,Female
O104430,C14227,P219806,Electronics,310.35749999999996,0.2,1,Credit Card,2024-12-30,4,South,No,392.75,9.87,64.46,21,Female
O104431,C11846,P236979,Toys,26.78,0.0,2,COD,2024-09-15,4,North,No,53.56,6.18,15.24,26,Male
O104432,C11478,P208823,Fashion,80.21,0.0,1,Credit Card,2024-08-27,5,East,No,80.21,4.47,23.6,53,Female
O104433,C12395,P231980,Fashion,23.48,0.0,1,Debit Card,2025-03-06,5,East,No,23.48,5.66,2.56,28,Male
O104434,C16683,P249421,Fashion,20.5,0.0,1,Credit Card,2024-05-13,5,East,No,20.5,4.39,2.78,49,Male
O104435,C10771,P200860,Electronics,125.29,0.0,1,Credit Card,2024-07-06,3,North,Yes,125.29,7.85,7.18,36,Male
O104436,C15525,P200290,Electronics,310.35749999999996,0.0,4,Credit Card,2025-09-03,6,South,No,392.75,11.59,83.88,49,Male
O104437,C16219,P242417,Beauty,32.38,0.1,2,Credit Card,2025-04-23,5,East,No,58.28,6.48,19.75,68,Male
O104438,C10578,P214344,Toys,10.23,0.1,2,PayPal,2024-03-10,3,Central,No,18.41,4.17,3.19,25,Female
O104439,C12901,P205870,Home,30.03,0.0,2,UPI,2025-06-23,5,Central,No,60.06,6.85,9.97,26,Other
O104440,C15611,P233397,Beauty,48.94,0.0,1,COD,2024-01-07,5,East,No,48.94,5.96,16.06,65,Male
O104441,C10193,P239775,Toys,11.54,0.0,2,Credit Card,2024-09-10,4,North,No,23.08,3.07,6.16,29,Male
O104442,C12007,P216186,Fashion,15.35,0.0,1,Debit Card,2024-01-30,4,North,No,15.35,4.13,1.24,30,Male
O104443,C11185,P238711,Sports,25.34,0.0,1,UPI,2024-02-06,5,South,No,25.34,4.47,3.13,51,Female
O104444,C12394,P249626,Fashion,128.99,0.0,1,Credit Card,2024-09-07,5,West,No,128.99,7.02,38.13,35,Female
O104445,C12998,P232265,Sports,23.71,0.0,1,Credit Card,2024-02-06,7,East,No,23.71,4.72,2.39,41,Female
O104446,C15480,P221016,Fashion,26.92,0.0,4,Credit Card,2025-02-25,6,East,No,107.68,7.91,29.78,65,Female
O104447,C11792,P204080,Grocery,14.17,0.0,4,Debit Card,2024-10-10,7,East,No,56.68,6.3,-1.77,37,Other
O104448,C17751,P212972,Electronics,220.42,0.0,3,COD,2023-12-01,4,West,No,392.75,10.54,68.81,32,Male
O104449,C11110,P201760,Home,95.46,0.0,1,Credit Card,2025-08-12,5,North,No,95.46,5.5,21.23,59,Male
O104450,C14005,P211274,Fashion,84.78,0.0,1,Wallet,2025-03-18,4,North,No,84.78,8.23,21.44,21,Female
O104451,C17429,P237476,Beauty,178.79,0.05,1,COD,2025-04-21,3,North,Yes,169.85,6.53,69.9,38,Male
O104452,C12261,P223304,Home,92.9,0.0,1,Debit Card,2024-12-06,5,South,Yes,92.9,7.07,18.94,23,Female
O104453,C13736,P212166,Fashion,28.41,0.0,1,Credit Card,2024-02-02,6,West,No,28.41,4.92,5.02,23,Male
O104454,C13793,P203398,Fashion,30.67,0.05,1,Credit Card,2024-04-20,3,North,No,29.14,3.75,6.45,58,Male
O104455,C11936,P230625,Fashion,27.65,0.0,1,Wallet,2023-11-11,5,South,No,27.65,5.15,4.53,69,Female
O104456,C16716,P247698,Toys,14.63,0.0,1,UPI,2024-10-13,5,Central,No,14.63,3.72,2.13,48,Male
O104457,C14875,P210515,Fashion,24.92,0.0,1,UPI,2025-05-04,4,West,No,24.92,5.04,3.68,32,Male
O104458,C14357,P214705,Toys,14.21,0.2,3,Credit Card,2024-10-30,6,East,No,34.1,5.96,7.68,26,Other
O104459,C10729,P236329,Home,310.35749999999996,0.0,1,COD,2025-06-20,5,West,No,392.75,9.85,83.88,35,Female
O104460,C14378,P210607,Electronics,159.58,0.1,1,Credit Card,2024-12-29,3,North,No,143.62,5.8,11.43,63,Male
O104461,C17815,P230006,Electronics,310.35749999999996,0.1,1,UPI,2023-12-27,4,North,No,353.65,8.56,33.88,64,Male
O104462,C15586,P213018,Grocery,9.79,0.1,2,Credit Card,2024-05-28,4,West,No,17.62,4.9,-3.49,21,Female
O104463,C13451,P209816,Beauty,35.3,0.05,1,Wallet,2025-05-06,3,Central,No,33.53,4.88,10.21,69,Female
O104464,C14457,P220494,Fashion,36.43,0.0,1,COD,2024-07-31,7,West,Yes,36.43,5.88,6.87,38,Female
O104465,C17616,P221237,Sports,27.21,0.1,5,COD,2025-08-12,9,East,No,122.44,6.71,30.02,34,Male
O104466,C14536,P206831,Toys,42.49,0.05,1,Wallet,2024-12-08,4,South,No,40.37,5.2,10.95,19,Female
O104467,C12140,P240963,Fashion,60.38,0.05,1,Credit Card,2025-09-02,4,West,No,57.36,6.52,13.56,42,Male
O104468,C11644,P230541,Beauty,21.28,0.05,1,COD,2024-03-30,6,West,No,20.22,3.96,5.14,21,Female
O104469,C12800,P203447,Fashion,92.44,0.0,1,UPI,2024-01-19,4,North,No,92.44,7.2,25.15,62,Other
O104470,C14962,P246448,Electronics,310.35749999999996,0.0,1,PayPal,2024-05-13,4,West,No,392.75,10.14,83.88,48,Female
O104471,C15543,P205584,Home,79.34,0.3,1,Debit Card,2024-05-06,4,North,No,55.54,6.71,8.84,67,Male
O104472,C10141,P227156,Sports,52.82,0.15,1,PayPal,2024-12-30,4,West,No,44.9,6.63,6.84,64,Male
O104473,C15410,P236559,Home,194.43,0.0,1,UPI,2024-05-31,5,West,No,194.43,7.78,46.66,32,Male
O104474,C11455,P221465,Home,89.82,0.3,1,PayPal,2024-04-21,7,Central,No,62.87,7.5,10.1,64,Other
O104475,C16892,P242120,Home,21.81,0.0,4,Credit Card,2023-10-18,6,West,No,87.24,6.06,18.37,25,Male
O104476,C15971,P217217,Home,67.62,0.0,2,Credit Card,2024-12-09,6,South,No,135.24,7.23,30.64,45,Other
O104477,C15943,P247466,Fashion,86.3,0.05,2,COD,2024-12-26,5,East,No,163.97,6.64,50.75,65,Male
O104478,C15808,P210190,Beauty,33.05,0.05,1,Debit Card,2024-01-11,7,Central,No,31.4,4.95,9.18,19,Male
O104479,C16796,P205335,Electronics,310.35749999999996,0.1,1,PayPal,2024-05-09,7,East,No,392.75,8.57,66.56,22,Female
O104480,C14796,P206260,Toys,5.12,0.1,2,UPI,2023-12-30,4,South,No,9.22,2.94,0.75,21,Female
O104481,C15093,P225778,Electronics,140.87,0.05,1,Credit Card,2024-10-16,4,South,No,133.83,7.14,8.92,68,Female
O104482,C12096,P215605,Beauty,8.92,0.2,1,Credit Card,2023-12-24,5,Central,No,7.14,3.88,-0.67,38,Female
O104483,C11325,P218559,Home,310.35749999999996,0.05,2,PayPal,2024-05-27,5,South,No,392.75,10.33,83.88,37,Male
O104484,C14976,P242341,Toys,5.64,0.0,1,Wallet,2025-08-27,3,North,No,5.64,0.56,1.7,39,Male
O104485,C11213,P220557,Toys,19.92,0.05,1,COD,2023-12-03,7,East,No,18.92,4.61,2.96,42,Female
O104486,C11159,P235556,Fashion,54.27,0.1,1,Credit Card,2025-08-22,4,Central,No,48.84,5.43,11.66,27,Female
O104487,C14650,P243781,Sports,104.86,0.15,5,Credit Card,2024-11-18,6,East,No,392.75,9.63,83.88,20,Female
O104488,C14499,P245137,Fashion,62.85,0.0,1,COD,2024-01-31,5,North,No,62.85,6.18,15.82,59,Female
O104489,C14987,P224917,Electronics,264.99,0.0,4,COD,2024-08-28,5,East,No,392.75,11.71,83.88,63,Female
O104490,C17008,P225937,Grocery,2.15,0.0,4,Credit Card,2024-01-29,5,West,No,8.6,5.46,-4.77,43,Female
O104491,C14697,P231538,Electronics,310.35749999999996,0.15,1,Credit Card,2024-01-21,5,North,No,376.24,9.22,35.93,44,Female
O104492,C15926,P206721,Fashion,21.23,0.2,1,Credit Card,2025-03-29,4,South,Yes,16.98,4.7,1.24,32,Female
O104493,C10340,P220575,Electronics,75.64,0.0,1,PayPal,2024-09-15,3,Central,No,75.64,7.3,1.78,64,Male
O104494,C13828,P207312,Home,34.5,0.05,1,PayPal,2023-10-08,5,North,No,32.78,3.21,5.97,63,Female
O104495,C11968,P247680,Grocery,5.46,0.0,1,Debit Card,2024-10-20,5,East,No,5.46,0.0,0.44,41,Male
O104496,C10703,P204616,Fashion,32.85,0.05,2,UPI,2025-08-15,5,West,No,62.42,6.52,15.33,23,Male
O104497,C14413,P233763,Beauty,51.4,0.0,3,Credit Card,2024-09-26,4,Central,Yes,154.2,6.46,62.93,46,Female
O104498,C16761,P233124,Home,111.25,0.2,1,Credit Card,2024-02-03,4,North,No,89.0,7.1,17.82,67,Female
O104499,C15482,P224761,Fashion,36.4,0.0,1,COD,2025-08-28,3,North,No,36.4,5.78,6.96,22,Female
O104500,C17989,P201693,Beauty,8.2,0.1,1,UPI,2025-05-27,4,South,No,7.38,3.74,-0.42,28,Female
O104501,C12429,P202590,Beauty,81.41,0.0,1,UPI,2025-05-08,4,West,Yes,81.41,7.08,29.55,44,Male
O104502,C16376,P230870,Fashion,122.59,0.15,1,Credit Card,2025-08-31,5,South,No,104.2,7.37,29.1,46,Female
O104503,C11800,P209534,Toys,35.3,0.05,1,PayPal,2024-09-05,5,East,No,33.53,2.99,10.42,55,Female
O104504,C15463,P207921,Electronics,176.85,0.0,2,Credit Card,2025-05-04,6,South,No,353.7,8.01,34.43,23,Male
O104505,C15668,P201691,Electronics,310.35749999999996,0.0,1,COD,2025-05-23,5,South,No,318.02,9.66,28.5,18,Male
O104506,C14912,P242042,Grocery,7.48,0.1,1,Debit Card,2025-04-26,4,Central,No,6.73,3.3,-2.76,39,Female
O104507,C14648,P202904,Sports,60.71,0.0,1,Credit Card,2024-09-19,4,South,No,60.71,7.8,10.41,45,Female
O104508,C17696,P244155,Toys,3.47,0.1,1,Credit Card,2025-02-13,4,North,No,3.12,2.72,-1.47,61,Male
O104509,C10855,P244377,Beauty,6.7,0.05,3,Credit Card,2024-04-01,4,South,No,19.1,5.45,3.15,57,Male
O104510,C11812,P239705,Home,310.35749999999996,0.0,1,PayPal,2025-07-19,3,North,No,392.75,8.4,83.88,25,Female
O104511,C12866,P230956,Beauty,26.07,0.15,2,Debit Card,2024-09-18,4,North,No,44.32,6.03,13.91,27,Female
O104512,C13642,P218764,Electronics,52.06,0.0,1,UPI,2025-04-29,5,West,No,52.06,5.13,1.12,55,Male
O104513,C10182,P208208,Sports,172.88,0.15,1,Credit Card,2024-03-12,4,South,No,146.95,8.46,35.62,34,Male
O104514,C13112,P215783,Beauty,5.23,0.0,1,Debit Card,2025-04-02,4,North,No,5.23,4.78,-2.43,19,Male
O104515,C15670,P208515,Grocery,17.22,0.15,1,UPI,2023-10-26,6,East,No,14.64,5.9,-4.73,54,Male
O104516,C14492,P202070,Beauty,26.76,0.1,1,Debit Card,2023-09-24,4,South,No,24.08,4.61,6.23,35,Male
O104517,C15823,P217314,Electronics,71.13,0.05,3,Credit Card,2024-04-30,6,North,Yes,202.72,7.11,17.22,56,Male
O104518,C16922,P245514,Home,109.67,0.05,1,Debit Card,2024-06-25,5,East,No,104.19,6.57,22.6,37,Other
O104519,C11517,P213771,Electronics,65.79,0.05,1,Credit Card,2024-09-04,6,East,No,62.5,6.69,0.81,60,Male
O104520,C17826,P231240,Sports,16.54,0.1,4,Debit Card,2025-01-25,7,East,No,59.54,6.14,11.72,57,Female
O104521,C15002,P245612,Home,16.92,0.3,3,Credit Card,2024-10-14,6,West,No,35.53,3.88,6.07,25,Male
O104522,C11356,P217828,Home,48.84,0.0,1,Credit Card,2025-01-15,4,North,No,48.84,5.97,7.71,44,Female
O104523,C12174,P244996,Grocery,22.31,0.05,1,PayPal,2023-12-14,5,West,No,21.19,2.74,-1.04,53,Male
O104524,C13629,P224978,Grocery,6.93,0.0,1,Credit Card,2024-12-05,5,North,No,6.93,3.71,-3.16,28,Female
O104525,C13628,P220936,Grocery,14.43,0.0,1,Wallet,2025-03-26,5,North,No,14.43,4.99,-3.84,38,Female
O104526,C14096,P226082,Fashion,11.56,0.0,1,Wallet,2024-07-03,5,South,No,11.56,2.24,1.81,62,Female
O104527,C13239,P217905,Sports,275.6,0.0,1,Debit Card,2023-12-15,4,Central,No,275.6,7.77,74.91,29,Female
O104528,C13691,P203098,Grocery,10.24,0.05,1,Credit Card,2024-07-06,6,East,No,9.73,3.25,-2.47,62,Male
O104529,C10018,P227020,Beauty,3.61,0.0,2,Debit Card,2024-03-08,3,North,No,7.22,3.2,0.05,55,Male
O104530,C13403,P218952,Fashion,42.9,0.15,1,Debit Card,2024-01-10,5,East,No,36.46,7.42,5.34,25,Other
O104531,C14679,P210985,Toys,6.01,0.0,2,Credit Card,2024-02-07,4,Central,No,12.02,4.56,0.25,66,Female
O104532,C14551,P208283,Toys,6.29,0.1,2,UPI,2024-10-14,5,Central,No,11.32,3.41,1.12,50,Female
O104533,C13004,P246323,Sports,100.19,0.0,1,Credit Card,2023-11-22,5,East,No,100.19,7.74,22.32,60,Male
O104534,C16132,P237708,Fashion,17.62,0.1,1,Credit Card,2025-01-12,6,West,No,15.86,4.51,1.04,19,Female
O104535,C11132,P204762,Fashion,16.84,0.15,1,Debit Card,2024-06-13,5,West,No,14.31,4.24,0.77,34,Female
O104536,C13339,P234521,Beauty,22.08,0.0,1,Debit Card,2024-09-05,4,South,No,22.08,2.22,7.72,28,Female
O104537,C16588,P205054,Home,45.35,0.2,2,Debit Card,2025-04-07,6,East,No,72.56,5.96,14.36,69,Male
O104538,C13311,P213276,Sports,21.52,0.0,1,PayPal,2025-04-15,5,North,No,21.52,4.85,1.61,40,Female
O104539,C16048,P205781,Electronics,220.52,0.0,1,Credit Card,2024-06-23,6,South,Yes,220.52,8.62,17.84,21,Female
O104540,C13372,P216471,Electronics,67.35,0.0,1,COD,2023-10-26,5,South,No,67.35,6.63,1.45,51,Female
O104541,C16745,P218025,Home,310.35749999999996,0.1,1,Debit Card,2024-11-08,3,Central,No,288.34,8.2,72.54,58,Male
O104542,C16246,P235730,Fashion,34.53,0.0,1,Credit Card,2024-04-20,5,South,No,34.53,4.4,7.69,42,Female
O104543,C10987,P205413,Beauty,3.32,0.0,1,Credit Card,2023-10-26,5,East,No,3.32,3.23,-1.74,59,Female
O104544,C13321,P207420,Home,43.5,0.0,1,Credit Card,2023-12-19,7,South,No,43.5,4.48,7.7,32,Male
O104545,C17620,P241510,Sports,310.35749999999996,0.15,1,COD,2025-08-10,5,South,No,273.1,8.76,73.17,41,Other
O104546,C14615,P243406,Toys,15.49,0.05,3,Debit Card,2025-04-05,4,Central,No,44.15,4.86,12.8,23,Female
O104547,C17320,P239678,Fashion,26.86,0.0,2,UPI,2024-10-05,4,North,Yes,53.72,5.38,13.42,44,Female
O104548,C14954,P226527,Grocery,5.98,0.15,2,COD,2024-07-06,5,Central,No,10.17,3.6,-2.79,62,Male
O104549,C10173,P243250,Toys,12.61,0.05,1,Debit Card,2025-05-03,3,North,No,11.98,4.05,0.74,36,Other
O104550,C15462,P212029,Beauty,8.83,0.1,4,Credit Card,2024-09-07,5,South,No,31.79,5.75,8.56,44,Male
O104551,C13741,P241583,Grocery,19.21,0.0,1,Credit Card,2025-01-17,4,South,No,19.21,4.72,-3.18,63,Female
O104552,C13052,P236525,Fashion,39.9,0.1,1,Credit Card,2025-05-17,3,Central,No,35.91,5.54,7.03,61,Male
O104553,C16574,P237564,Home,193.29,0.05,2,Debit Card,2024-12-02,5,West,No,367.25,8.45,83.88,42,Female
O104554,C10726,P236060,Electronics,145.4,0.1,1,Credit Card,2024-09-15,6,East,No,130.86,7.07,8.63,34,Male
O104555,C13760,P203832,Home,10.19,0.0,4,Credit Card,2024-01-01,7,North,No,40.76,4.55,6.86,43,Female
O104556,C15806,P202611,Home,310.35749999999996,0.0,1,Debit Card,2023-11-17,3,Central,No,392.75,8.52,83.88,55,Male
O104557,C11875,P208353,Beauty,20.58,0.0,1,COD,2025-04-08,3,North,No,20.58,4.04,5.22,43,Female
O104558,C16993,P243042,Electronics,77.01,0.0,1,PayPal,2023-11-10,3,North,No,77.01,7.54,1.7,51,Male
O104559,C15777,P227589,Electronics,85.6,0.15,1,Debit Card,2024-11-06,6,East,No,72.76,5.79,2.94,49,Male
O104560,C14033,P240996,Home,85.1,0.05,1,PayPal,2024-04-22,6,South,No,80.84,5.12,17.52,60,Male
O104561,C15443,P225421,Fashion,63.43,0.1,2,Credit Card,2023-12-20,7,East,No,114.17,8.13,31.83,53,Male
O104562,C10989,P211068,Sports,59.68,0.05,1,COD,2024-11-12,4,North,No,56.7,6.59,10.42,34,Male
O104563,C13744,P203346,Sports,178.71,0.0,2,Debit Card,2024-03-20,4,North,No,357.42,9.97,83.88,51,Male
O104564,C12686,P236822,Fashion,24.62,0.1,1,Debit Card,2024-05-28,5,East,No,22.16,4.63,3.13,56,Female
O104565,C10419,P248760,Electronics,65.17,0.0,3,Debit Card,2025-01-25,6,East,No,195.51,7.74,15.72,25,Female
O104566,C10593,P204200,Fashion,5.41,0.05,1,Debit Card,2025-05-07,4,North,No,5.14,3.15,-1.35,31,Male
O104567,C16628,P247259,Sports,202.94,0.05,1,COD,2025-02-27,7,East,No,192.79,7.64,50.2,61,Male
O104568,C17826,P208527,Grocery,55.83,0.0,1,Credit Card,2024-08-26,4,West,No,55.83,7.29,-2.82,46,Female
O104569,C11774,P247013,Fashion,12.01,0.0,1,Debit Card,2023-12-22,5,South,No,12.01,2.27,1.93,60,Male
O104570,C12459,P210535,Toys,3.26,0.0,1,UPI,2024-07-08,3,North,No,3.26,2.55,-1.25,58,Male
O104571,C10935,P217944,Toys,50.34,0.0,1,Credit Card,2025-07-15,6,South,No,50.34,5.53,14.61,50,Female
O104572,C15203,P240290,Electronics,84.52,0.0,1,PayPal,2025-04-21,4,North,No,84.52,7.09,3.05,40,Female
O104573,C15232,P245941,Grocery,4.41,0.0,3,Credit Card,2024-06-29,3,Central,No,13.23,4.23,-3.17,66,Male
O104574,C13808,P204164,Home,223.0,0.0,1,UPI,2025-08-31,4,West,No,223.0,9.03,53.41,65,Male
O104575,C10331,P230022,Grocery,82.72,0.2,3,Debit Card,2025-01-26,3,North,No,198.53,9.37,6.51,46,Male
O104576,C13449,P212438,Beauty,19.31,0.0,1,Credit Card,2024-12-04,6,Central,No,19.31,5.75,2.94,35,Female
O104577,C17922,P223104,Fashion,16.64,0.2,1,Wallet,2024-08-16,8,East,No,13.31,5.05,-0.39,46,Female
O104578,C12702,P204852,Grocery,25.78,0.1,1,Credit Card,2024-09-11,5,South,No,23.2,4.18,-2.32,35,Female
O104579,C16184,P206713,Fashion,29.65,0.0,4,Debit Card,2024-09-08,6,East,No,118.6,7.26,34.25,42,Female
O104580,C14006,P203183,Grocery,5.19,0.2,1,Credit Card,2023-09-24,5,West,No,4.15,3.46,-3.13,22,Female
O104581,C15889,P231354,Electronics,269.1,0.0,1,UPI,2023-12-27,5,West,No,269.1,8.54,23.75,65,Male
O104582,C15054,P208032,Sports,200.43,0.0,2,Credit Card,2025-06-27,4,South,No,392.75,7.19,83.88,26,Male
O104583,C13868,P214275,Home,44.93,0.0,1,Debit Card,2025-01-24,4,South,No,44.93,4.63,7.95,44,Male
O104584,C14200,P218793,Grocery,8.26,0.0,1,Credit Card,2023-11-06,3,Central,No,8.26,3.1,-2.44,45,Male
O104585,C10201,P237066,Fashion,33.88,0.0,1,Credit Card,2024-07-15,4,North,No,33.88,6.82,5.04,43,Male
O104586,C12497,P218918,Home,245.47,0.1,1,Credit Card,2025-07-14,3,Central,No,220.92,7.67,54.19,38,Male
O104587,C11842,P205599,Beauty,30.61,0.0,1,PayPal,2025-06-23,4,North,No,30.61,5.38,8.39,30,Male
O104588,C11866,P232771,Grocery,20.97,0.0,2,Wallet,2024-05-02,3,North,No,41.94,5.28,-1.92,40,Female
O104589,C11996,P213440,Fashion,63.12,0.0,1,Credit Card,2023-10-09,5,South,No,63.12,5.83,16.26,46,Female
O104590,C15385,P211289,Home,128.26,0.05,2,COD,2025-02-28,6,East,No,243.69,7.3,60.93,57,Male
O104591,C10909,P243808,Home,28.7,0.0,1,UPI,2025-06-21,4,North,No,28.7,4.76,3.28,53,Male
O104592,C14305,P246032,Fashion,92.98,0.0,1,Debit Card,2024-03-26,5,East,No,92.98,6.68,25.86,65,Female
O104593,C14658,P249178,Toys,20.38,0.0,1,Debit Card,2025-04-05,6,South,No,20.38,3.26,4.89,23,Female
O104594,C13189,P205161,Electronics,310.35749999999996,0.0,1,Wallet,2024-05-31,6,East,No,392.75,8.97,44.14,39,Female
O104595,C16856,P200964,Sports,158.33,0.15,1,Debit Card,2024-10-10,4,Central,No,134.58,7.9,32.47,66,Female
O104596,C17544,P215942,Beauty,12.15,0.05,5,PayPal,2025-07-25,5,East,No,57.71,5.79,20.18,48,Female
O104597,C17718,P249223,Fashion,33.27,0.1,1,COD,2025-05-11,6,North,No,29.94,4.33,6.15,45,Male
O104598,C15659,P238369,Home,112.61,0.0,1,Debit Card,2025-04-28,3,North,No,112.61,6.64,24.89,29,Male
O104599,C10770,P214184,Toys,10.26,0.0,1,UPI,2024-09-17,3,Central,No,10.26,4.27,-0.17,56,Male
O104600,C13155,P202947,Home,49.39,0.0,1,Debit Card,2025-04-30,6,East,No,49.39,5.54,8.29,22,Female
O104601,C12501,P243275,Electronics,310.35749999999996,0.2,1,Wallet,2024-08-05,4,West,Yes,392.75,7.79,43.81,42,Male
O104602,C12714,P244857,Electronics,310.35749999999996,0.0,1,COD,2024-08-21,5,East,No,392.75,11.15,49.5,46,Male
O104603,C14724,P206238,Toys,37.06,0.0,2,COD,2024-10-01,4,South,No,74.12,8.82,20.83,54,Male
O104604,C13585,P213156,Fashion,63.66,0.0,1,PayPal,2025-07-07,6,West,No,63.66,6.24,16.04,43,Female
O104605,C11628,P202411,Grocery,5.92,0.1,1,UPI,2023-10-24,3,Central,No,5.33,2.54,-2.11,52,Female
O104606,C15797,P215674,Beauty,12.7,0.0,1,PayPal,2025-04-19,6,East,No,12.7,3.28,2.44,40,Female
O104607,C10386,P208308,Home,108.79,0.05,1,UPI,2024-12-05,4,West,No,103.35,6.06,22.88,43,Male
O104608,C16031,P243171,Beauty,47.23,0.0,4,Wallet,2025-02-15,6,East,No,188.92,8.01,77.0,49,Male
O104609,C13421,P202924,Home,65.97,0.0,1,Credit Card,2024-05-08,5,South,Yes,65.97,5.99,12.48,22,Male
O104610,C16439,P235605,Grocery,20.12,0.0,1,Debit Card,2024-09-12,6,North,No,20.12,4.54,-2.93,36,Male
O104611,C16401,P200576,Home,58.04,0.0,1,Debit Card,2024-08-30,6,West,No,58.04,6.54,9.71,44,Female
O104612,C15200,P214641,Electronics,184.32,0.0,1,Wallet,2024-05-25,5,East,No,184.32,7.76,14.36,50,Male
O104613,C14008,P208963,Beauty,37.2,0.0,2,COD,2024-09-08,4,North,No,74.4,5.55,27.93,31,Female
O104614,C14093,P224291,Beauty,30.81,0.15,1,Credit Card,2024-04-11,6,Central,No,26.19,6.09,5.7,56,Male
O104615,C14363,P241159,Toys,6.59,0.0,1,Credit Card,2023-09-21,4,Central,No,6.59,1.43,1.21,32,Male
O104616,C12466,P232728,Grocery,24.1,0.15,1,Credit Card,2025-08-14,7,West,No,20.48,6.36,-4.72,56,Female
O104617,C12282,P241139,Home,212.15,0.1,1,COD,2025-09-02,7,South,No,190.94,7.69,45.77,50,Female
O104618,C11856,P218789,Fashion,83.5,0.1,1,COD,2025-09-05,6,Central,No,75.15,4.61,21.69,55,Male
O104619,C17478,P239651,Home,93.68,0.1,5,Credit Card,2025-08-14,6,West,No,392.75,10.07,83.88,21,Male
O104620,C17980,P227899,Grocery,6.25,0.05,4,Credit Card,2025-06-20,7,East,No,23.75,6.3,-4.4,58,Male
O104621,C11998,P215658,Grocery,25.96,0.0,1,PayPal,2025-09-09,3,North,No,25.96,5.11,-3.03,31,Male
O104622,C17129,P238907,Grocery,12.68,0.1,1,Debit Card,2023-11-13,7,West,No,11.41,2.88,-1.97,33,Female
O104623,C15476,P214184,Fashion,136.44,0.0,4,UPI,2024-03-10,3,North,No,392.75,8.73,83.88,33,Male
O104624,C11236,P231747,Home,48.55,0.0,1,UPI,2023-12-03,4,North,No,48.55,5.21,8.38,22,Male
O104625,C14669,P212965,Fashion,187.62,0.1,1,Credit Card,2025-04-18,6,East,No,168.86,9.45,49.65,23,Male
O104626,C14144,P210493,Home,72.78,0.05,4,UPI,2024-10-21,6,South,No,276.56,7.54,69.9,55,Male
O104627,C11150,P226178,Electronics,207.71,0.0,2,UPI,2025-04-25,6,West,No,392.75,8.92,40.93,53,Male
O104628,C14318,P233887,Electronics,138.69,0.15,1,Credit Card,2023-12-19,4,South,No,117.89,8.66,5.49,58,Male
O104629,C17064,P202214,Home,310.35749999999996,0.0,2,COD,2025-08-16,5,East,No,392.75,10.68,83.88,59,Female
O104630,C17446,P208000,Home,15.34,0.0,1,UPI,2024-08-21,3,Central,No,15.34,3.98,0.32,18,Female
O104631,C11431,P208065,Fashion,36.53,0.0,1,Wallet,2023-11-06,5,West,Yes,36.53,5.83,6.96,52,Female
O104632,C15624,P242871,Fashion,27.37,0.2,1,PayPal,2024-11-16,4,West,Yes,21.9,4.06,3.6,32,Female
O104633,C17461,P201085,Sports,27.06,0.0,3,Credit Card,2025-03-05,3,North,No,81.18,7.35,17.0,27,Male
O104634,C11819,P249325,Fashion,66.42,0.0,1,UPI,2024-12-13,3,North,No,66.42,5.9,17.35,50,Other
O104635,C12324,P246332,Sports,234.78,0.0,3,Credit Card,2023-11-28,3,North,No,392.75,7.51,83.88,31,Male
O104636,C15557,P203532,Home,46.75,0.0,1,Credit Card,2024-09-01,5,South,No,46.75,5.93,7.16,52,Female
O104637,C11130,P217622,Toys,15.54,0.0,2,UPI,2024-09-23,7,South,No,31.08,3.7,8.73,69,Male
O104638,C15777,P204834,Electronics,310.35749999999996,0.0,2,Credit Card,2023-09-13,6,Central,No,392.75,7.87,71.46,19,Male
O104639,C16563,P220197,Electronics,210.91,0.1,1,Debit Card,2023-11-04,4,West,No,189.82,8.48,14.3,50,Female
O104640,C12658,P212008,Sports,260.27,0.0,1,PayPal,2023-09-13,7,South,No,260.27,7.83,70.25,46,Male
O104641,C13500,P212962,Grocery,9.15,0.05,3,PayPal,2025-03-08,6,South,No,26.08,4.63,-2.54,60,Male
O104642,C10374,P247229,Electronics,310.35749999999996,0.05,2,Credit Card,2023-09-13,7,East,Yes,392.75,9.94,83.88,19,Female
O104643,C12120,P247356,Electronics,163.7,0.0,1,Credit Card,2024-05-08,7,East,No,163.7,6.73,12.91,61,Female
O104644,C14020,P208012,Grocery,2.0,0.05,1,Credit Card,2025-08-22,7,East,No,1.9,0.0,0.15,22,Male
O104645,C12021,P220166,Electronics,310.35749999999996,0.0,4,COD,2024-07-06,5,East,No,392.75,10.41,83.88,26,Male
O104646,C13705,P218628,Fashion,90.23,0.0,1,Credit Card,2024-11-03,3,North,Yes,90.23,6.55,25.03,53,Female
O104647,C15149,P209849,Grocery,7.47,0.0,2,Wallet,2025-08-24,6,East,No,14.94,3.04,-1.84,63,Female
O104648,C13259,P241372,Toys,6.03,0.0,1,COD,2025-09-01,4,South,No,6.03,4.55,-2.14,43,Male
O104649,C13435,P213767,Fashion,70.9,0.0,3,COD,2025-08-14,6,East,No,212.7,7.21,67.24,60,Female
O104650,C11889,P215111,Grocery,5.16,0.0,2,Credit Card,2023-12-11,4,South,No,10.32,2.35,-1.52,55,Female
O104651,C11823,P239989,Beauty,38.98,0.05,1,Credit Card,2024-12-19,3,North,No,37.03,5.8,10.86,49,Other
O104652,C11474,P240582,Electronics,148.88,0.05,2,COD,2023-11-26,7,East,No,282.87,7.44,26.5,46,Female
O104653,C12242,P244370,Sports,90.13,0.15,1,Debit Card,2024-03-21,5,South,No,76.61,8.32,14.66,63,Female
O104654,C15275,P245052,Beauty,56.57,0.0,1,COD,2025-04-02,4,West,No,56.57,5.3,20.16,37,Female
O104655,C13243,P248278,Beauty,8.61,0.15,1,PayPal,2024-01-15,5,North,No,7.32,2.85,0.44,68,Female
O104656,C16990,P233891,Grocery,23.63,0.05,1,UPI,2024-04-01,5,North,No,22.45,5.38,-3.58,60,Female
O104657,C15160,P245289,Electronics,150.25,0.05,1,Credit Card,2024-02-07,6,East,No,142.74,7.07,10.06,48,Female
O104658,C13134,P221565,Sports,116.28,0.3,4,PayPal,2024-12-30,4,South,No,325.58,7.93,83.88,68,Male
O104659,C12070,P235011,Home,46.78,0.0,1,Credit Card,2024-06-11,4,North,No,46.78,5.86,7.24,59,Male
O104660,C10359,P202589,Fashion,10.98,0.1,1,PayPal,2024-08-17,5,East,No,9.88,3.98,-0.52,50,Other
O104661,C17242,P242738,Sports,117.25,0.05,1,Credit Card,2024-12-30,3,North,No,111.39,4.94,28.48,29,Male
O104662,C16703,P247398,Sports,98.85,0.0,1,Debit Card,2024-03-16,4,Central,No,98.85,6.75,22.9,18,Male
O104663,C16815,P244482,Toys,12.09,0.1,1,PayPal,2024-09-28,5,East,Yes,10.88,3.55,0.8,19,Female
O104664,C12041,P209749,Toys,2.73,0.0,1,Credit Card,2024-03-05,6,East,No,2.73,0.88,0.21,20,Male
O104665,C17992,P222683,Beauty,18.8,0.0,1,Debit Card,2024-12-09,7,East,No,18.8,2.28,6.18,47,Other
O104666,C11141,P204501,Fashion,12.92,0.05,1,Wallet,2025-07-10,4,North,No,12.27,2.25,2.04,18,Male
O104667,C11635,P223423,Beauty,13.91,0.0,1,UPI,2025-08-31,3,North,No,13.91,3.98,2.28,60,Female
O104668,C15499,P219157,Fashion,48.38,0.0,1,COD,2024-11-26,4,South,No,48.38,5.69,11.24,66,Female
O104669,C14000,P219169,Fashion,142.8,0.1,3,Credit Card,2024-07-17,7,West,No,385.56,10.32,83.88,24,Female
O104670,C11943,P223324,Beauty,20.54,0.0,1,Debit Card,2025-07-25,6,Central,No,20.54,4.33,4.91,36,Female
O104671,C14774,P201706,Sports,31.3,0.0,1,Debit Card,2023-09-20,3,North,No,31.3,5.95,3.44,29,Male
O104672,C13361,P228219,Beauty,74.61,0.0,1,Credit Card,2023-11-15,8,East,No,74.61,5.63,27.94,67,Female
O104673,C16583,P241334,Grocery,1.35,0.0,1,Credit Card,2025-08-17,6,East,No,1.35,0.6,-0.49,37,Female
O104674,C17835,P201612,Fashion,55.62,0.0,1,Debit Card,2024-08-17,4,Central,No,55.62,6.32,13.15,30,Female
O104675,C12980,P216838,Home,50.07,0.0,1,PayPal,2025-07-01,5,South,No,50.07,4.95,9.07,34,Female
O104676,C10006,P237065,Sports,149.32,0.0,2,Debit Card,2024-03-15,3,Central,No,298.64,8.28,81.31,57,Female
O104677,C13267,P230427,Beauty,12.86,0.0,1,Debit Card,2025-05-24,4,South,No,12.86,4.5,1.29,68,Female
O104678,C16564,P215546,Electronics,231.97,0.0,4,PayPal,2025-01-23,5,Central,No,392.75,8.86,83.88,56,Female
O104679,C11591,P248735,Fashion,77.35,0.0,1,Credit Card,2025-04-05,8,Central,No,77.35,5.75,21.32,40,Female
O104680,C14928,P209045,Fashion,117.15,0.1,1,Debit Card,2024-10-11,3,Central,No,105.44,8.32,28.58,59,Female
O104681,C13264,P225299,Toys,5.96,0.0,1,Debit Card,2024-04-09,7,Central,No,5.96,3.89,-1.51,35,Male
O104682,C12606,P201391,Toys,8.91,0.0,1,Debit Card,2024-08-04,4,Central,No,8.91,4.45,-0.89,67,Female
O104683,C13219,P243347,Fashion,5.21,0.05,1,Credit Card,2025-07-04,4,West,No,4.95,3.4,-1.67,47,Male
O104684,C15906,P241221,Electronics,310.35749999999996,0.1,1,COD,2023-11-15,7,East,No,392.75,8.37,65.19,43,Female
O104685,C17836,P240776,Fashion,149.54,0.0,1,Debit Card,2024-05-24,5,South,No,149.54,6.0,46.34,57,Male
O104686,C13273,P232667,Electronics,156.51,0.1,5,Wallet,2024-07-31,3,Central,No,392.75,8.5,76.02,33,Female
O104687,C17611,P215948,Fashion,28.87,0.0,1,Credit Card,2025-02-28,5,Central,Yes,28.87,6.58,3.52,64,Female
O104688,C10913,P225118,Fashion,32.55,0.1,1,Credit Card,2025-03-26,3,North,No,29.3,5.95,4.3,34,Male
O104689,C12011,P238193,Home,79.42,0.1,2,Credit Card,2024-07-13,7,East,No,142.96,7.3,32.73,23,Female
O104690,C11442,P214157,Fashion,29.54,0.05,3,Wallet,2024-06-22,4,North,No,84.19,6.65,22.82,31,Male
O104691,C15546,P217021,Beauty,18.83,0.0,5,Credit Card,2024-06-30,3,North,No,94.15,4.5,37.87,25,Male
O104692,C13054,P208356,Fashion,13.21,0.0,2,Debit Card,2024-05-01,4,North,No,26.42,5.84,3.41,46,Male
O104693,C15598,P235573,Toys,3.17,0.1,1,Debit Card,2024-06-05,3,North,No,2.85,1.91,-0.77,31,Female
O104694,C13546,P248215,Grocery,17.93,0.0,2,Debit Card,2025-07-30,3,Central,No,35.86,3.54,-0.67,54,Female
O104695,C14221,P201223,Home,256.81,0.1,1,UPI,2024-11-25,5,West,No,231.13,8.41,56.31,44,Female
O104696,C16538,P236110,Electronics,310.35749999999996,0.0,2,PayPal,2023-09-22,6,South,No,392.75,11.3,83.88,22,Female
O104697,C14912,P224626,Fashion,53.44,0.1,1,Credit Card,2024-01-07,3,Central,No,48.1,6.03,10.8,21,Female
O104698,C12928,P249640,Electronics,310.35749999999996,0.15,1,Credit Card,2025-01-04,6,East,No,392.75,11.74,83.88,38,Female
O104699,C11829,P230917,Fashion,5.08,0.0,1,Credit Card,2023-12-29,5,South,No,5.08,3.34,-1.56,67,Female
O104700,C10575,P221526,Sports,47.86,0.1,1,Wallet,2024-04-16,7,South,No,43.07,5.78,7.14,48,Female
O104701,C16468,P208856,Home,58.86,0.0,1,COD,2024-07-22,7,East,Yes,58.86,6.07,10.41,33,Female
O104702,C15511,P238829,Fashion,26.16,0.1,1,Credit Card,2023-12-22,4,North,No,23.54,6.98,1.26,57,Male
O104703,C10929,P213532,Toys,33.65,0.05,2,COD,2025-08-06,7,South,No,63.93,5.79,19.78,62,Male
O104704,C13759,P220745,Electronics,190.75,0.0,1,Wallet,2024-03-09,6,South,No,190.75,6.87,16.02,20,Male
O104705,C13699,P220336,Fashion,41.82,0.0,1,UPI,2025-04-26,4,South,No,41.82,5.98,8.66,27,Female
O104706,C11463,P230796,Sports,103.59,0.1,1,UPI,2024-10-17,4,West,Yes,93.23,7.14,20.83,62,Female
O104707,C13275,P227167,Fashion,96.78,0.0,1,Debit Card,2025-05-30,6,North,No,96.78,7.37,26.5,19,Male
O104708,C17653,P200880,Sports,104.08,0.05,1,Credit Card,2025-02-12,3,Central,No,98.88,5.79,23.87,19,Female
O104709,C14928,P216818,Grocery,7.32,0.1,3,Credit Card,2024-08-27,4,Central,No,19.76,2.95,-1.37,68,Female
O104710,C11054,P238892,Toys,25.34,0.0,2,Credit Card,2024-02-04,5,West,Yes,50.68,7.53,12.74,44,Male
O104711,C17555,P224488,Electronics,285.53,0.0,1,COD,2024-05-18,4,North,No,285.53,9.81,24.45,44,Female
O104712,C15744,P237952,Beauty,21.41,0.0,4,Debit Card,2024-04-09,4,West,No,85.64,6.65,31.89,62,Male
O104713,C11900,P218368,Home,63.75,0.0,1,Credit Card,2024-12-13,4,South,No,63.75,6.74,11.11,52,Male
O104714,C11457,P229028,Grocery,1.02,0.2,1,UPI,2025-06-27,4,West,No,0.82,0.22,-0.15,54,Female
O104715,C16980,P213223,Grocery,6.79,0.05,4,Debit Card,2023-09-18,3,North,No,25.8,4.9,-2.84,36,Other
O104716,C17069,P231395,Electronics,167.18,0.0,1,Credit Card,2025-05-20,8,South,No,167.18,8.17,11.89,36,Female
O104717,C11399,P230261,Grocery,2.39,0.15,1,UPI,2023-12-11,5,East,No,2.03,1.81,-1.65,59,Male
O104718,C13415,P209984,Fashion,15.89,0.0,1,COD,2024-08-07,5,North,No,15.89,5.02,0.54,35,Female
O104719,C10442,P202798,Fashion,199.58,0.15,4,Wallet,2024-05-06,3,Central,No,392.75,9.69,83.88,28,Male
O104720,C13650,P207603,Fashion,21.14,0.0,1,PayPal,2023-11-16,5,West,Yes,21.14,6.14,1.26,47,Female
O104721,C16218,P246051,Fashion,40.9,0.0,1,Credit Card,2024-03-13,3,North,No,40.9,4.23,10.08,31,Female
O104722,C14652,P211704,Toys,17.67,0.0,1,Debit Card,2025-01-05,5,South,No,17.67,3.83,3.24,36,Female
O104723,C17939,P246088,Fashion,45.37,0.0,1,UPI,2023-12-15,7,East,Yes,45.37,5.07,10.81,59,Female
O104724,C17833,P234261,Toys,2.95,0.05,3,UPI,2024-09-07,4,West,No,8.41,3.93,-0.57,57,Male
O104725,C11178,P215707,Grocery,20.43,0.05,1,Debit Card,2024-10-24,5,South,No,19.41,3.35,-1.8,36,Female
O104726,C17597,P218009,Toys,27.78,0.05,2,COD,2023-10-07,6,Central,No,52.78,5.09,16.02,36,Female
O104727,C16133,P218231,Fashion,190.88,0.15,1,COD,2024-04-07,4,West,No,162.25,8.48,48.31,35,Male
O104728,C14458,P203246,Sports,30.08,0.0,1,Credit Card,2025-02-01,4,South,No,30.08,4.33,4.69,21,Female
O104729,C16591,P229825,Beauty,22.77,0.05,1,Credit Card,2023-12-09,5,West,No,21.63,3.21,6.52,22,Female
O104730,C11257,P215925,Toys,34.03,0.0,1,Debit Card,2024-11-14,5,South,Yes,34.03,6.09,7.52,20,Female
O104731,C13634,P201316,Electronics,93.15,0.15,1,Credit Card,2025-01-14,5,West,No,79.18,5.82,3.68,42,Female
O104732,C11841,P218334,Beauty,41.19,0.2,1,Debit Card,2024-08-25,5,East,No,32.95,6.61,8.22,19,Male
O104733,C12309,P231072,Toys,8.19,0.0,1,Debit Card,2025-01-07,4,North,No,8.19,3.56,-0.28,59,Female
O104734,C15946,P249375,Toys,8.48,0.1,1,Debit Card,2024-02-08,5,South,No,7.63,2.61,0.44,65,Male
O104735,C16268,P202026,Grocery,39.33,0.0,2,Debit Card,2024-04-15,6,East,No,78.66,6.37,-0.08,28,Female
O104736,C10910,P201547,Electronics,172.43,0.05,2,Debit Card,2024-08-30,5,South,Yes,327.62,8.63,30.68,53,Female
O104737,C14340,P215289,Fashion,48.15,0.0,2,Debit Card,2025-03-21,3,North,No,96.3,7.49,26.21,59,Male
O104738,C14637,P236546,Home,86.36,0.15,4,PayPal,2025-08-05,4,Central,No,293.62,6.17,76.04,58,Female
O104739,C14009,P248886,Fashion,9.0,0.05,1,COD,2023-09-12,5,Central,No,8.55,2.9,0.09,62,Male
O104740,C16628,P239279,Fashion,152.77,0.2,1,PayPal,2024-03-21,4,West,No,122.22,8.47,34.31,69,Female
O104741,C12169,P222169,Electronics,128.15,0.1,3,Credit Card,2024-04-24,3,North,No,346.01,8.98,32.54,55,Male
O104742,C12172,P240525,Toys,8.13,0.0,1,COD,2024-01-14,8,West,No,8.13,4.12,-0.87,26,Female
O104743,C15668,P220107,Grocery,7.24,0.0,1,PayPal,2024-07-09,4,Central,No,7.24,5.29,-4.71,65,Female
O104744,C16313,P234291,Electronics,274.32,0.0,1,Wallet,2024-12-30,5,Central,No,274.32,7.41,25.51,56,Female
O104745,C10123,P227279,Electronics,100.64,0.1,2,PayPal,2025-03-27,4,South,No,181.15,9.08,12.66,54,Male
O104746,C17202,P218356,Fashion,53.88,0.05,2,Credit Card,2024-04-07,7,South,No,102.37,6.8,29.03,25,Female
O104747,C13158,P245488,Home,105.19,0.0,1,Credit Card,2024-03-12,5,East,No,105.19,7.14,22.31,50,Female
O104748,C16789,P230043,Toys,9.1,0.05,1,Debit Card,2024-10-07,6,East,No,8.64,3.36,0.1,58,Female
O104749,C15827,P246342,Electronics,310.35749999999996,0.05,3,Credit Card,2023-10-30,6,East,No,392.75,12.01,83.88,68,Female
O104750,C10785,P229966,Beauty,20.68,0.1,3,Debit Card,2024-03-11,4,Central,Yes,55.84,6.72,18.41,52,Female
O104751,C16139,P212795,Electronics,310.35749999999996,0.0,1,UPI,2025-02-23,5,West,No,392.75,7.21,70.43,46,Female
O104752,C16344,P217000,Grocery,26.46,0.05,1,Debit Card,2024-03-28,4,South,No,25.14,2.87,-0.86,32,Female
O104753,C12416,P220899,Grocery,52.58,0.2,1,Debit Card,2024-05-18,5,West,No,42.06,6.14,-2.78,39,Female
O104754,C10796,P221575,Grocery,1.92,0.0,1,Debit Card,2024-06-04,6,East,No,1.92,0.41,-0.26,19,Other
O104755,C14172,P222158,Electronics,218.84,0.0,1,Debit Card,2023-09-30,4,North,No,218.84,8.89,17.37,33,Male
O104756,C14154,P248630,Home,101.66,0.05,1,Debit Card,2023-12-13,5,Central,No,96.58,7.68,19.36,48,Male
O104757,C16574,P219005,Electronics,136.56,0.0,1,Credit Card,2024-02-20,4,North,No,136.56,7.12,9.27,41,Female
O104758,C16781,P245201,Beauty,65.51,0.0,1,Wallet,2025-07-16,7,East,No,65.51,8.03,21.45,50,Other
O104759,C15619,P218477,Fashion,9.54,0.05,4,Debit Card,2024-06-13,9,East,No,36.25,3.78,8.91,40,Female
O104760,C11936,P219560,Toys,13.0,0.0,2,PayPal,2024-09-16,8,West,No,26.0,4.12,6.28,55,Male
O104761,C12156,P225708,Sports,30.14,0.0,1,PayPal,2025-01-15,4,South,No,30.14,3.35,5.69,18,Female
O104762,C13807,P240252,Beauty,31.08,0.05,2,Debit Card,2023-12-12,3,North,No,59.05,5.52,21.05,25,Male
O104763,C17151,P245176,Toys,26.01,0.0,1,Credit Card,2025-06-20,5,West,No,26.01,4.87,5.53,48,Female
O104764,C11301,P219954,Home,281.2,0.0,1,Debit Card,2024-02-25,5,Central,No,281.2,9.03,69.71,26,Female
O104765,C14163,P230635,Fashion,30.86,0.0,2,Debit Card,2025-02-14,6,East,No,61.72,5.13,16.47,69,Female
O104766,C13140,P218530,Beauty,39.56,0.0,2,Debit Card,2025-02-26,4,Central,No,79.12,4.45,31.15,25,Male
O104767,C13236,P200705,Grocery,11.5,0.0,1,COD,2024-11-08,6,South,No,11.5,4.55,-3.63,22,Female
O104768,C17656,P246293,Beauty,43.98,0.05,1,Debit Card,2025-08-27,5,West,No,41.78,6.09,12.71,53,Male
O104769,C12352,P236580,Beauty,5.19,0.1,1,UPI,2024-12-23,4,South,No,4.67,3.46,-1.36,42,Female
O104770,C11932,P227046,Grocery,9.2,0.0,1,UPI,2024-02-09,6,East,No,9.2,3.69,-2.95,26,Female
O104771,C12721,P244420,Home,31.49,0.0,1,Credit Card,2023-10-19,4,North,No,31.49,4.16,4.66,60,Female
O104772,C10364,P220152,Grocery,21.57,0.2,1,PayPal,2025-04-09,5,West,No,17.26,4.62,-3.24,26,Female
O104773,C14916,P231855,Electronics,103.84,0.1,5,Debit Card,2025-03-10,6,South,No,392.75,9.23,46.84,35,Female
O104774,C15498,P202319,Beauty,3.2,0.0,1,UPI,2024-07-15,3,Central,No,3.2,1.83,-0.39,60,Female
O104775,C12390,P208163,Fashion,135.41,0.0,3,Debit Card,2023-12-21,6,West,No,392.75,8.67,83.88,24,Male
O104776,C10946,P221605,Home,97.27,0.0,3,Credit Card,2024-07-01,5,West,No,291.81,10.49,71.22,35,Female
O104777,C17042,P200209,Electronics,310.35749999999996,0.15,3,Debit Card,2024-09-04,5,West,No,392.75,12.37,83.88,66,Female
O104778,C15673,P204834,Fashion,34.66,0.2,1,Debit Card,2023-10-06,4,North,No,27.73,5.08,4.63,47,Male
O104779,C11377,P231512,Fashion,48.93,0.0,4,UPI,2023-09-21,3,North,No,195.72,7.48,61.02,51,Male
O104780,C11439,P212446,Fashion,72.03,0.0,1,Debit Card,2025-03-31,5,South,No,72.03,5.55,19.66,33,Male
O104781,C13180,P203962,Electronics,157.12,0.0,1,Debit Card,2024-09-20,4,South,No,157.12,8.27,10.58,68,Female
O104782,C17730,P213028,Toys,4.8,0.0,1,Credit Card,2025-08-15,3,North,No,4.8,2.52,-0.6,24,Male
O104783,C14857,P221903,Fashion,58.21,0.2,1,UPI,2024-08-09,4,North,No,46.57,6.2,10.1,19,Other
O104784,C17664,P211717,Home,104.11,0.0,2,Credit Card,2024-03-07,4,Central,No,208.22,6.31,51.99,22,Female
O104785,C10340,P237562,Electronics,310.35749999999996,0.0,1,PayPal,2025-08-05,3,North,No,392.75,9.88,64.5,34,Male
O104786,C12989,P230545,Electronics,64.99,0.0,1,Credit Card,2024-01-24,5,South,No,64.99,7.4,0.4,50,Male
O104787,C10382,P248997,Grocery,11.36,0.05,1,Credit Card,2024-06-07,5,East,No,10.79,3.48,-2.62,33,Male
O104788,C15099,P235212,Toys,6.04,0.0,2,Credit Card,2023-10-06,7,East,No,12.08,6.6,-1.77,36,Male
O104789,C11556,P243543,Toys,20.89,0.0,1,Debit Card,2023-10-18,6,South,No,20.89,5.35,3.01,21,Female
O104790,C10299,P241100,Home,198.15,0.2,2,Debit Card,2023-10-25,5,East,No,317.04,9.69,79.08,47,Male
O104791,C10138,P235375,Electronics,149.18,0.0,1,Debit Card,2025-07-04,6,East,No,149.18,7.99,9.91,24,Other
O104792,C10358,P220320,Electronics,263.65,0.0,1,Credit Card,2024-04-29,5,East,No,263.65,9.59,22.05,43,Other
O104793,C14931,P219301,Beauty,16.35,0.0,1,Credit Card,2025-01-04,6,South,No,16.35,4.54,2.82,64,Male
O104794,C11522,P218181,Toys,29.65,0.05,3,Debit Card,2024-07-21,3,North,No,84.5,4.84,28.96,40,Other
O104795,C13456,P209168,Grocery,13.06,0.05,2,Debit Card,2024-03-14,3,Central,No,24.81,5.18,-3.2,66,Female
O104796,C11627,P202573,Fashion,11.32,0.0,3,Credit Card,2025-06-13,3,Central,No,33.96,6.06,5.83,31,Male
O104797,C16078,P218973,Fashion,189.93,0.0,1,Credit Card,2024-02-29,6,Central,No,189.93,7.44,59.04,48,Male
O104798,C11303,P236051,Electronics,310.35749999999996,0.0,1,PayPal,2024-10-11,3,North,No,392.75,9.01,83.88,67,Female
O104799,C17804,P242759,Toys,19.0,0.1,1,Credit Card,2024-01-08,4,Central,No,17.1,6.4,0.44,44,Male
O104800,C16626,P220801,Fashion,78.88,0.0,2,Debit Card,2024-12-10,5,Central,No,157.76,7.2,48.02,54,Female
O104801,C15004,P228644,Home,12.66,0.0,1,Debit Card,2024-02-07,3,Central,No,12.66,4.0,-0.46,33,Female
O104802,C11134,P227523,Grocery,3.96,0.05,1,COD,2024-02-14,4,North,No,3.76,4.03,-3.73,46,Female
O104803,C17009,P233481,Sports,153.61,0.0,1,UPI,2024-10-08,6,South,No,153.61,8.49,37.59,43,Female
O104804,C12186,P218807,Electronics,86.48,0.1,3,Credit Card,2023-10-28,7,East,No,233.5,8.67,19.35,32,Male
O104805,C15091,P201890,Electronics,64.19,0.0,1,Credit Card,2024-11-07,6,South,No,64.19,5.93,1.77,61,Female
O104806,C16578,P219951,Toys,20.81,0.1,1,PayPal,2023-11-20,6,East,No,18.73,4.24,3.25,18,Female
O104807,C16652,P205375,Beauty,3.85,0.3,1,Credit Card,2023-10-12,3,North,No,2.7,1.37,-0.16,59,Female
O104808,C16416,P231305,Sports,29.89,0.0,5,Credit Card,2024-05-22,4,South,No,149.45,6.82,38.01,35,Female
O104809,C13170,P215579,Electronics,77.09,0.0,1,Debit Card,2025-08-03,4,North,No,77.09,6.97,2.28,53,Male
O104810,C13835,P209870,Toys,17.03,0.1,1,Wallet,2024-12-16,5,North,No,15.33,5.47,0.66,53,Other
O104811,C12151,P218531,Toys,24.22,0.0,1,Debit Card,2023-11-30,6,Central,No,24.22,5.05,4.64,69,Male
O104812,C11237,P209109,Grocery,3.67,0.0,2,UPI,2024-03-17,4,West,No,7.34,4.79,-4.2,53,Female
O104813,C15880,P226842,Fashion,36.1,0.0,3,Credit Card,2024-01-29,5,Central,No,108.3,6.9,31.0,41,Male
O104814,C13735,P210716,Fashion,6.0,0.0,1,PayPal,2024-01-28,4,West,No,6.0,2.73,-0.63,51,Male
O104815,C16905,P218190,Electronics,149.91,0.0,3,Debit Card,2025-07-12,5,West,No,392.75,9.49,44.48,54,Male
O104816,C12834,P248585,Grocery,3.61,0.0,1,COD,2025-06-17,6,West,No,3.61,2.6,-2.31,68,Female
O104817,C14260,P236819,Electronics,108.98,0.0,1,PayPal,2024-06-26,5,East,No,108.98,7.18,5.9,33,Male
O104818,C10998,P232433,Electronics,132.85,0.0,1,Credit Card,2025-07-31,5,West,No,132.85,8.41,7.53,19,Other
O104819,C12567,P241519,Fashion,85.46,0.0,1,Credit Card,2024-03-08,6,East,No,85.46,7.11,22.8,44,Other
O104820,C11307,P225204,Toys,60.82,0.0,2,Credit Card,2024-10-13,5,South,No,121.64,7.54,41.12,59,Female
O104821,C16660,P246408,Grocery,17.12,0.1,3,Credit Card,2024-03-17,4,Central,No,46.22,4.7,-1.0,38,Male
O104822,C10656,P242871,Toys,3.47,0.0,2,PayPal,2024-12-05,4,North,No,6.94,3.88,-1.1,50,Male
O104823,C12660,P236530,Beauty,27.24,0.0,1,Credit Card,2023-09-22,6,East,No,27.24,4.52,7.74,45,Female
O104824,C12211,P244511,Grocery,18.44,0.0,1,Debit Card,2024-04-07,6,East,No,18.44,3.53,-2.05,41,Male
O104825,C11909,P226384,Electronics,88.28,0.0,1,COD,2025-02-18,4,West,No,88.28,4.84,5.75,56,Male
O104826,C13730,P210087,Toys,8.86,0.0,1,Credit Card,2025-08-22,3,Central,No,8.86,3.72,-0.18,42,Male
O104827,C12046,P212122,Home,83.64,0.0,1,Credit Card,2024-01-02,4,West,No,83.64,5.42,18.0,48,Female
O104828,C16207,P230898,Home,58.99,0.3,1,Wallet,2023-10-02,3,North,No,41.29,3.79,7.77,68,Female
O104829,C13162,P215841,Electronics,287.4,0.05,5,COD,2025-03-11,5,East,No,392.75,11.84,83.88,42,Male
O104830,C11140,P225582,Electronics,95.6,0.0,1,PayPal,2024-08-22,7,East,No,95.6,6.3,5.17,25,Female
O104831,C15985,P210042,Fashion,33.93,0.0,1,Credit Card,2024-11-02,7,North,No,33.93,5.89,5.99,43,Female
O104832,C10266,P226505,Electronics,310.35749999999996,0.05,1,COD,2025-04-05,7,East,No,392.75,8.25,46.41,45,Other
O104833,C11845,P223294,Home,91.36,0.0,2,Wallet,2024-05-03,5,West,No,182.72,7.08,44.08,28,Male
O104834,C11708,P206173,Electronics,126.79,0.15,1,UPI,2024-05-27,4,South,No,107.77,8.03,4.9,21,Male
O104835,C13630,P218516,Electronics,310.35749999999996,0.05,2,Credit Card,2024-05-25,4,North,No,392.75,8.72,83.88,23,Male
O104836,C13211,P206932,Toys,11.86,0.0,3,Wallet,2025-04-03,5,North,Yes,35.58,4.93,9.3,66,Female
O104837,C12293,P217909,Grocery,8.29,0.0,1,Credit Card,2024-05-10,3,North,No,8.29,3.92,-3.26,30,Female
O104838,C13732,P230241,Grocery,6.83,0.05,1,UPI,2024-03-09,3,Central,Yes,6.49,4.12,-3.6,67,Female
O104839,C13829,P216712,Sports,43.64,0.0,1,Debit Card,2025-04-26,6,East,No,43.64,3.61,9.48,37,Male
O104840,C16538,P202657,Toys,20.12,0.0,1,Debit Card,2024-02-01,8,South,No,20.12,5.64,2.41,48,Male
O104841,C11510,P229105,Toys,6.09,0.05,2,COD,2024-06-02,4,West,No,11.57,3.12,1.51,39,Male
O104842,C10475,P241547,Sports,154.19,0.0,1,Debit Card,2024-11-25,5,East,No,154.19,8.84,37.42,47,Female
O104843,C17684,P230382,Fashion,37.31,0.0,1,Credit Card,2024-03-01,8,East,No,37.31,3.88,9.18,69,Male
O104844,C10976,P222356,Electronics,310.35749999999996,0.0,1,Credit Card,2024-07-03,5,South,Yes,392.75,9.7,80.17,54,Male
O104845,C11207,P219589,Fashion,142.43,0.05,1,Credit Card,2024-02-02,5,West,No,135.31,8.6,38.76,44,Male
O104846,C15139,P239601,Toys,11.5,0.2,3,Debit Card,2024-11-08,7,East,No,27.6,5.98,5.06,66,Male
O104847,C11960,P223916,Sports,27.01,0.0,1,Credit Card,2023-10-08,4,Central,No,27.01,5.41,2.69,32,Female
O104848,C10557,P240675,Home,102.66,0.0,4,Credit Card,2024-10-13,4,South,No,392.75,8.45,83.88,20,Male
O104849,C15113,P234366,Electronics,152.48,0.3,2,Credit Card,2024-10-28,7,West,No,213.47,6.37,19.25,55,Male
O109253,C10512,P211452,Toys,3.91,0.0,1,PayPal,2024-06-22,5,Central,No,3.91,2.13,-0.57,45,Male
